1	./.DS_Store
2	./.bundle/config
3	./.dockerignore
4	./.git/COMMIT_EDITMSG
5	./.git/FETCH_HEAD
6	./.git/HEAD
7	./.git/ORIG_HEAD
8	./.git/config
9	./.git/cursor/crepe/1ab7bbf97549a3ef3f9ba41edbcdf3caaa8a3d1b/index.bin
10	./.git/cursor/crepe/1ab7bbf97549a3ef3f9ba41edbcdf3caaa8a3d1b/metadata.json
11	./.git/cursor/crepe/1ab7bbf97549a3ef3f9ba41edbcdf3caaa8a3d1b/postings.bin
12	./.git/description
13	./.git/hooks/applypatch-msg.sample
14	./.git/hooks/commit-msg.sample
15	./.git/hooks/fsmonitor-watchman.sample
16	./.git/hooks/post-update.sample
17	./.git/hooks/pre-applypatch.sample
18	./.git/hooks/pre-commit.sample
19	./.git/hooks/pre-merge-commit.sample
20	./.git/hooks/pre-push.sample
21	./.git/hooks/pre-rebase.sample
22	./.git/hooks/pre-receive.sample
23	./.git/hooks/prepare-commit-msg.sample
24	./.git/hooks/push-to-checkout.sample
25	./.git/hooks/sendemail-validate.sample
26	./.git/hooks/update.sample
27	./.git/index
28	./.git/info/exclude
29	./.git/logs/HEAD
30	./.git/logs/refs/heads/main
31	./.git/logs/refs/remotes/origin/HEAD
32	./.git/logs/refs/remotes/origin/dependabot/bundler/kamal-2.11.0
33	./.git/logs/refs/remotes/origin/dependabot/bundler/rails-8.1.2.1
34	./.git/logs/refs/remotes/origin/dependabot/bundler/rails-8.1.3
35	./.git/logs/refs/remotes/origin/dependabot/bundler/solid_queue-1.4.0
36	./.git/logs/refs/remotes/origin/dependabot/bundler/thruster-0.1.19
37	./.git/logs/refs/remotes/origin/dependabot/bundler/thruster-0.1.20
38	./.git/logs/refs/remotes/origin/dependabot/github_actions/actions/cache-5
39	./.git/logs/refs/remotes/origin/dependabot/github_actions/actions/upload-artifact-7
40	./.git/logs/refs/remotes/origin/main
41	./.git/logs/refs/stash
42	./.git/objects/00/050045bafc74fe43da3eef64a75ab8e637b1eb
43	./.git/objects/00/9fb938cfbf34ce78321624254aff2f5fa05536
44	./.git/objects/00/be93d1bdf3d626971eaafc8c6551602d4ae390
45	./.git/objects/00/cd963f0386e89ab4dcd82244d53f4fc3078e4c
46	./.git/objects/00/d70959eadcfec7f7d3d267b87776d4bf00b7bf
47	./.git/objects/00/dd897ff60a8561178e5501197beeba38c16091
48	./.git/objects/01/2b81a65238ec11a9dfb421150f5abf0a373511
49	./.git/objects/01/87d60aa7bba298b237c69ce83b1794040e4f83
50	./.git/objects/01/94ec2ea0b0cf80e7b7f507f7cf04ef92896a08
51	./.git/objects/02/007d5ff571e65cd84909d113799bf4f1f4b507
52	./.git/objects/02/07478b311c2d41d366b0f0143c0b79033fd7cc
53	./.git/objects/02/1c8ede59eb1b0d157411c84b9c01326e6dbc1f
54	./.git/objects/02/418f392fca722763742e90e8440cc7a64cf120
55	./.git/objects/02/4590aa4503ea44c86ad8d1fd5fca32ac3ee48d
56	./.git/objects/02/7053aa0fdf707c10b80253783e884998707312
57	./.git/objects/02/f82dfd28b6d8eb19e40c4c7454cd0d92963969
58	./.git/objects/03/fc658c339ce7ad6a067cc219a50446a2133b69
59	./.git/objects/04/5aaaac8e73790eef1d5b94115c18183932ef3d
60	./.git/objects/04/7643453427ba2e8dee715087c5e314a14d5302
61	./.git/objects/04/a0dc3a1a27fe797766de954aac8f0023b34ac1
62	./.git/objects/04/da7ef7cc5ff8c044b8fc6bb792d7667968c63e
63	./.git/objects/05/3e7607caaa3c0ff1ce85b2d9925f8269afd80b
64	./.git/objects/05/8f37db90ddf522956be8a6adae80e5d8cd52e4
65	./.git/objects/05/a718c3fae0492aaebb69d49843b7b2e2128d74
66	./.git/objects/05/b687ae2409e82769a52e67c4b2e88820c0d461
67	./.git/objects/05/c5cf7c3f986d011f3c4d81138350f6c823e029
68	./.git/objects/05/cf72c0fcc46257ddbc5820b6551d36213664d1
69	./.git/objects/06/00ded3d747cbdeda523e1c8e6b8a023ade7978
70	./.git/objects/06/79055b58e87b71d0be7942f3ccfa0f7f44381d
71	./.git/objects/06/796ad3a8fb918ba1de73abbb10ca2c320c0070
72	./.git/objects/06/903fe17a6f6d9c6d443065443844da243246ed
73	./.git/objects/06/a05af260dd25764747cf39cf74df2f370d46b2
74	./.git/objects/06/e95399f7bb299589a32ddf78a2d2318f2de1e7
75	./.git/objects/06/ea368474937ab5cd4b15529f73f73d289f8455
76	./.git/objects/06/f96e14abd362c4c177756c1c911cbcd687aa43
77	./.git/objects/07/0ab0f452c33aa7febe9fcf2e9591449627589e
78	./.git/objects/07/8062b582e6f32962ba7a94630ad1e5378b50f4
79	./.git/objects/07/b537472d876e20fbe6dbeaa52528d87a243018
80	./.git/objects/07/c97362ec5480611580ba08df620eda5f48bfe4
81	./.git/objects/07/dab3abe98abf1dad7a37fc007cc5a8d7b74471
82	./.git/objects/07/df25e80bd5a15a5463a95dd79d90dfb08e8ee4
83	./.git/objects/08/2734273428415d55a410a01bd7a33222caf2e3
84	./.git/objects/08/2e9f433bfac9dd236b061b7e04e22526a5c416
85	./.git/objects/08/3bf9c8ce1e55df2cf5a00c75f09f1e6bd49c58
86	./.git/objects/08/50d8479ac38d37a995ed808336912a29528429
87	./.git/objects/08/6ce68b47f1fe1ed79d4c530d4221f451e15d81
88	./.git/objects/08/935c0224780073d9f2e58217bd219975051a65
89	./.git/objects/08/9f4da0f2c10fe5ebda71a41e1c30d5c8205d4c
90	./.git/objects/08/b1f28d7a4195159b62749dff7595255eb9484f
91	./.git/objects/08/f84ce12ebac0ea670b9266ef57a77ad480b547
92	./.git/objects/08/fa085a9ee7dac19a7574cb23ae8b6b6ba5484f
93	./.git/objects/08/fc004dc33647fdd67cda35dbc456258dfc7786
94	./.git/objects/09/0b37ff49c963c70989189c183cfec0b9858fd2
95	./.git/objects/09/6d7b31bcdc36a67352a3c479c4622b59546675
96	./.git/objects/09/a9d4dca88abd302a0b87bdd7b0fb178965b468
97	./.git/objects/09/b480beebca106c7b4ccdef428516e00ee05c5f
98	./.git/objects/09/c95bc845661fa46ac3855cc8e206dc0db8e86f
99	./.git/objects/09/fbce09fb1432f74ba77b6e555428f988adf956
100	./.git/objects/0a/4b27e0cf7a26e9a0e59875b7faf483c2cfa796
101	./.git/objects/0a/537a178ae8210baa2a0ce4f98016b9f2c9c510
102	./.git/objects/0a/86e078801cd7da5d4d41ade0ebb3546c6b06bb
103	./.git/objects/0a/9928cd3c4b596fe9fb9afd3003a1613a0fda12
104	./.git/objects/0a/9e64c24f7d9e24ae4015aede852fa3d430f5b6
105	./.git/objects/0a/b3210eb775d7a3bb3005ba60edb8a9b6554280
106	./.git/objects/0a/ba9f67d9ca4dcb8630fd95c8c324c4d660a54a
107	./.git/objects/0a/c092b07fb590e2114c3923c42a0b410c0057a6
108	./.git/objects/0a/e3d9a7793db510b3a14356ddabb1cdcc958965
109	./.git/objects/0a/eb090385373566c66907e23382775f3c357796
110	./.git/objects/0a/f010e4b9821f1e03f26c7836f71f28b3d0cebc
111	./.git/objects/0b/037e1b85bb3023a67d78f521c45e4b50aa6ad0
112	./.git/objects/0b/0460007a5ccad64c348f2b420befc01fb0a25e
113	./.git/objects/0b/33b652699da59ef0687c07964c99fc4a5dc59a
114	./.git/objects/0b/3e56f0aae9557ee3e4eb0fbb4599435ebe0e6c
115	./.git/objects/0b/4fbd2715792624df45e2bd374843db2c148f3d
116	./.git/objects/0b/5a7ede609f13d26a5eeb43bf0eb6d7c61be5f1
117	./.git/objects/0b/70192b02ae663ffe330fcd842078e7e1975691
118	./.git/objects/0b/7baaeb18f7295a1b24a7f251e3ec36a4c6e7be
119	./.git/objects/0b/913eea8466819f866b2a0c01be9355fe872ca4
120	./.git/objects/0b/ac99a787991fc071b1a178f834ce82bce972cf
121	./.git/objects/0b/adfc1bfe1d581ddb1d389508ea0b0c9a7d268b
122	./.git/objects/0b/bdd3edc7b51404588bb75d8084abfb941aa658
123	./.git/objects/0b/e974061b0e376e02af34c5162257487f05d1af
124	./.git/objects/0c/4cc7084eaa97457d5bce3546f6e6ff2ccb2d66
125	./.git/objects/0c/b3b521e67217a2be49da17a961a512163f5789
126	./.git/objects/0d/196717f8fa3c282953f4e72bddfa999f16c185
127	./.git/objects/0d/284281f00d0b14579e15760765025d22ac0209
128	./.git/objects/0d/40560fb9221f39b51649817c25fcb82885bdf3
129	./.git/objects/0d/58b0b279161a9fb75487839991f5bb5bd1140b
130	./.git/objects/0d/65e7f51ac8555f550775a21033992c13760a58
131	./.git/objects/0d/666b796c8885b9a2bf5cbcb0cb1804189b4870
132	./.git/objects/0d/a32c4f3c43aa3c85c60b5698b8ca524e77e4db
133	./.git/objects/0d/ce4bf18ad5b94aa5ebfcf035cbebfd0cf35d28
134	./.git/objects/0d/efd66c6b9992136b8c82a0b2cecfade3ff0726
135	./.git/objects/0e/07d4ae588db86aac3e54c86b5ba8213a33e6f5
136	./.git/objects/0e/7c881e3d56143c2392fea535f2e9f851d287c6
137	./.git/objects/0e/f08e60c819e3b6f9f9ac09bc4854bcf48530bd
138	./.git/objects/0f/1635008079e295f986a7b3e3eb7b4dc372428a
139	./.git/objects/0f/192b678a6b8327ebc5d655810813b3d30b0383
140	./.git/objects/0f/521cb78e26e2f49594d84b10b9d1b1e36ecba1
141	./.git/objects/0f/b62065fce115c28dd753f326879270b97898ed
142	./.git/objects/0f/d7c9c6f3543024ff8fd0847ff04c2f5807a3cc
143	./.git/objects/0f/da20e447376a47c7fb7490cd1eecf4bb499044
144	./.git/objects/10/08500c76f971ec21c773f7d8fec3b1b157fa28
145	./.git/objects/10/224caef244e112f3c497c08f2ecc766ee24a07
146	./.git/objects/10/2a58af2b88161fc3a3022210cf034b331d2d4e
147	./.git/objects/10/2f9118ddf806c23d28c71e235b023fbaf2211b
148	./.git/objects/10/46933da5811e6c94bfe0de73b63ac3e7a96427
149	./.git/objects/10/51f59541e1d8a95f07cf1013ae7b5ff653af50
150	./.git/objects/10/5509d2a3640a24759855e88eeec56594297b92
151	./.git/objects/10/6150b793527f5a5e8a9979984fd88c70180507
152	./.git/objects/10/9918df62298a2b162ab9980bffdaa1232ce9cf
153	./.git/objects/10/a676e9beb3e9dc0e74d361136d4d5a579d6b45
154	./.git/objects/10/bf594bb9bb801ca68ff30265e92fcb78d1c184
155	./.git/objects/10/d78c52b68c38c19811342ccdb2fa1667f5f195
156	./.git/objects/11/115ed84eb075b5cb091cbdf358b6db36d4f6bd
157	./.git/objects/11/58c6d5cb01678621f1994ae638fda9361d7813
158	./.git/objects/11/75184e059a9afcdb9a4cc93ed073398f61e26f
159	./.git/objects/11/e4b22d34c5acd4617cadf4641811bddc24985b
160	./.git/objects/11/f19e7c70ae8be6998fc7718fde77947f8d7dcd
161	./.git/objects/12/2bf00d1856f4d698518174f7ea4fd6a67b5fd7
162	./.git/objects/12/3b4b8c53493b9f83ee155c39aa157e880f40e5
163	./.git/objects/12/426503b66a20ed67af59762921d1ff28cd50d4
164	./.git/objects/12/7f4da6c1ec7f5f2c584d790eb7c24a73af69b3
165	./.git/objects/12/832b78f0d3ee86381f3aad61b83f5ac7cf9d7f
166	./.git/objects/12/ab7c4d3d160cabe410c4a1af6a69ccb8b608db
167	./.git/objects/12/f73953513991ae1e1440007d1cd5fbe41cd197
168	./.git/objects/13/18411ffecd98e6edd52ddffd438194662c242c
169	./.git/objects/13/577664b0a64aebd097d121170487fcf7a67c80
170	./.git/objects/13/7bc2bd3d0692eb8724fdf3d2c1c295b6f3c56d
171	./.git/objects/13/9f0449e39a9546e4bb4efaf252cdbc1f2ffc05
172	./.git/objects/13/e1d462396c75485efe486099b3840d241bf2d6
173	./.git/objects/13/ff311c95b3ae09c4e27524c841edcec8dd410c
174	./.git/objects/14/173e22d7f93b38bc0cec52f4549fef6be6a604
175	./.git/objects/14/5a63ae4a9d1634c44724c5cf3edcf9546acce6
176	./.git/objects/14/6f696300792d69b11522b237a851b19a58787e
177	./.git/objects/14/e94134601b3d9036bd978a512d9b844ced6ccc
178	./.git/objects/14/e94384132deb261b0e9923f3296db68c653220
179	./.git/objects/14/e9af7c3124639a58ed68638af9d17951fad21b
180	./.git/objects/14/f3b209321998caa9ea05cb52cd63cbfa16bc14
181	./.git/objects/15/0a397570478459aca8e4434ce02ef151fa7306
182	./.git/objects/15/1f62a50f5286fddf722dc79059774ec6be1cf4
183	./.git/objects/15/4b4558ea30e0471e26f5965d75705c40883f75
184	./.git/objects/15/6196c6a81f689a769f0462fc6887f31a088ef7
185	./.git/objects/15/fd8887965cc1af2efc82649609324ee43bdcd5
186	./.git/objects/16/1399ce5646cacd29c069da9fc893b648eda430
187	./.git/objects/16/55302077f63eb7df2a2a48db1ca1492909ff06
188	./.git/objects/16/7de6b86bdc0c02fcc7a5f83c3fc60c5b8e0e1b
189	./.git/objects/16/84881943e8ecb0a262d30ad0948cd38f661017
190	./.git/objects/17/163ae7c0d5838e8622d2dbb31af2d69be53c48
191	./.git/objects/17/6328f4d7254f04d6a8dc5ab098dd9f63ebdb2e
192	./.git/objects/17/7d07e4c463dfed8b3d2c46066e377057dae279
193	./.git/objects/17/a4db6574af2a7d8f85285a3492acf1c9a3bc40
194	./.git/objects/17/eb338d7e856f95e36267e0c64a6a896ff9d593
195	./.git/objects/18/0c5784c3ef6983efea4f03690215566a11c3da
196	./.git/objects/18/112b80db7cb13ea6eeeb9b6d99df1323415526
197	./.git/objects/18/1471e6db3dd46e4f10be185c4eb76cf904f623
198	./.git/objects/18/446e5c62eee39afe6b57827692334a6270809e
199	./.git/objects/18/71103bb24a1200eae3601a15a5fbe189009368
200	./.git/objects/18/a69c32cf7a1c86f8926ff9e0f42c31faded308
201	./.git/objects/18/b8eaf677a20c50e1f1dfc2f07c09b46d4bcd50
202	./.git/objects/18/d5221d8f4b2b67a602c80d2190590417890b9c
203	./.git/objects/18/ea363603dacd331dcc749448828644216d611f
204	./.git/objects/19/642dfb4395b7d1a0eb5b66746f047dbc40a940
205	./.git/objects/19/65198ba52c9b3ff9344a45c75232d312f347f0
206	./.git/objects/19/67295ad897019ffa633a7c45bb98bf213c8d16
207	./.git/objects/19/6852a8a599f17e6f3fed1cae87fada54a37f5a
208	./.git/objects/19/d8ecc21a9dda229c3ee58d5e8e2937a68d3c35
209	./.git/objects/19/f9b8cbaaed8a544ade7096b1e236a195eeab21
210	./.git/objects/1a/b7bbf97549a3ef3f9ba41edbcdf3caaa8a3d1b
211	./.git/objects/1b/00e9899909a057e02d86025635e7abe8a4c357
212	./.git/objects/1b/169e77686e68b12fa2893765d935d80346103a
213	./.git/objects/1b/41c93caf7aaf35345650e47321bcd7ad2f7a4c
214	./.git/objects/1b/48a754b70fa737f88b39ec653b539fe1f7e85f
215	./.git/objects/1b/b9903f490cd73df88390c652ccea9422bc1663
216	./.git/objects/1b/d691d806c5ace62fcdbcbda3f02aa1b4d0a711
217	./.git/objects/1b/d8fd393515b1c520e041e3c6b7b946b1f3a074
218	./.git/objects/1c/2b21bf668fd405d79e202aeff01a841daaa49b
219	./.git/objects/1c/3065be8f803a9ed708d4f680a340c655092836
220	./.git/objects/1c/3d5acabb84d6e23a7230814e36823147d8e23e
221	./.git/objects/1c/52e860a07c37e0646570121def46ffa24411be
222	./.git/objects/1c/85cb80456fc9384a89244c727e98dcb473703c
223	./.git/objects/1c/d76bc2057329154bc6c5c42e1752941d80be21
224	./.git/objects/1c/eb2ee170e1bc99b9d5e3431842a41fffe86dd3
225	./.git/objects/1d/0b74d99fed9f6f151ca1a259311d22fe76386a
226	./.git/objects/1d/accb6ac0efea738ba0a67b5bea53a3aa64c984
227	./.git/objects/1e/4610c11b4797ded9b0a7806ba37f7bf7f31825
228	./.git/objects/1e/6c3d2da84c0d5df6bb138956a9829d0d484425
229	./.git/objects/1e/8c8cc7827d1072aa1aae83b20e3c20c65859a3
230	./.git/objects/1e/d9182671ef056fb62f5629a9d1c40d3a17028b
231	./.git/objects/1f/12790839906572ae4cf6f25dd69bbeca789f9a
232	./.git/objects/1f/176fb307f16892c99f0490f9391ed334dba4c5
233	./.git/objects/1f/455f18ddaab43f018edb70d17acb0d2c46f369
234	./.git/objects/1f/491200207e5d75b3bc48ac04d976e61b9b708e
235	./.git/objects/1f/a78f1cfda115062ca928b6217c2e87545800c0
236	./.git/objects/1f/ac1888b1eac5f0863d9cf761976d63cd3d17f2
237	./.git/objects/1f/f5e460c2fda86370ce6b82fbfda3ba232c6b3e
238	./.git/objects/1f/f7e6acf2a43d2d983d98837a0a446c5add244f
239	./.git/objects/20/2fb5bc5edc0f316be7a88a2558bdb7404fbeab
240	./.git/objects/20/422b15399fc482df53d8cbe3637ef6955c53a5
241	./.git/objects/20/6b068932f3e11d0b51e3fbc19c823ec7dc2b99
242	./.git/objects/20/d22d8ab2cddad8c41e7c6970d954683dbf322c
243	./.git/objects/21/5b802585f027d75f9d1191e0b30a4963f22855
244	./.git/objects/21/e963aca69a4aad6f64fda3afb23a7d623c2c9c
245	./.git/objects/22/3ab1fa456888bc0b9d76c75da16e5b107dc16c
246	./.git/objects/22/717127ad4e732606e267b4818e69fd97270897
247	./.git/objects/22/8fc3f59fdde61639adc884c954b6688feeed01
248	./.git/objects/22/8ff46b0ce5a198d668c25f4daaacc2b4d13963
249	./.git/objects/22/e87a62caba9d6ef918d7abc8857238f624b00d
250	./.git/objects/23/1d5371d5706fef7671f56cddd684fda210c87e
251	./.git/objects/23/69e5ab1527488fcfa752766235178c57ac7f00
252	./.git/objects/23/8f75a845cbad5b8ead96c42bc6d522c3fb5ff3
253	./.git/objects/23/96ddbd5d61618062bb7b313aae8d3a36aeeb02
254	./.git/objects/23/a22def18fa0bc5aed2295e74e7e9b220502cea
255	./.git/objects/23/a70c4aef94471ed124dde3a752fee258e6ae7d
256	./.git/objects/23/ab0038952ed151a051f512ad7b8360d7d3ac23
257	./.git/objects/23/ae013b26efefb0eaaca7de701cbacf9c5d8145
258	./.git/objects/23/c104fdba79dfd8af2dfbd04cbb6e217adc8646
259	./.git/objects/23/edccabc315627deaac1aec298d042eac860367
260	./.git/objects/24/73450145413b7b46d72cc6c5733738fe3d38d8
261	./.git/objects/24/ab7db6186fbc96f4244f78971c4d441fe92440
262	./.git/objects/25/2726e16e7d7a7da3ff6c0ca38d65c8c25cdfd0
263	./.git/objects/25/4d034050f286b0ad25e6d62dc16694af694e7a
264	./.git/objects/25/548bfa97821daaee7368513aef3260767a7795
265	./.git/objects/25/94c2ba968c37550bbe328d89d891f97d646a51
266	./.git/objects/25/9d55cac7bdbd42f6d072bbcaf08cda42c226a0
267	./.git/objects/25/ad332b8d2d7f2b12bb2cbaf3cd36af4c1b3a2f
268	./.git/objects/25/ca0a9ab9afd46078cef1211bda48b5e0d8a20f
269	./.git/objects/25/efa0889f03bc138539d0f6c8273020b4e8dc5a
270	./.git/objects/25/f416bef5597b2021be7b011062b12dbec3cc82
271	./.git/objects/25/f6aa2855a94c25eacae75afdf92257fa2b7e79
272	./.git/objects/25/f8a8e08994d5e4bf9142ec66376df8ca63460f
273	./.git/objects/25/feaa783b9a83fdb2a42bfa01e1f03f25cc779c
274	./.git/objects/26/050a7a0aaeaad766665037cf74ed65f28c9057
275	./.git/objects/26/796fcb25c92d1be7abbc3ab929eb7d179a5f61
276	./.git/objects/26/c3fa367c8def6e1252e80b561225c86c67ee2f
277	./.git/objects/26/e6bfcf8e5e65c95a85d1d2d9aa2c14bc9275df
278	./.git/objects/26/f26bf44a990f2e68b6e80a9a417a7fb538dc7d
279	./.git/objects/27/0e35eab90d5ea6e00dae6f7816979c7da1f4dc
280	./.git/objects/27/25a385f875ecbc1278e36af6c5f08f98a02bd3
281	./.git/objects/27/9e2863b53ac8a87c14c1b8a1eb287bca96469f
282	./.git/objects/27/adab5050b31d8f91cd6e014d81d929aecd0105
283	./.git/objects/27/c2f295db1a5ebbf8a6252b6fce409e747dba78
284	./.git/objects/28/3823e6908dc225f93403e94d5ab839ff232f34
285	./.git/objects/28/3ace2b5323327c52186a1a71088b27f109c321
286	./.git/objects/28/4c6c103d8338287c2902d14310b275fefd4044
287	./.git/objects/28/50ee6b7343ef72ec5ced32458babdfa118ecf5
288	./.git/objects/28/5c4a0d92fbc03a6abc5aaa0be93a02a77372db
289	./.git/objects/28/962c34b4add02cbd5e6744336bb2369d4c30da
290	./.git/objects/28/ad9ffb6bcff4ae16df9f747a393c2c77f40c90
291	./.git/objects/28/e80c0ea1c85f81774368832c2600d5b2fe0a3e
292	./.git/objects/29/3562223054ea24d69b3a3ba784afd2bfa7e057
293	./.git/objects/29/7a234fb5f0cbff80380964f5c0d9c4a1bfb61b
294	./.git/objects/29/891c8cc9ddc41221eface1620f85049911bb5f
295	./.git/objects/29/8e1d44f6d27c4ccbcc1cd737164cf9556e257f
296	./.git/objects/29/a840376cc309724524e1f5b3a4d7c13c909498
297	./.git/objects/29/c277c22005f9946647614c503cc9074e37ecb4
298	./.git/objects/2a/1e18fb6744b4f491fb0aa9f0110d4cac8076a6
299	./.git/objects/2a/2b82e4ed108552d69ffaf35d339ce77cc3d04e
300	./.git/objects/2a/4b73a1be392990c971fb5bfd04eba8f533b3d2
301	./.git/objects/2a/5bf9ecf2ed216923b22f2f35894d700cee597a
302	./.git/objects/2a/7f5b3efc8f9ad903f7ded90df10a1a9ce65039
303	./.git/objects/2a/b3cd87913949f6c112abad51f03aadfb8afd80
304	./.git/objects/2b/109a46a6f0b832857e8eb792b31be99a5787fa
305	./.git/objects/2b/189faf02e3b0a0dade7d05be672b10ed5be1bb
306	./.git/objects/2b/227c78f7bfb22aafb2fb2c3567f04bb8b1d6e3
307	./.git/objects/2b/4941bcf4135a0d47f9e77f10967576a505c4f8
308	./.git/objects/2b/736479892f202f1c2468e74f5198d38348039c
309	./.git/objects/2b/a85343b6182e5be81f7a1324627c590080b592
310	./.git/objects/2b/d0eb3875527e3dc34cafc896b98af12557545b
311	./.git/objects/2b/d2c1895a18afe86369dc24cabbbe987511f696
312	./.git/objects/2c/5cae6a654ba944fd82886abf3e204350f7942a
313	./.git/objects/2c/5f9fc7889928b7471167fa7a0eda5f541192ad
314	./.git/objects/2c/a0dee2b00e4db8f6053ab48accd90e01a34745
315	./.git/objects/2c/df045f82f7d7d80f4758c7cf2d350e8c63762a
316	./.git/objects/2d/0d61eadde2c2f49b01d380e4844aa24861caf2
317	./.git/objects/2d/1bbf63245f1d9c16dec5997092276d2df893b6
318	./.git/objects/2d/1dc8e9bb1cd14000ccc654d0411bfde16addc7
319	./.git/objects/2d/352040bfdc1cdd2e7d231246a43d06d5faa5c2
320	./.git/objects/2d/823ba3f13ff835d24dfa1f28f9dbe11d345855
321	./.git/objects/2d/ee790c0e5c823b9a799ea56a4316288fe8891e
322	./.git/objects/2e/26d987e0d8d5732b2e66468d028efdbb671b36
323	./.git/objects/2e/26e419e2685d9e489945dd618b7b6c01ab144d
324	./.git/objects/2e/783ff4aafef067c0dd1a1a9abe61b2fa64df32
325	./.git/objects/2e/b586924aba0ca39daf1b4033e72aa1cd9a881c
326	./.git/objects/2e/e086d227de33ea3d7bcf57a7b111847e1511ed
327	./.git/objects/2e/fd80315aa0872ae9021d127fa724244fe4c6db
328	./.git/objects/2f/7255e64eee58dc7809143862fb095424762c37
329	./.git/objects/2f/a294325d5ca1da42c1377dc550c8c9270c9f14
330	./.git/objects/2f/b3d0de90f0cce7670c30a15ec2f6eab0bd89b0
331	./.git/objects/2f/c405bbeed25af2ff52e09f34385edc49b6932e
332	./.git/objects/30/116f812a646e9170887f05a0df94988bd0a945
333	./.git/objects/30/25c30a9729413460335513e8b395daaac5ba92
334	./.git/objects/30/912179d2141d716a467c2c1902b87de6bcba72
335	./.git/objects/30/a2cba90bfc0368888116dbf8427d2a259b32e1
336	./.git/objects/30/cb5df44e309b26ac4fa057d99061c0658f6d82
337	./.git/objects/31/18e3e3a782f5a098bca6c4f2b9ad9fe90cd307
338	./.git/objects/31/2842a8387edadb5bf8a0f1e6726e8d6e8d145e
339	./.git/objects/31/28b800456d2859aeb834b2db61ac7448a1c2b4
340	./.git/objects/31/4b72fd15862e9ebb41e1d5d8876f653aa76c3a
341	./.git/objects/31/53119938fc34c2e5638850708542a74178009a
342	./.git/objects/31/6f39cd9e89704ea79d0bdda8863c2a9ece6c74
343	./.git/objects/31/8f9461a4af0be415b3814fb748f6b78ea07d70
344	./.git/objects/31/c16f33431d81b3f88c16df60588298f41d37f1
345	./.git/objects/32/292e75aaf1441e320a473287942ed041e8556d
346	./.git/objects/32/8522c50ec0c9bb89f2cfcaf6510669eee32943
347	./.git/objects/32/85a44b6a2730052c08bb0c68bc9dd7bbe82d07
348	./.git/objects/32/9d5fa5c8b13186500ae77b397ce0bc3fbb1d50
349	./.git/objects/32/a6bb2e1c3e32e20785327467d93b1ccab6c86b
350	./.git/objects/32/aace7b8f42012895d9bf88182c6ac1d7c99c4e
351	./.git/objects/32/b8edc6e9b7c1b703aa7a67eb4a65f5b9b75aeb
352	./.git/objects/32/beabd701f07c85b9168e6f499ab0e9dd0e5c7a
353	./.git/objects/32/c40301991b2e85fa8b1cc7d7b1328e94851ce2
354	./.git/objects/33/52f701bf7faea1f4577ae342623f5bd6d1022f
355	./.git/objects/33/5f7b69eb75e8504a0167240e1e8ebce8b03a23
356	./.git/objects/33/8730d1601c84a9473146a2f4f12b402e2b3285
357	./.git/objects/33/b1b9e924c3c209b1f6e70686e6e1fe395525be
358	./.git/objects/33/d7be32395a71af4ddfa4529f1fd9d111ba640d
359	./.git/objects/33/e088a2aeaedfca385c207d67329ce4db39c5ec
360	./.git/objects/34/11ae94a1a5179762fd001b31c898665e517ffa
361	./.git/objects/34/2d8e8bd611d0b6a3d47640e5bfb7435c4a3625
362	./.git/objects/34/63272e8b03875a3d1d29ccc53123b7cc30950d
363	./.git/objects/34/6f13d75af08be6042683a3c527d2eb61ab569d
364	./.git/objects/34/a46e8ae9caec77aa9d38d697fb7604aef7a485
365	./.git/objects/34/b8aecbd83510287dd8965770c35b3b8fde09c1
366	./.git/objects/34/be4a375870bfb0580ac2adc608a00f183ff51d
367	./.git/objects/34/c19fc007af5ddd9362729419d5d526b5d7f116
368	./.git/objects/34/e1be801124f6d53bad00b4079f4af73509b5af
369	./.git/objects/34/f1653c7d39dc35e3908dc9ed7d45b1128c5823
370	./.git/objects/34/fb354d320b8fda4a64df286c4bde2339206f50
371	./.git/objects/35/3daf6552a179d1d33c9514ebc57bf568295ccd
372	./.git/objects/35/44528fe87cdd463e93d79685eba92648f414d0
373	./.git/objects/35/52c73488bc48aab8c7e5df9fdebfe9a970bb80
374	./.git/objects/35/6fa0acf3f7ee85f3f47a560f8a716f4abadf5e
375	./.git/objects/35/c1e30bc2a8a88b4acef20e6ff9dfcf74fa716d
376	./.git/objects/36/161e06ff63a82019da6ad56615ff74f9599085
377	./.git/objects/36/16afe7d004f1cdd6492d5c5d157f0515ba241a
378	./.git/objects/36/23c2a2ea53516eaa0de327611a331d9ecfee4f
379	./.git/objects/37/cecb5014f58e8f6a72837547a664b26fad0e57
380	./.git/objects/37/e13ee3561f8e5ba41432a1da27f9a04c81a005
381	./.git/objects/37/eadf1b5738778bd172610a7baa982ea9fb133b
382	./.git/objects/38/5299ab1483db6af96a311315c46ab767a9cff5
383	./.git/objects/38/73237e4c485067121a0297853390bc0066e574
384	./.git/objects/38/7e14029b0f7cbe8217d6a26811baad15a5ee34
385	./.git/objects/38/af0f54509d66ff8dab6891a16008b569358f0f
386	./.git/objects/39/0bb58d635a656a881ed3decc9693c1c3ea7ba4
387	./.git/objects/39/2158dba0139d80b8906096d85a168257b1753e
388	./.git/objects/39/264a384c848bca3ce11392d719922b1d74268a
389	./.git/objects/39/642192a94b975e15eab1b23554d9ec0477371f
390	./.git/objects/39/9cac00b2dc9d345b045e6c83ca4a3f239847c1
391	./.git/objects/39/d4426e2d8d66724dfdc7c6f6f84be610747171
392	./.git/objects/39/f33a2142f1c074f70c083b36113ff63676e2d4
393	./.git/objects/3a/194e172934bac243319044aa2c757dd52b3c2d
394	./.git/objects/3a/7bf8746caaf88cf652d542b3d340adb830ad67
395	./.git/objects/3a/7f5b278972c2b000b89d7b8b0ac4131d90bf7a
396	./.git/objects/3a/8e3aaa015e7ee1b89d490f21ed678632e4d49f
397	./.git/objects/3a/c8ba24853864eb6377c1a3880ba0dacd785192
398	./.git/objects/3b/1d8841c8491f07bcd29bde1a5f71ca50fdcb67
399	./.git/objects/3b/226239ed7b305f02ac3c33b7fc520e536f9a20
400	./.git/objects/3b/5b2a4802f5509a84c3970c53c014ab77f35fa8
401	./.git/objects/3b/bb436586c505a311c4e82fb3f35f5765f09102
402	./.git/objects/3c/0aafb81f23e34f5888ea90b88551cc314cf657
403	./.git/objects/3c/25c14f506ac7ebbb7353b0e02650eba239ff91
404	./.git/objects/3c/336337b3de77a5c3d8d4b9a98faba68f59280c
405	./.git/objects/3c/7aa500fd69cdb1b595cf3ead62b3d6cd807012
406	./.git/objects/3c/a5c9a2a66cbe2f29245f9203300aa0918f5c57
407	./.git/objects/3c/e9c0ff961231c5faf004110190a87aef5b06ed
408	./.git/objects/3d/4fae0c8122d5127735c57e9c51da12cd65be9e
409	./.git/objects/3d/6d73856ac5acf67da06e3171bf4ef379998678
410	./.git/objects/3d/8881706e02c6b1ab4331b12fbdad84ad5bf35c
411	./.git/objects/3d/af3a5d5ede251d6a5285c3a15d73bc479b0611
412	./.git/objects/3d/dc65dc8b8af72631733dd023710427ed36193b
413	./.git/objects/3d/fd768969251c24586147fa1642f943cfb05e7f
414	./.git/objects/3e/440e32d51e0f915b09f225093b4c49a54c9278
415	./.git/objects/3e/620a61ebfe03bc8044ccc8004df187d11d6ae8
416	./.git/objects/3e/b178f90972fa85f614fb6ac4a8a18d65097b4d
417	./.git/objects/3e/e24266bc67bed84df26a88db3c2bf79d109abe
418	./.git/objects/3e/fe32d3c6ac3e613ecfbf54233da2043189927f
419	./.git/objects/3f/02d320666166992b771c6caf355e15dd391bde
420	./.git/objects/3f/aee20167f712bacc2181fd712de6f4706f95a1
421	./.git/objects/3f/b0ae7ded2f0b008946106a63ddcbb89670655a
422	./.git/objects/40/0a31763adb2e816335a5e62f03283f5fa3f949
423	./.git/objects/40/1af015da063b9c1cc471c358faf7017665fff4
424	./.git/objects/40/84298e5602f7eacc7203aa47225de90a60f2de
425	./.git/objects/40/9f8f0afc9141076d0fa77cf391969c11cf15b9
426	./.git/objects/40/cea9bbe2d2b7ee412cd1c8cb572fcdf8dbd7e4
427	./.git/objects/40/e16445986a5f6785e33fecedfbde75f030377b
428	./.git/objects/40/fe7821a8f5b90ecc8e66a3d566ccfa2ec159c2
429	./.git/objects/41/4cc41e83469abb5b2488a64564f56706dadb1f
430	./.git/objects/41/59826b94b5a7cfda2fa95b32703978b09ec0da
431	./.git/objects/41/834946223205a5d1570a18e3bda5147756e828
432	./.git/objects/41/a2c74c2adbe996fd98d59ea1f1cee1e544b6c8
433	./.git/objects/41/d664495295ba28b5440432c973a0b4177d0c6a
434	./.git/objects/41/de3b7cb086ba6db1b0f523d043787842aa34dc
435	./.git/objects/41/ff4ed4c93c08fb8fc217ad3140391888b4032b
436	./.git/objects/42/206a1517930bfc7dc94a7ae1aa09c0ea1c8044
437	./.git/objects/42/26fab0278168b53a34314dea64d12f42f1d06e
438	./.git/objects/42/3d6367106918b608566dd468a3f6bbbc46e71c
439	./.git/objects/42/419dbb776000382577e3d4e8b0e65398e122a2
440	./.git/objects/42/50eeccb115b17e37d737cf8e6827d1eff96ea2
441	./.git/objects/42/d91bdd4159ade8f44be773b524d3f11bf7c6b7
442	./.git/objects/42/f195b9ba74c88762e2f627f5d99f785c98943e
443	./.git/objects/42/f470d10c0ca30390b0679a84ce5e8ba8f38aaf
444	./.git/objects/43/1f36d28dc1d896e047fb19416f258f85f69e75
445	./.git/objects/43/5b2c3b0e3d89ed049aa20a8369b1d17fabca73
446	./.git/objects/44/0886fa5abfcf5516e131476ebf533d439d8e80
447	./.git/objects/44/09a0c3929aae8c2cfd05376e2459e77a58a6ec
448	./.git/objects/44/18107e280a9913be128daae718d397ef7eeded
449	./.git/objects/44/90637dac0d515dca16204a785bedf7bbe0504a
450	./.git/objects/44/c495a97136afd4e935a8587fd3d7dd5f6c986c
451	./.git/objects/44/dbc171a21faf8b8d7700f74ed3c0fee39d46e6
452	./.git/objects/44/de4261ffb44d460023d9a79bd487ca47bf27b7
453	./.git/objects/44/e672a7641eaf82c602d74387e1c65090dbdf81
454	./.git/objects/45/240920528a4f6fa57e75efd33508a2b804264d
455	./.git/objects/45/4dd69d10506ad4416f9d44297a91199f04d98b
456	./.git/objects/45/f162f907985d8989f37754403c173e21e5b2a1
457	./.git/objects/46/57f3e885e263771fa77e3994d97f7fbb8f6991
458	./.git/objects/46/c7c1c7dcfdca2b28270ee8eacbd31cafa86770
459	./.git/objects/46/fcf0d3b8256770caed3ea50559a5b222ef4e8c
460	./.git/objects/47/1ce4ba4a73b028b70912eb94c9e6b7b2c48183
461	./.git/objects/47/6d7314a68652a15057ee7267d19cdfaa4e8492
462	./.git/objects/47/9135f0c4ec947de55fd193e4bfa2b184d3d9d8
463	./.git/objects/47/b3b33e3e91f37370a885b3ac03e7b13baad991
464	./.git/objects/47/e69901922c559a9e12d601934c9a713478d055
465	./.git/objects/48/56c92b0aa5c396ec62faa91154b8aec0876edb
466	./.git/objects/48/a22d069a90f3a2f464dc20c79b03be06ecd737
467	./.git/objects/48/ab09c0ea214a929d8d32660a91cbb13bb6fddf
468	./.git/objects/48/ea41ad56adc1b57dd46ccd343278dc7004a1aa
469	./.git/objects/48/fd96a2551ae8b81e55fa1d3e712b15a0f5558c
470	./.git/objects/49/2a9a382cd8fdb372aa4f402d0eeb6e7a72f41f
471	./.git/objects/49/93f7cab0a9716e0f38924d42ed4ea62ea00e18
472	./.git/objects/49/cd8cbc0bfd2df69b348eaa2182d4cfcd639bc8
473	./.git/objects/49/d298d8bf7727f202c6f44163b793d47ec0c4be
474	./.git/objects/4a/7d48faae73f56a029002cbd196bdfc4c4f0240
475	./.git/objects/4a/8c4bea31dd1caea95db69938b4c1aecdf5567f
476	./.git/objects/4a/9032c0d7688e01d135a49124d803f542f8a0a9
477	./.git/objects/4a/a042ac341f0eb1a44bcba4c40f693b9d6f21f8
478	./.git/objects/4a/b8e93ce40d0dd41576edd7e571717957819a80
479	./.git/objects/4a/d183b658aeb201fcd2553f9ba287c2bd807a92
480	./.git/objects/4a/fbcbc4f25b6681fa25c9bcb286afb6be97080f
481	./.git/objects/4b/0e8cbf9f541013e4ce9cd870ea80a49aa32909
482	./.git/objects/4b/0f4fec217bfcc5c338cc1b806ce3e80e72b598
483	./.git/objects/4b/3b5e0ed0df8d721e05791411eb6f3e9df50cee
484	./.git/objects/4b/aa05784ed170741ebb5ca20d81a1405168657f
485	./.git/objects/4c/0c90497d099e81c79ed758992cea1a32a20455
486	./.git/objects/4c/4bd9dfb66c8e3f02e8421ab2fb1b21b3060e02
487	./.git/objects/4c/98475bca3922d07af10fa66b5ae102d6878b15
488	./.git/objects/4c/a36533f6a84a791caee7d7e938b06c9cca7b98
489	./.git/objects/4c/fe2cda0af203204443ced8a1f5080c360785f3
490	./.git/objects/4d/0109cec56f07309b1a8e5e3400665a8512c9dd
491	./.git/objects/4d/2182dd027e88cbf5ccb42bc23fde84eb58b37b
492	./.git/objects/4d/6071d089009f9ce0de6021e206565d64cb956b
493	./.git/objects/4d/87c5f28d0e6e6b0f278748b93d52e386450949
494	./.git/objects/4d/b378aa945b0f5ef4584df4701ec50aa50cb7c9
495	./.git/objects/4d/b602d5b7d2c98ec3f7556c70645b0d4875dc7c
496	./.git/objects/4d/d08d895567e543bc9ca1d3c34359155b4c59a1
497	./.git/objects/4e/000db57510cda2aac00f30dad19ca6f9ca32fd
498	./.git/objects/4e/1aeba6eb2f6e77d1e60316552b349accc11700
499	./.git/objects/4e/353f7c7c4861755013953054db73f60ff27243
500	./.git/objects/4e/376f68b015fc9dca7ccce8e549d1a19ba5841f
501	./.git/objects/4e/3e0e3a0a8bf28755f28a96b07bf66ffd350f58
502	./.git/objects/4e/4f6ec79cf69a168a994d7aec5bbabea65cb02b
503	./.git/objects/4e/587b17b6bbb0c3e6e9c9941620007db203b02f
504	./.git/objects/4e/a8736b85f719f667348c00b564b9ad7249875c
505	./.git/objects/4e/be41553b461bb6c1cb7f6dd3edfb984ba93d35
506	./.git/objects/4e/c7549deedbc82b20f60dcabe0ade6d498823f3
507	./.git/objects/4f/32d64523d8ccf799f37af03b0102dbb474fce3
508	./.git/objects/4f/5329d36eaec8eaba41d3151b11cd23246e7dd1
509	./.git/objects/4f/5a7df6da99ab2d10361d349233025af92023e0
510	./.git/objects/4f/5e88c00d2eeb463750d9b166071417370b00ea
511	./.git/objects/4f/accb2870db1dbf25318af2bf6e3386d5de927a
512	./.git/objects/4f/df4b26c1adf080a63d271094c7ccc596ddccd5
513	./.git/objects/4f/e826ccb8c3edd54ceb59f2fc19f9f2b4d4ffe1
514	./.git/objects/50/8f7cf649eb84ec7457fdffb7e5be7f8c2891bf
515	./.git/objects/50/ea2ed53ead5ebad7c29c9a193e88bb4eaf150f
516	./.git/objects/51/0815da9e16afcfe17b1d0d95602a96b615fa1b
517	./.git/objects/51/469c804521c5977e9acc5312102f153a3c71a7
518	./.git/objects/51/5613c9126bbff99d8785ab6e32bc81dc98045d
519	./.git/objects/51/5f54bf1001cdd98d8485da4c5703f12f44881e
520	./.git/objects/51/67997590b28ae7519cf555f27f81290d92b846
521	./.git/objects/51/8398799ce85334ba54ab3d50b018e0b5550326
522	./.git/objects/52/56430ced6658b5853f3d06b6ca8a3fb95ce01f
523	./.git/objects/52/77b7ba9f8daaec40c91263c440a25f69bbc704
524	./.git/objects/52/dd430431ac4200961c1a5c6a278d149d8eb330
525	./.git/objects/52/ef44364c429163c66a93a75d72cc68d57c1296
526	./.git/objects/53/7a4ec42333ba7d7886b798f1cc1863c291cc6b
527	./.git/objects/53/96f200714715617a19d4c046c1963c25ae3246
528	./.git/objects/53/b7daba278b2dbbf6bdba742cf93dfc0e5c90d3
529	./.git/objects/53/b8c814877427f790621d63416edc869d728e74
530	./.git/objects/54/47870cd95d20aa6d49122ffe2dff4957aec7a4
531	./.git/objects/54/4d124908110d1d83bc3ca3eb6c07c11041f002
532	./.git/objects/54/4e9bf3a0dd63ec3e4a263573de2b5aa971396f
533	./.git/objects/54/8d56ea0c66f538b899538f696800b57f503fcc
534	./.git/objects/54/b4681c85d14d14b91cfc3fa4beca28670f15a7
535	./.git/objects/54/c49508946877cd75d0a99366c928a907f2b5ac
536	./.git/objects/54/ce81d438a351d089c1e1dab800d2c5d272d0c5
537	./.git/objects/54/d78cb33a0ebd94e533f8a194b652b12e3cd61d
538	./.git/objects/54/e7578af2617887b731d26c2a5247d19d85190d
539	./.git/objects/54/fa6dc01db5b9581721b3b7474d933d21e4ed57
540	./.git/objects/55/202de7fc02f9108703769ce5b58f51097c8e4a
541	./.git/objects/55/9e3a7e809f61ac2a9c904325bb7b79717373ce
542	./.git/objects/56/31f64c01fdf2ece803182b32ec4a62a8e80a47
543	./.git/objects/56/3f7b25f30ba118fac8bd577f5aa9554715f9c5
544	./.git/objects/56/42a1c973e7d7b66496e8e8d94d36c37b3390a8
545	./.git/objects/56/4c36b8963a5948b56737ead70f9d16d1628e3c
546	./.git/objects/56/55da4a966387698d3a4131d073cab81ae46b2a
547	./.git/objects/56/8030c59f02df9a228e4deb55ae45f8fb0786da
548	./.git/objects/56/8b443b3490298df426a63a4187b98a352fdb41
549	./.git/objects/56/8f68dafc704174a357ecc3d3f78c07489b69fa
550	./.git/objects/56/90a6735c489cf5128e1ec6ad245d2439ab79ef
551	./.git/objects/56/bd4b62c8d87d11b6f50b5f2651f15e3c759383
552	./.git/objects/56/dffbeb465e5ddd44408038e7f39434b8c1561d
553	./.git/objects/57/027347bb9f1fff12b0bf847863b599694342b7
554	./.git/objects/57/1bb5cb82390b8dfe09fdabad3bede2922bd9cb
555	./.git/objects/57/5bb63efca52dd7da3edeb62407c9c7b238322a
556	./.git/objects/58/0ac8dd84db62d11d0dae8ed351411ef5fa10e0
557	./.git/objects/58/3e051c64fd4ba4da339c802fc6469d9986c5d4
558	./.git/objects/58/58043de9254958b2b4d1bd6f3fdde69819ff0d
559	./.git/objects/58/66de590877dc77870414a69132f2690da25e6b
560	./.git/objects/58/b2481321faf51e619f47bc9f0062abfcf328ba
561	./.git/objects/59/cdf5c31b46d69656b9e46f34670d7e2435f4fe
562	./.git/objects/59/d2078a78201ac894ff74142b8f2ef9b1d00786
563	./.git/objects/59/f892b322e4a5b2a0d70d8244b95fd746ba1031
564	./.git/objects/5a/4125590a03d9d5c1e1c835b8e1cfdaaa486216
565	./.git/objects/5a/6ec29b59db67c5776d065cb0940ae960f86dc4
566	./.git/objects/5a/be9561527884646063b7ff1f6c833251d87c21
567	./.git/objects/5a/c972c24d264fae3e7fef7a6a6dd0abdde74f6b
568	./.git/objects/5b/64099a05dae3e1e78e62ca54aeb2bcdd1ecf72
569	./.git/objects/5b/758cf9fc00d33a6bcb91b8d6945b3331f1aada
570	./.git/objects/5b/c96a2692ad4a3c63d097831761527aa5625aaf
571	./.git/objects/5b/c99340533d02c3de71efbdfa4fb5d87b8cea22
572	./.git/objects/5b/e2e60bf12ff96284ef0e56be6e401fb36d79a7
573	./.git/objects/5c/0ec96477c9d01ce81745d416b2eb6fb5c90fa8
574	./.git/objects/5c/1de21854df936029d20a7495fbf365de3e3f33
575	./.git/objects/5c/404cf7be99307615465b195d5bc0c5c4e05701
576	./.git/objects/5c/6a3a8c17c24ec1552689bf30078aba4e996066
577	./.git/objects/5c/b87f046b0b75494f162361262a3156e4a3f8eb
578	./.git/objects/5d/64cf4a20e73a942ead6dbb80353445dc468c1b
579	./.git/objects/5d/93dae1e883b4b112a67751f67d70f484ad49f4
580	./.git/objects/5d/9882af1cf4ee89d3f54439695bab25e305a7aa
581	./.git/objects/5d/b75b14af1c70a49b56915b705d4b406b6ffb26
582	./.git/objects/5d/d19819228ac68a280b8b1c8fabbee023c1c072
583	./.git/objects/5d/e47ada1e08fdc587cb6753e8a0486ac78792ed
584	./.git/objects/5e/5b180a1621baadddd8f9230c629c335aa4546b
585	./.git/objects/5e/6d2d149e4f18ce38d5f96bb4b354df4ee42c33
586	./.git/objects/5e/75ce81ef5e4528fe0ea9aaacc6e489c30f00a3
587	./.git/objects/5e/cf5b3f169397ce9c2a055cb2c89855149d723c
588	./.git/objects/5e/f879fab3281073f690e409a0a9aad0914015d9
589	./.git/objects/5f/2203a55ab7b129975eca0196e6b2761afa0a4a
590	./.git/objects/5f/7f14313642f0bd577da6502d496045b65c8b5a
591	./.git/objects/5f/d6435f9c2a0b5aafe0875564da9a90689c3c8b
592	./.git/objects/5f/e545dccf53ef086a0be68b403a99675f5dea87
593	./.git/objects/5f/f0901fd09c6e53ae3b170be51790e4f9262163
594	./.git/objects/60/02c2ddff07eed0e7c2683b5fb3d2843c6ba61b
595	./.git/objects/60/b2a6a8609c7177edc9ca5c5b312527db07c3c0
596	./.git/objects/60/f0e511e1aa3d72e25c2120308965600034c861
597	./.git/objects/60/f241a06b2aa5a403a9646eb89d8e7be73a80cf
598	./.git/objects/60/f914271359f4d5b926f23a405a9a4387959ddf
599	./.git/objects/61/0341141bb62be619912ea608956855d0322e74
600	./.git/objects/61/544d7e2ee92169d9c3848399ecfaacf9207a35
601	./.git/objects/61/5824282e50976ec37cb0981326ae854e17dd2b
602	./.git/objects/61/6a8a8a3d9bfdc30c883653cd6af1dd00791b13
603	./.git/objects/61/82ff403d8c619fddb845748f1944ad618c9a5f
604	./.git/objects/61/a27326489461c965506289d917336d3bd76a32
605	./.git/objects/61/abcf1eae741b8355ce3f74bcb6ee2c7145af12
606	./.git/objects/61/b4ca3f38d3df006239bc11dae8507adb96b885
607	./.git/objects/61/ec17a518137a465418aae4442f1f234dacf0eb
608	./.git/objects/61/f45c6a137a9ba68173417d37065e56c4c65223
609	./.git/objects/62/d8c329d74fbff83a3030b6c1581afa5b4f044a
610	./.git/objects/63/664a4e01c838a15e7a1006bc7cb2a14773ab54
611	./.git/objects/63/942f6544a71926b345bc6e139db78a314d8655
612	./.git/objects/63/f934d513fea293baef230119f9f927ab8f05e5
613	./.git/objects/64/151f77e11fef2428edb40502b391d26d38b191
614	./.git/objects/64/3a2d09bff8f12e0413cb1d34942dc1fcd46b5e
615	./.git/objects/64/45e38717d831ef9099b6a1110d857727b6e66f
616	./.git/objects/64/4835de9ad5fb6250b75589b9cc430c76abd40f
617	./.git/objects/64/88bc1513a7247db267b47b652110167b2bd090
618	./.git/objects/64/bb265d75785c0a216d2fc70e460dc2262c8119
619	./.git/objects/64/f72dcb58dcc3cc9896c1d100d1eaaefeee72b5
620	./.git/objects/65/004599a0937dd1db952281454e246af66e076c
621	./.git/objects/65/09d66050bd484a86bd75b79d78f0f65cddb127
622	./.git/objects/65/23d0092970018e16883c2551a46c493dd75e56
623	./.git/objects/65/423b7a62a5f58830a407504df20a5cdc9b0611
624	./.git/objects/65/4675b0a42c78317f48765a66070049e96059b8
625	./.git/objects/65/83ce5df3f795638e5f6a159ac01c1b63e11558
626	./.git/objects/65/8764898c453ed47dfd8c7b3743de5bbd55527c
627	./.git/objects/65/8b617b061e3669e2c217d99ead995aafd5d8e7
628	./.git/objects/65/be8e474ad696b3c7a974126c9eb82025e41cb0
629	./.git/objects/66/4066ad109c2db0a94b3a8e8a31d4618ff58ec3
630	./.git/objects/66/532fe41190d8ccde8d8034eef562f418bafa1f
631	./.git/objects/66/b33645526c9469e7814000b4387fa97a07ec37
632	./.git/objects/66/f56e15a3a20bf2cbc3078a67752697bc13fea9
633	./.git/objects/66/ff3fdfc82da6249ea7e9b2e0e4d8f2dfd3d2d5
634	./.git/objects/67/9b1d91ea9f97861c88be17b6500bd895737ccb
635	./.git/objects/67/a7293be4fb14753140872661305a7de1339669
636	./.git/objects/67/af8ecf164410aa3a781581bbee30ffa808e81e
637	./.git/objects/68/02231ede6e869634864658c7f5425733cc8029
638	./.git/objects/68/05c38f66840032e91470409cda7aa364d9bbe2
639	./.git/objects/68/2e4586401f0aaceb6c3d47a2a1b416b80264c6
640	./.git/objects/68/488edada3ba544fb456e8642c69d7142f7a86a
641	./.git/objects/68/82a7c1473ba3d6fd8bc937d24f5ce543e5b9d8
642	./.git/objects/68/b73f3c16437afa391701782e504c9fbf2aa1ea
643	./.git/objects/68/ca9c6de6c2b89cfdc7cac1e5e75dddee1f49fa
644	./.git/objects/69/01bd8da49645756e52cda36238381fb57dca8f
645	./.git/objects/69/0b79dc1a6703295047cc589bf1480d0daca2e4
646	./.git/objects/69/17dd8844fe12756ca29456c3c6b8f81d1e9bab
647	./.git/objects/69/1c7115efededcd0152866a34b641d314a0b5c8
648	./.git/objects/69/1f88654b356e735a0c66c8b0c9ad75ec9e7659
649	./.git/objects/69/36f0dc3691e7af882079eb597e35acb1b241fc
650	./.git/objects/69/6a1e73750682f9fd79b6da8a733a5f25cbfec2
651	./.git/objects/69/7b44fe01125b44d84e5ae08a4ab6895715233c
652	./.git/objects/69/ccfaf90d6419e68e1fc9c778606f66e0ba863c
653	./.git/objects/69/da628564cc77be84a576892e77c64baf39218a
654	./.git/objects/69/f36aa5d3e0f772a119351eb6e0bb5c3ccafe88
655	./.git/objects/69/fce4acb43e520bb896c6a3d5d6f28945b24ae3
656	./.git/objects/6a/34d35c5cac18bdd3f0c2524ede6e86190217d5
657	./.git/objects/6a/393034efac5a24b56fd132f6e244b62ca651c3
658	./.git/objects/6a/3a9aa43118892d22d4fc42e631a894f6c64966
659	./.git/objects/6a/5cd68e6b024ee9e938a644c8eea26c45850372
660	./.git/objects/6a/6f4a0065902e113943501a5acff0de26e576e5
661	./.git/objects/6a/9f448b414f4d0d34935df15c2d5b8e340d336c
662	./.git/objects/6a/bb35800a968794bbce53cd676c59b3883ace9d
663	./.git/objects/6a/cb97030dc8b03e65fcb2f526f60abcd81a9cab
664	./.git/objects/6a/cc7585d64ab711c1278d46758eedd44046e3cf
665	./.git/objects/6b/18ad0c3876a97bf2720b0177a2061ddae871c0
666	./.git/objects/6b/39ce03f7587cba0af8418a5fe9b59356ca5a3c
667	./.git/objects/6b/412c0433a807e416a0f6317341629f5213f69b
668	./.git/objects/6b/41885e755341ba0f0ca10367b391dc9bde6ff1
669	./.git/objects/6b/46f55ec6b20295842c7a47bb0add988e270134
670	./.git/objects/6b/8316e931fc34062246aaa2b41052c17b2ac0bb
671	./.git/objects/6b/87114a597a3ead41e57394ff0eb4008c639cae
672	./.git/objects/6b/ba30d35dc093a97c377cec6ffd07f8234c79b7
673	./.git/objects/6c/972120a43d57bc0f126918cc88c23202ad1767
674	./.git/objects/6c/bf5053e62563287cdf46f18bc46d546a8f4ace
675	./.git/objects/6d/2f6fc2ca6607bb00aa27d1ebedd2daa0b59954
676	./.git/objects/6d/48236c511304e76ad0e75a5ddb2aa0f2072b79
677	./.git/objects/6d/5c6a5b7e44f2d3237f9a08083c3d1b3e712f27
678	./.git/objects/6d/684bd78e2a4bd0aa95908882cb1c132f341ac5
679	./.git/objects/6d/93ecc6ed9078038a9e0973f05019d25d596683
680	./.git/objects/6d/9edc2399ff0bfb3de2d8e21a8a6412a31192f6
681	./.git/objects/6d/a1c3448a503b21c856d0393eec3454e47f5c86
682	./.git/objects/6d/a36c7a7653a01f0f03f88b09a3fe1ec4a99a3a
683	./.git/objects/6d/ae584b30a2c8265099ea0c69aed31b48ab3e05
684	./.git/objects/6d/cd23f8d9c8f9a01e62840ddf460d8a736ab750
685	./.git/objects/6d/d7e83c1059aaa3c4c1ab7cca7414052d145a79
686	./.git/objects/6d/f2bf3e3bb8c02bd8def3468a836f1625566086
687	./.git/objects/6e/08d3c1ba2b4f1d18d09db84c7bcd9181b87ce1
688	./.git/objects/6e/163d37f4850c113ceb49c6ac3dafc71993cda1
689	./.git/objects/6e/4963f38c46f33ea6ad341ef90a629c97076384
690	./.git/objects/6e/6c7e87e23b4407bf7c99b8685832bf99b909e9
691	./.git/objects/6e/96bff28d6b9b8a0722c86907612ba27ca3905e
692	./.git/objects/6e/a982974ab5cd645e0f6e4a28632fba5e59c178
693	./.git/objects/6e/f6a8d596f392cb2f9cf01d16da05458e695bb1
694	./.git/objects/6f/06449cd952456843bf8874d18c06e5e75af6b1
695	./.git/objects/6f/4be203128626d5f4a9d466ec2f74a796ff11ac
696	./.git/objects/6f/4c716a1a78cdeb707e7d8abdc8d54b1b77c6ff
697	./.git/objects/6f/5d51872dcae7a1d154b506bc86c24bda2494d2
698	./.git/objects/6f/d346170b366c14681deb6fd269c7344c86b825
699	./.git/objects/6f/d7adb90dcaabae3b6ccff5b0b41be87877bac7
700	./.git/objects/70/06d1c51988deaf1ff78a0a89c906fe346dafee
701	./.git/objects/70/7ef82bd40360bf343d7f6ba9e04a3da793f667
702	./.git/objects/70/c5d65f62d4cb1ddd053e4f33452d31871d28c6
703	./.git/objects/71/13c796e58e49142edf001b4c6e0ee6d9c19791
704	./.git/objects/71/1870d6714fc9d8262aa0787a00ce723c52e258
705	./.git/objects/71/9a9126cff27edf2eaf9eaa05c85c0cd0889251
706	./.git/objects/71/a516d301b54b827cebcc299c676b6f7f8d2b73
707	./.git/objects/71/d313686ae3a034949eacb3954aa4598326269a
708	./.git/objects/71/ee04a89e2c10b8dec007fd612ec332754b9e1d
709	./.git/objects/72/6e2fc61a815f01d39931b70390cf6ef9079e7f
710	./.git/objects/72/b753dab0eec40af0c06becd67331f1ca9f1a39
711	./.git/objects/72/bba36da361d8d8f3e7a1d47e224d0ac2300327
712	./.git/objects/72/ffd86f44ecb3f3aa9f678013a513a18b870387
713	./.git/objects/73/181c0fc496d37c5a86ef099114632f9da736ea
714	./.git/objects/73/1fc4a1b4acc11a3cb655fca1ae4d1bd1b8e525
715	./.git/objects/73/302d291058571ab20493b75d88884cfb186f27
716	./.git/objects/73/4f4d3d298e8d957f7baf9100b4a714f17665f3
717	./.git/objects/73/721f59d9ebe4a48d0df00e202a83fd2708e15c
718	./.git/objects/73/b5cf9ab69ad160bceb4d4ee1fa634703814cda
719	./.git/objects/73/fe4ac3c0037f27708294d129d1d27b162d5574
720	./.git/objects/74/14f5655ee5a3d72117770bb51eba56ae8c2cc8
721	./.git/objects/74/3fa39924341f49bd6280dafd0138ff020749c7
722	./.git/objects/74/4058d6b6f54fc72db28453482dcf172e65c99f
723	./.git/objects/74/547c81fb71bae5f658686de91f60784190f5c0
724	./.git/objects/74/6024c89186be63163281604123e3a274b9bc92
725	./.git/objects/74/6151145fbd4f7b328b5080ecfaffcdbb054f99
726	./.git/objects/74/929175c6dd99e8549989b42339acbf677441fc
727	./.git/objects/74/ce3b31840e9b1bfa0c90a806af72b5bbabe0a2
728	./.git/objects/74/d9de21dd9ca1d0353a33a615cc010cfdbb2dc5
729	./.git/objects/75/6d31a68983a605a8f303b14aed4b3658f2cfd3
730	./.git/objects/75/aa4bb618c866c52490c4d5cb75b95a920573c2
731	./.git/objects/75/c3f151560a24996fbd6099dd5bcbb97f338d30
732	./.git/objects/75/d13fdb1da593f41854d496497c45f8044557d0
733	./.git/objects/75/f84060960725da72e1dd36b1614c56b92efc76
734	./.git/objects/76/2665f0f00f195912e81c839177c88097802817
735	./.git/objects/76/82a95bf38d1f46b38040c2fb5f77f3bafff9ec
736	./.git/objects/76/a9682f1327a0cc22bf1a02d9fc258f8cd4a938
737	./.git/objects/76/bf3139c169b0e16ce4555a4e7fe912afdcb2ef
738	./.git/objects/76/ca2ed07764d15871c350b0296b3903ca961a98
739	./.git/objects/76/fa36907a3b99d1c9571fcc7d953cec07a17c56
740	./.git/objects/77/5041d0e64d67f2b45eebcfd249c4034a41b63c
741	./.git/objects/77/63cfc67b1f4a51a4d904f122e53bacfa77a727
742	./.git/objects/77/748e035fdc5e1c4119af96d709241116e2a38c
743	./.git/objects/77/a841a051ac8e9e3943a89537a915625ad488df
744	./.git/objects/78/1d472d010472573c576246fb267391cd9aa1d9
745	./.git/objects/78/3cb066cf1b871e43c5870ec67e6014478ac06c
746	./.git/objects/78/486a749ac2c94bd1b89e2a843dc5e3231c20a5
747	./.git/objects/78/8f1aee032a95ce50cc0c7498613ca6e1ea28a6
748	./.git/objects/78/e1cd18b03aac9f8595e2f46f6b62ab0a30e49a
749	./.git/objects/79/3e7570b5c42a9f3241c787cb4fc3afe828443d
750	./.git/objects/79/5307759b209e4203a04918af6ee4b90536d21f
751	./.git/objects/79/576197ede06865f438330056eb2584b2730b49
752	./.git/objects/79/59dd07ed535058f6a1ac423b30a7b9a3f92830
753	./.git/objects/79/9ac8f352ceacbabe00981e15c934d9b13bd998
754	./.git/objects/7a/6dcd6b8871cbee371ddce3d3452ee715189b03
755	./.git/objects/7a/7655ba4e7b9c1778b8c706ee58622a7eb46c91
756	./.git/objects/7a/a719949f2e419abeea1e09c7054795440a50e6
757	./.git/objects/7a/c5ced8b38075ab903f0d087c40e545c694ca88
758	./.git/objects/7a/e0ea9a1b5f4b0f25a1111b462e05f18c935b22
759	./.git/objects/7b/31c86d81d6d620a4a5352419292b686876e6be
760	./.git/objects/7b/3308bd6445c2b8c6f642e13bfc06b923665305
761	./.git/objects/7b/5216721b268a55c7864113adb28ffc84ed2e83
762	./.git/objects/7b/5753cd1f12c66009a6a4b2be0d73d25853e4eb
763	./.git/objects/7b/a185d94b855087da76f3bf8d1ed2f35d916eb4
764	./.git/objects/7b/b72d0cbf3918cf6935690c3720e2ad7f8a1353
765	./.git/objects/7b/c7148a31756332334c0ef655d5497e907775da
766	./.git/objects/7b/f3a0f2930db556fe6f056eafe95d185b4bdf61
767	./.git/objects/7c/0993c5b5c1a7798bba8f226cb2630f75f55371
768	./.git/objects/7c/756ec5f37252b905b99174465467cdaa6087bc
769	./.git/objects/7d/16795ff76c4099f26c76b66d0ebc401979ee3a
770	./.git/objects/7d/588ae3c659fce7597d59bc5059780bab02ecac
771	./.git/objects/7d/f130dd8ab216db14dd34c47aba04e213cb699a
772	./.git/objects/7d/f39c79bc86a7fb28704a533f0fe426ef22a9c9
773	./.git/objects/7e/03a91e74fc95830e0d0c04552f5ebe2df90ca0
774	./.git/objects/7e/0d5e7c03ea884e1151ceca6d6fe52f5a034252
775	./.git/objects/7e/a2e3c8ccf5d95a739575f81d2acf208167db36
776	./.git/objects/7e/b90fbdbb0ded01a26ac28f4bf7d8210393c6f3
777	./.git/objects/7e/c882dcca133fd7690a2d1b7e589545deefd327
778	./.git/objects/7f/4c54e3642dc6a675df72182e488424c07564a6
779	./.git/objects/7f/938bd2ff6c8e801bc4524ff11a687628cea616
780	./.git/objects/7f/b2cea73f100a07719f33ea7727eb6c9649a970
781	./.git/objects/7f/ba4ea80afdf452c878779b85ff31f20ec1d335
782	./.git/objects/7f/d50b97a81b9d56e5b513b07534d9067ab1eb10
783	./.git/objects/7f/e269103d92a242621376776cbc60d88541f881
784	./.git/objects/7f/f2c6e53c58bee1ca204d5c85068ac1a7ddeae1
785	./.git/objects/7f/f68f9f293990be55daa4b65daad9631fafb43f
786	./.git/objects/7f/feb84817d899d9b4a80c4f9d85aa20cafd44cb
787	./.git/objects/80/a21e72fe058d246d28b2c7d6df81d08ac095aa
788	./.git/objects/81/1b8df959d823d18e213e9b414cab41bed23e8d
789	./.git/objects/81/7a97ac7ea6bf30a917553480900766110a83a2
790	./.git/objects/81/bc49ee5c5af6fcd741f4353c1efcab5c93e4c8
791	./.git/objects/81/fdd522539f04cfc6ad3f6dc82448e57adbd038
792	./.git/objects/82/6bed669a867654f6c1570afc3ed369fdfc235e
793	./.git/objects/82/85fd5699c04ebb721f21558c597260576012bc
794	./.git/objects/82/ef5477bf95e299268439253ce94b4622b29592
795	./.git/objects/82/f34e7f838f8c24ac4dca2d02886bdfc202eb10
796	./.git/objects/82/f5dd80432dd881e9ef09f87484de709303bbbf
797	./.git/objects/82/f8825697cf195c41825781645a64bc198c2766
798	./.git/objects/83/0148e2a85dbfb75bcd410fda8276ab2cbd8106
799	./.git/objects/83/0e3377e4cd1ad24f9764882b031cd4cd1cd856
800	./.git/objects/83/5f1bb39e82b7fccfb8ed6d0391b35322e9441b
801	./.git/objects/83/7d7866195e559748efb3cfd72a892b71c27cb3
802	./.git/objects/83/aa6b7c2a19851865af3526946688ac3b773d38
803	./.git/objects/84/3d5042cee01d4a791bedd54937b8bc59d5f424
804	./.git/objects/84/98892b493847a347ae31a543e845b3ad6fce7a
805	./.git/objects/84/9fcd3d7a7a8ab82388c264d0d0ab6f4690a17c
806	./.git/objects/84/a221583f3ac231d907b4483680e8b045aad4f6
807	./.git/objects/84/facd67a6b04a54a31835df902565e90f9ff88a
808	./.git/objects/85/16060bc7781ae16768f72f7224242b3c7adfd5
809	./.git/objects/85/510cdd9273786c91944c0abb7fb70817985e58
810	./.git/objects/85/57b375713c3bdd00a3d961e2beb7948d66a4c7
811	./.git/objects/85/71d0cc855007225b551c691a8372c16cf353b5
812	./.git/objects/85/a0a179e924f269def3622edbc720260446debd
813	./.git/objects/85/a3ba7e877177006038397120758f0ae1532d1f
814	./.git/objects/85/f49226e39be4cfce91ea9ad6c933de1bf942da
815	./.git/objects/86/15bb04fdf863b7a1b7e3486bb63440eaa4a5a6
816	./.git/objects/86/1e6b832eaca047879a3daf195a4c671ccc74da
817	./.git/objects/86/469f0ca7020035ff69143687c9ecdf223f8f87
818	./.git/objects/86/48f12036e70c65280f939cf5c221e4678cd123
819	./.git/objects/86/8a429eb661fec7058dfc50c644640284cc28ba
820	./.git/objects/86/ae14f81701b2d95bb6f841e90b416b198f9039
821	./.git/objects/86/bdce9739f397e7c4db631eb7ff5208d38f2393
822	./.git/objects/86/e7b680eedaab3af46ad3cd8a7b8cd3ef9c1b5e
823	./.git/objects/87/21ba679a800f0f5bd81d77609bc30a74471f3c
824	./.git/objects/87/3177f4918c99ef29a4958bd4ca9547467b1726
825	./.git/objects/87/63d4827a46c0fe6d6cbcdbdc6b76d3598cfa4a
826	./.git/objects/87/757fb01444101f65693b77bb0b9fee4750e210
827	./.git/objects/87/7cf4c45712e739a8c852e885eb96fcb13dfdd3
828	./.git/objects/87/97bb5dd28c612da14e3a853d80a4da0febb6e8
829	./.git/objects/87/daf17233a833e30d90d18607c8e58ef3a15261
830	./.git/objects/88/3f631dcd3991be6ec88e512bbbef759e450a9a
831	./.git/objects/88/5e9606c8c2cb52687c13c107c22fcc1faa005f
832	./.git/objects/88/a4ba32222f1f5812f8aa1faba116d4aab0c93a
833	./.git/objects/89/69a7fec0df86cc355891bded4891c6ee4c41d9
834	./.git/objects/89/e33b6bb985236e20c2192e1602bc29d406612a
835	./.git/objects/8a/2fffd08fa73b6e87c6c8809c6bca6cb7750e22
836	./.git/objects/8a/401f96ccb997547cfdc105f434ada580c1143f
837	./.git/objects/8a/71b8f43506de5ffc20d9dcc37d77b95a632617
838	./.git/objects/8a/8726606fe79c6199f89936c3be2f3ffe732e96
839	./.git/objects/8a/aeb1d040a5a05752a6b204c2d3ef469b4295fd
840	./.git/objects/8a/af4daf488623caf6dab5e59ce12a224396fea6
841	./.git/objects/8a/b7c8959de04a0159909df8883204cc2b1345c3
842	./.git/objects/8a/ce826ce8df908c67e69dd195b75215a277785e
843	./.git/objects/8a/f161cb210ca519581a458461b495ff1314987a
844	./.git/objects/8a/f2de4ac00d855681ee313a3b1ec7f1dfd6a4c1
845	./.git/objects/8a/f5482dc781649efa4d57a854d2caae3311d8ca
846	./.git/objects/8b/0f422db9c11f04fe47b7154db56ed09b6f80b3
847	./.git/objects/8b/99504418fe492cf5c722e1dfde2dd90117c3d1
848	./.git/objects/8b/adbedbe7cd9e7ebe1e339e69cbc89ac570f416
849	./.git/objects/8b/d612d0a15b1fe97fd836c63cc9dd0b91cca491
850	./.git/objects/8b/dd62ec4d0347d491b974930630f65e90028a69
851	./.git/objects/8c/272ae095242527918581dc4d5fbb0335a1f9e3
852	./.git/objects/8c/422a94bb0fd4534b377f9f5d3a167dab9166a3
853	./.git/objects/8c/558ced4c3857892f67e5bcb866d053c3d04ab2
854	./.git/objects/8c/8813c8bab0f55c0fd2392107f936f221f5c800
855	./.git/objects/8c/92def0fa08df6c77fc90b389bccbf76d666d5b
856	./.git/objects/8d/14ecd66087d236ae281922d9011562468ff418
857	./.git/objects/8d/38dc749035d76e869febc01053a8a8a66f7470
858	./.git/objects/8d/6b54e800d21a7e966e92e8ea2e9a89082a9591
859	./.git/objects/8d/7155ca4faa7254ccbc0bfb858e84aeca03ac0b
860	./.git/objects/8d/aca4e523fdbf86b23f55203d6499735e9e5c93
861	./.git/objects/8e/053a74688097d2df3b3702e279cdba14b2b29b
862	./.git/objects/8e/1d5c5d24c1c6cf8349c0019a43f9f87385fb26
863	./.git/objects/8e/5342b06200514bcdbb659343a6de9171f37295
864	./.git/objects/8e/6bd3a0d0b73fa9fa9e08d5ae22db978ba9d29b
865	./.git/objects/8e/73c24e3a2c188d4077f1ff5baccebf17d839e4
866	./.git/objects/8e/8697393776ee25abd422e41670b8f3590e69ee
867	./.git/objects/8e/aa33666f41762a6843143aa75bae9163e4c853
868	./.git/objects/8e/abeddd48cf28738fcf5492bceef31e8c18284b
869	./.git/objects/8e/c296b35e7a59937e9f2172f4bb4d73361a7a14
870	./.git/objects/8e/d7eaafc6b07ec2e745106e7506d89184cee4d5
871	./.git/objects/8e/e07291ac6a95c0ffdb987b51ddc3e1f145148d
872	./.git/objects/8f/29fa93a4445ed7678c2c658cf28002488594c6
873	./.git/objects/8f/a110f0bc7760988db9b254f6b5ab2db27213dc
874	./.git/objects/8f/b8181247f48791046d0461b30c2b789dfdd0a5
875	./.git/objects/8f/e75a851145329e31eb90c6a7ec6d8ce68f635f
876	./.git/objects/90/4fe86b88cd0d09976c4c1ccf094650a2ecafe9
877	./.git/objects/90/759b81c993611110627bb267cb83b719d16534
878	./.git/objects/90/88cd631fa7964f1fe04815528dc330ca29cd15
879	./.git/objects/90/e571fc168accadbaa433c7384ef9f67fffc6d4
880	./.git/objects/91/058da7ace28b8ac501a4b1ba6dd7b7cc14f487
881	./.git/objects/91/685fcd000795ae8c76eb8be90097574159b917
882	./.git/objects/91/7fb239138b1bfd9c994e90a673bf27a6d378fd
883	./.git/objects/91/9adc4f2058a061170f63ee91b2c2fc4ceab92b
884	./.git/objects/91/9b7c993cb80db2ee603106e15469ff8b170d5b
885	./.git/objects/91/9ef90cc404a3c14c83e79ab3430ed8df5359e6
886	./.git/objects/91/cd191aa81b61629fabce8843f2783f2376c897
887	./.git/objects/91/e32ce29acf329a3762898935857b52a3d3767a
888	./.git/objects/91/e6198a10db965b3a14e37618057ea26d0856c6
889	./.git/objects/92/50f9af7e69768571d6d7d5b48cc44e1aa861fe
890	./.git/objects/92/5b4a4d74ef5c56a79e638b815450820ec04c87
891	./.git/objects/92/8c90f128e352bc2c47cfa7f1a462c05533e2ad
892	./.git/objects/92/9c3d3c51146b684315dd705bc3753b4807fa48
893	./.git/objects/92/b9080f341e5d5cdbe063f19a76508bf7325c8f
894	./.git/objects/92/c2e7fac72039b366462970bedebc834124e96e
895	./.git/objects/92/dddcf270bb6da32cca803a134b7b7760657466
896	./.git/objects/93/2dbdfa93da7603a244969241437334d7ae15f8
897	./.git/objects/93/98ae5d03c1a114c7436e71b6dc1f09c27afb47
898	./.git/objects/93/e268884c93721836121379e5c33c7693c8ffc4
899	./.git/objects/93/e45b6b808c49ab1d3cdfabb0ae29a31cba1091
900	./.git/objects/93/fdc4bec59000addca460dbaad1c057b32c5a87
901	./.git/objects/94/1d24ec10d9ce6e137b1d27578b473dc66565c9
902	./.git/objects/94/6f985b4d44e26eb26e66145735dadb9e4d1081
903	./.git/objects/94/90bdd7a0900e3aad4db5f45803aa89aef23f60
904	./.git/objects/94/d3f1bf1f74a754c13c370138852a59f46e4fbd
905	./.git/objects/94/d58d0a25809f5c549ee0be4453e7a7efb2f760
906	./.git/objects/94/db662e98b328845c14bd3488bdb4fe99e26a2b
907	./.git/objects/94/dc22e99757323898bd1aa4859a17412f8448a5
908	./.git/objects/94/df98d99bf8dd15a89dc238b42fe6ba48355245
909	./.git/objects/94/e533a62cfb673a7bea0833c8ff6fce55b70c07
910	./.git/objects/95/599ca31dddfae16476260d19f018ffe6c1fb03
911	./.git/objects/95/86fb5153b43a822a5e2aa101e169495b2c2800
912	./.git/objects/95/9222067bac61a1c50554c1a215c9daa4fa0151
913	./.git/objects/95/a98094c4625578423b79af4be362f14cf616dc
914	./.git/objects/95/d543ac21e0d00efd6c898a0e788d0402dac21c
915	./.git/objects/96/09560dbe73fed8ed79c06fec0d237b4d16241e
916	./.git/objects/96/7ce440a09977242fa643a487d5b6d1dd59a625
917	./.git/objects/96/ad2d020c924fcdec2437182b3f4511022920c1
918	./.git/objects/96/b35116f3b018257bca57f5b87fe7e5f44a7516
919	./.git/objects/97/03910fe4904907721270e22b4a5e5cd403dff7
920	./.git/objects/97/45d06cc3b7a945b86250a285740c9fdeb05898
921	./.git/objects/97/7a60e0c0d73466caf10c4b3bb879deb521d15e
922	./.git/objects/97/846c5cad793270ac7c88d44ed69494cf225e9a
923	./.git/objects/97/b4262c02ab4f2c4761d56107a05d19fca1818c
924	./.git/objects/97/d0bd537dfea9c387b7d25a098b9eb3d68f5b22
925	./.git/objects/98/1c88fb3f54100d39de74bb5f137931c378464b
926	./.git/objects/98/730fb2d136b625beb3a35dfa4b9af4215c23d1
927	./.git/objects/98/76e6ac950cf6a357be556238f3541abca7bc0c
928	./.git/objects/98/8ee857193db202082a21972d1ffc230427a70d
929	./.git/objects/98/8f062150d4c5af3aecd5d927fcc0670ed607d6
930	./.git/objects/98/97cf73a9e5f3a0efba2f128a71c3b5a79d770e
931	./.git/objects/98/98ebe928fd9b77dfd85e0ab03fd58876307ef0
932	./.git/objects/98/9a2b2abab32dbb38fb78f136982e1ea203ffc8
933	./.git/objects/98/dd2cef711232efa3fba5d9ea4e5f3be1b6ae66
934	./.git/objects/99/116c42df753e43ab83381df38d3a189ba46e23
935	./.git/objects/99/4e2cca77e0052f12610f6ed837e2c777c83090
936	./.git/objects/99/6fe7bb5856ef06ade899eb2895bffb239026d4
937	./.git/objects/99/75789a209c3524117dc7a6debf820b2820469e
938	./.git/objects/99/f2f984040fd48d26c1e9aec7460d06efe0c3c4
939	./.git/objects/9a/07d39bd92ecb6537e2253c11ef548bbc11741e
940	./.git/objects/9a/0f7fdd1d6bea1f418131c921b9ab254cc40baf
941	./.git/objects/9a/0fa3e5365f824fefa278c9de4d3d4ddedc1ad7
942	./.git/objects/9a/310459c05de548cb399f60316d1e839f414640
943	./.git/objects/9a/3893282e4151bdbf807f0cc8d0fd26d51ef06c
944	./.git/objects/9a/c87c0bc6da0e64acc337dbf2074abfee9e62a5
945	./.git/objects/9a/e3af4f69027d28be7bd22275b3e5b6867b3306
946	./.git/objects/9b/19916b05f03de5bbad411c998b0547a901d132
947	./.git/objects/9b/219ab628dbc719fd5309d785a4a2498e4cf2f8
948	./.git/objects/9b/2b0caf3138c0b636745b9c7ef091f47218bb61
949	./.git/objects/9b/4b4e183e530fc41b27f10775c082836f7d3058
950	./.git/objects/9b/7d0952e4701e4791ee254257523ebf5316d4bf
951	./.git/objects/9b/7fb8f697c5b625e4fc0ca7858249d70a0e5a29
952	./.git/objects/9b/a1828c80e79bb8919a63d9847a6e2f4d09a859
953	./.git/objects/9c/17bc403feb1a638aa830e2ca35dbd05160a458
954	./.git/objects/9c/4693d1aa6ffad1464a52b1356978b0cc489f20
955	./.git/objects/9c/5693a522401432c59b8e882e670716be8edf38
956	./.git/objects/9c/c819886539f6f8cf71e5f3b451dad06adf0239
957	./.git/objects/9c/f593bc5d5604b4bdb037d42dc77d20eed6f7e6
958	./.git/objects/9d/11d1a52288362a847486258e7e37fab7dc10e7
959	./.git/objects/9d/15143e46440517b6c967dfe14d2d4ed7d50ff6
960	./.git/objects/9d/24b2ba40c9adc716f0aa4f426c4daa280916ce
961	./.git/objects/9d/75f0573b73bb55560cf558769fe6c8da2dd31d
962	./.git/objects/9d/76464ac9bc3562bdef6a86ade4d08449f9d29c
963	./.git/objects/9d/f444b74c8aff8deaf66d8b8b156ac7c1d13ec2
964	./.git/objects/9e/00ddaf344f91b3d7fd712ed50a05a4a1f51822
965	./.git/objects/9e/5f8b0242ebd52885d2058b024255e87439d37a
966	./.git/objects/9e/7613563c715340eb6b65fc9a2773304af3d584
967	./.git/objects/9e/8390ecab328141d5cc63280e4935c89560761c
968	./.git/objects/9e/9d14f5a5d8039c57712dd6255cbe731ff4ffb4
969	./.git/objects/9e/af0a46ded15e84ff1c329fbba5f07c92380660
970	./.git/objects/9e/b70593d58487d4dd8dd41cad97e4afeb2bd064
971	./.git/objects/9e/c83d81baafccee5457059e5a00712705942f6d
972	./.git/objects/9e/c93096af65bffa03a93c367f717e60200d7621
973	./.git/objects/9f/170fc2931c0639df6edee9e8650d0d4d7e7d45
974	./.git/objects/9f/2c3be8a509e223c28b420f47fb062023104eb7
975	./.git/objects/9f/2df3a183cacc85c6920ff235a725dd075139a6
976	./.git/objects/9f/46eaaa6798747ee47bc3d6425ae4919b8f0ab5
977	./.git/objects/9f/87531784e8a6bf6dc3fded24a4efd082fc6d8d
978	./.git/objects/9f/cbabf9a032a12fb839b115d6d679625caea639
979	./.git/objects/a0/35f2319beed68ecca39432ca92339fb03cc1d4
980	./.git/objects/a0/a747e11bc283920eec5ee5581e8a589b3989f1
981	./.git/objects/a0/ace2b07f0bcae9db1f3e2a2c6e2f240c46adc2
982	./.git/objects/a0/b33475b5fbff6743c5746d91610b31e8daff05
983	./.git/objects/a0/c7206ded3417edd4670cd7b775bf589e405b4d
984	./.git/objects/a1/79375c94ce1a95116488ca2b772e727bb43f07
985	./.git/objects/a1/9554d5fbbc8e43d5eb27d015436c9e49a537bd
986	./.git/objects/a1/adf0c11204dd2ac26b4b6c240ed4cf75da8580
987	./.git/objects/a1/bde9f301920048bf698e79d33ffab9d1a5da93
988	./.git/objects/a1/d536cdc6b0f563965c91255a1265fdb3c7714e
989	./.git/objects/a1/d88019d28f9b62415569c10255ba02de0bcddb
990	./.git/objects/a2/a3315835de7a0073932c7b2d341cb2043d5c7c
991	./.git/objects/a2/bf8d077d41351657b8c7b29af2bde494a78b36
992	./.git/objects/a2/c21dd51bfd350b95583bb8a302594dbf4e7c7e
993	./.git/objects/a2/dc9f51e289c15e3b71d485569fe1d031175f0a
994	./.git/objects/a3/035e19cc7aa0d786487bd39792ac4fd10f0925
995	./.git/objects/a3/0ae44417f675405c7b5eda92967f7b12f63df2
996	./.git/objects/a3/3b306108ba49f1dd6ad714a0c988fbf5a3c7ce
997	./.git/objects/a3/ca207d18b7865491bb66600a4b05ebe6ce32f7
998	./.git/objects/a3/fa4f70a887f80a5447faa18d272a1ddcb72412
999	./.git/objects/a4/04b83cd433bf61a1679c163ae585e91d46c650
1000	./.git/objects/a4/0fea6cec257a0a08f5e961b658f5ac2194f199
1001	./.git/objects/a4/20c5d089de734be425aecf8a31ffaa26b8578c
1002	./.git/objects/a4/e6448b31343088b791523777da3de9b787914d
1003	./.git/objects/a5/0944bb06909cccf567525c723e17601b98e08b
1004	./.git/objects/a5/0d3e3ffd4a71d735f04225f6853185948cfcc3
1005	./.git/objects/a5/448f3f4e9a049f81784247bc459edfa0e82376
1006	./.git/objects/a5/8079ae1b273f9bdd397015825ced64b8d5c604
1007	./.git/objects/a5/b76f58dd42c5b32a3a0ccb93b5241892bfcb41
1008	./.git/objects/a5/c75e05cfe616fd4426752a8ec1ba8ae7bfa102
1009	./.git/objects/a5/cf1b8f40d656666bf87752326a29b236c31860
1010	./.git/objects/a6/b5045cf9ed48630bae3b26935d13c695518e00
1011	./.git/objects/a6/c2cced726da3fb4068a83577dd4cb66b9eb1ef
1012	./.git/objects/a6/dbbcd703423f681cc84ad15629625964e9988e
1013	./.git/objects/a6/e72b4272e24ad19f1accbc349114cc046944e3
1014	./.git/objects/a6/fb66995c45a31ac748e1bda26708f21b344a47
1015	./.git/objects/a7/4bf3142579ba7ccff357544e35e87d8bb3abab
1016	./.git/objects/a7/7c3e4d76f34592fa00cb0b34f5bd2f4b4a97dd
1017	./.git/objects/a7/8979c6d2e678643727f4e6996f369e9fbdf54a
1018	./.git/objects/a7/bafdbe2b3253a81590abe35a4530aac1651ff5
1019	./.git/objects/a7/e2c3035f00cf72acc1275634edd65a6d73a68f
1020	./.git/objects/a7/f42127f994b05c62a8829ecfe46e18f2a6b86c
1021	./.git/objects/a8/419d3fcd3e626083cb9bacfde0142d330cf467
1022	./.git/objects/a8/7644b51cfbdfd0c7245426efdc308079e953ca
1023	./.git/objects/a8/bd181d94ce5c392454e71fb3ea0a2574f463c1
1024	./.git/objects/a8/cd88a6f5da9a9a7535bccfcc28d2aace9c22f5
1025	./.git/objects/a9/44fa424cef387d426de37ec0ae99503fc9da9e
1026	./.git/objects/a9/63289c210bbdef76b65f406efb98498337bb7c
1027	./.git/objects/a9/665029a4c9114f56fd70bbae5db9e0f6cc8f6e
1028	./.git/objects/a9/8ff041599d71b46b1f02f78fe3d9462ce024e1
1029	./.git/objects/aa/1e4d48723b721dd4dd6959fd702416482b803e
1030	./.git/objects/aa/22a02254d7af47a101e962816cee1cd8ed727c
1031	./.git/objects/aa/37256db7d4df726e8d207452c7d17d5a66ae71
1032	./.git/objects/aa/ca1ab66fefc7cd69424fcea6b4b17d0df459d9
1033	./.git/objects/aa/e4bfb5755eee7e4072d7f566430478be324fbe
1034	./.git/objects/aa/febc4651b5d407c4fbb84c0cc39dfab4a59909
1035	./.git/objects/ab/3ae6d7e39f7a8180e17367f110f58ef1a05f7e
1036	./.git/objects/ab/59a6964d0925bb1901501f60743b9f43eea55f
1037	./.git/objects/ab/827fdc49282da7f96ab530f6515af9acae5f83
1038	./.git/objects/ab/8dcf91901ff37701f4decfe73e59d3b194c191
1039	./.git/objects/ab/a5933696cccb99d4730a62bdbea44f00e0a42f
1040	./.git/objects/ab/bbb81304c2874cb55aaacc463de1c05d673595
1041	./.git/objects/ab/c01424726d10f667a848a9a22940bccf8cf3ec
1042	./.git/objects/ab/f56b5882b5cae595c357552f3187f870c39257
1043	./.git/objects/ac/9eb5303d3a38487acb68dc67b9047feefd1dbf
1044	./.git/objects/ac/a24948f52324b2d2d08b03dc1bf70827363aa4
1045	./.git/objects/ac/a2592a881c37b97a2fdaaf30dd42ba0cc29007
1046	./.git/objects/ad/016ccde1eab2651e81f048e0e569f1a9874f02
1047	./.git/objects/ad/17f87b7d064341f0d921c473f8a787be312b87
1048	./.git/objects/ad/2dd7524582630d530fa2641078c460b9477ba5
1049	./.git/objects/ad/5002733d13cdfe1887b15b1aeeba3cde62ac78
1050	./.git/objects/ad/58a7cb614ba3b7a82350f126c94d32061d63c9
1051	./.git/objects/ad/a329284e44cca27f17cb7d88e85232b0b1dbdf
1052	./.git/objects/ad/bf96b020994258eabe5defded1b226688dd6f0
1053	./.git/objects/ae/12d066819a0a9e1eedc7367dcee89854a5c6c4
1054	./.git/objects/ae/15513a4caa580a2c8ea22156d928da46c8fe65
1055	./.git/objects/ae/45c2386f6e3242fe0b16f2a851411b030a6bb3
1056	./.git/objects/ae/4bde0c362a84bd0acb02d1786cb610efc44caf
1057	./.git/objects/ae/d4ec403c5d5ec39629916fe476c8b3d9e9309c
1058	./.git/objects/ae/f76186645746eca5df30fba5f65a67664883d0
1059	./.git/objects/af/0f0792cb9bc5a692a7803687356c5ccffd2702
1060	./.git/objects/af/1a1f314eec662de5615efc3d0d3afc2999e90c
1061	./.git/objects/af/2e87f9353767bf21997581fe218353f7ddff90
1062	./.git/objects/af/6cd3242fd04a3b2c3bf753ea5f07ebd65fefe3
1063	./.git/objects/af/7eeac353dfa0c8e65bdfa5847be63dca75d38a
1064	./.git/objects/af/8d65481bcecd6ac55a602d20e91ec52c765848
1065	./.git/objects/af/d3bf9bb4fa46a2fbae61c083a0c6f47c7bb28f
1066	./.git/objects/b0/012fba5b5eaed02a7c8dd3dcc003e9dbd4e36d
1067	./.git/objects/b0/0766020c3510169e53dc93ced892558a0f294d
1068	./.git/objects/b0/154d46fc6f4647642bd80c16f957188bf5fbef
1069	./.git/objects/b0/b5121b764900a154ec8491906a0e970d916fec
1070	./.git/objects/b0/c7884192ee821106d0d6a1227477e1961c1eec
1071	./.git/objects/b0/f51fd5ec632f18e9e1121ca19245233eab2464
1072	./.git/objects/b1/007f9f78e158c89d4492995a6400faf498355a
1073	./.git/objects/b1/2277e1e774862903a82561d2f77194165821ac
1074	./.git/objects/b1/6e4f8d643ce5cf3d140550c4a3885ab09932f2
1075	./.git/objects/b2/1b2a67f832966f1550a1e9886fd6c6880ce68f
1076	./.git/objects/b2/658a8679215965da3c61b8f800175638bbae38
1077	./.git/objects/b2/665305d9acb4d2286f34e4cb8a2508fddfb957
1078	./.git/objects/b2/fee8bd0c7975bd953b328d4a0af63d8fb75ef0
1079	./.git/objects/b3/2d9f4a8f7b3c52e8c593f07980f3c5e459c2c7
1080	./.git/objects/b3/3385b645e82952f5d4695af0464eeb3d251a31
1081	./.git/objects/b3/3997b5bb68d6a59d98f0c945b7ea274aef3cab
1082	./.git/objects/b3/42c0eeaa9c420071731c1c2495a45ebaa1ee11
1083	./.git/objects/b3/62b3dc093c43f8ad77f7eb60395a9b12fb7ebd
1084	./.git/objects/b3/6c94c85b2ab5cccde2dcebdbdc933b5420cdfa
1085	./.git/objects/b3/826820849e55707889bd5757ea3a14f1d2c3d9
1086	./.git/objects/b3/b0bb873e143c8f4a9aee4eb5ee8c90528d81ca
1087	./.git/objects/b3/b4af513709571d8d06f565a1039652486cc886
1088	./.git/objects/b4/3e818fd065770186ac2069329fdc995cd1185a
1089	./.git/objects/b4/93236bde23556e2cf98d908efea170cbedc976
1090	./.git/objects/b4/b8182e128013b3d125774ebcb21b3cb62f17db
1091	./.git/objects/b4/be8710a473e4128ce1d2e714fd9ad49fe20c02
1092	./.git/objects/b5/26e9c2bfb5fc59b1faca036facd8009b50d718
1093	./.git/objects/b5/302cdaa229f4520d4e8b80e05a0f35b055ed0c
1094	./.git/objects/b5/37d8416ae06210fa3784006888ba77e9f43a6e
1095	./.git/objects/b5/6d62bbb91919fb4fee3b93bd9daa4ace1aa3ae
1096	./.git/objects/b5/88118cc16500295cb6d72ce0e1d473d78e5cf3
1097	./.git/objects/b5/cbbba4903c00842f7bb7a723ecbcd494184e46
1098	./.git/objects/b5/d4d290d93b6ff0017291141c53cf49f130d9e1
1099	./.git/objects/b5/d5fb345417f338c51260078084876702a0cac5
1100	./.git/objects/b6/38fc0429543275d092adbb310bbb3269cdf262
1101	./.git/objects/b6/774e70913c45695743f59ece21e4cdd7b2ca23
1102	./.git/objects/b6/94a14902b0a51b69d047bbc46cfc08dfad2fee
1103	./.git/objects/b6/950ce42e133b638e9d731d8fc4ea42b672b6e9
1104	./.git/objects/b7/041ef4948cfe7adf553fa93bd25922259c93e9
1105	./.git/objects/b7/6855ade3169789802279cbcf9e2f1f12d8ef18
1106	./.git/objects/b7/960102a7cdd00ffe85cfefd4f52c54c5b3df27
1107	./.git/objects/b7/be0714d52af6f5d644e64b68ad8916ffe161ad
1108	./.git/objects/b8/47f81d5e0cc5e07cbf4b19c79d99193740c876
1109	./.git/objects/b8/fc094f40adbe4dda85737b685b6ffe938d58d1
1110	./.git/objects/b9/0144c07d856cbb38989fe56b1e132689064317
1111	./.git/objects/b9/05fc01c0c2682598490af385fded8d2ca4c704
1112	./.git/objects/b9/3bb3f7b4124652369d398df3f84f9e2a5b3d54
1113	./.git/objects/b9/503682a4941749b3c104c08cce090ed96fd5cf
1114	./.git/objects/b9/7c9cbaa83cda459beab9b09274ad7fac6938a0
1115	./.git/objects/b9/fe5ba4e35a11d9241580b2bd18ef54feac5250
1116	./.git/objects/ba/0ea10c9529b526e85021461355f5484593d7b4
1117	./.git/objects/ba/31799d12bece07d4294f1e6eb38bf970dc572f
1118	./.git/objects/ba/35fd3997d6aa1b04e1e4f55cd89909dc4b0217
1119	./.git/objects/ba/4ff60312b664713dff998c02ec2b7462989f1a
1120	./.git/objects/ba/70bed03e196a3f16fd28c253cd9d79863e447e
1121	./.git/objects/ba/73397799988808a8164dc4f5d36f98b38e225b
1122	./.git/objects/ba/dd36297185b85f6c4a3ea9509656fe0196871d
1123	./.git/objects/ba/f04896c628ca863593f0e0e17736de158d0472
1124	./.git/objects/bb/0793336399242adeab61f960405c6c1e816e45
1125	./.git/objects/bb/5820558f239edddf136ff735bb1cfe54a36901
1126	./.git/objects/bb/a0c25a96b6bdb9718f3f649d8a9c58b4fe5bd8
1127	./.git/objects/bb/bf9403bb617ce92bd474195c11450a638807d0
1128	./.git/objects/bb/ebb5eb94b6899045e7647445f7999e0155bbe2
1129	./.git/objects/bb/f5f79a0c00accf75ffb68e0578cf9763c4c65b
1130	./.git/objects/bc/1be27e94201338426af30120373a7f1d56ba41
1131	./.git/objects/bc/348cc5bb1149f5c1c36383aaed7798b03588bf
1132	./.git/objects/bc/afa80d6318fbe82e3768681e0c109a17accf83
1133	./.git/objects/bc/e19b4a956f9f7d90d3bc05e9f85a6d2d00077d
1134	./.git/objects/bd/178b524bb569294811f1982e70e6d4516e2fbb
1135	./.git/objects/bd/31307164f348d3b4dd60e3053bcd626fa1f088
1136	./.git/objects/bd/3c214e5984e9757e7f2f97e31b885a886adfa7
1137	./.git/objects/bd/5208d9d8dc8a117fdda406b5c9da453f320574
1138	./.git/objects/bd/5fffc98e72fdabccf7867cb2b43fcc2d784a6d
1139	./.git/objects/bd/645e2ce66c19303d2a8dd6b7389b7ef811cebc
1140	./.git/objects/bd/8743b8113d822b64fde5e6a2d368208bccd013
1141	./.git/objects/bd/b0de204b17c57d8c4416e6e689fbb6bd962885
1142	./.git/objects/bd/b14b5b937ad8adb6ca94148d3e8c0d42b6fc2e
1143	./.git/objects/bd/e5cd1e18f055a9c9a58c72128ec8c826434bee
1144	./.git/objects/be/0f87683f23214b78b5645d93da42730300f9da
1145	./.git/objects/be/1986aa3ae5e8f0c0c8dc47e47a8c9456ccf899
1146	./.git/objects/be/2861447fe0a4afb3bcabbe385321cb1d822726
1147	./.git/objects/be/3ba77bb86ca727eaddb3393e28633edd935a43
1148	./.git/objects/be/47904af29a4336313623bb731263bc590e3067
1149	./.git/objects/be/64bb7b198a1fe6a8bae8baca283baee59c847b
1150	./.git/objects/be/6809a0edf84221770067127bfcefa32d7f0bec
1151	./.git/objects/be/78ca889a945d953c2c7cf2a9419cff263db55b
1152	./.git/objects/bf/26ed2b5200f1e51848c684f28d7475002980aa
1153	./.git/objects/bf/71868d6bf545fc11f5b07f019137f28c6649b3
1154	./.git/objects/bf/c49b61947c861b4478d19f7fbb85610d09edeb
1155	./.git/objects/c0/21240042063ac183688f38c52ecd6e8df7f7f2
1156	./.git/objects/c0/36b0fd85c3ad690018b5e400c18c8dbc1b8ea6
1157	./.git/objects/c0/745058c3ef186070c38aace78b7a7af0fee215
1158	./.git/objects/c0/ff09d0e4d54002bf3cf137fbbfb33a82f280cd
1159	./.git/objects/c1/15eb409b6e7fa8a812e30fa5f9a73984adbfa1
1160	./.git/objects/c1/3b426e753bd9d526315d69ec236a4cd87cf65c
1161	./.git/objects/c1/4300d675f5603a6c33eff7a7a9b3cde07b1ac4
1162	./.git/objects/c1/5865fe8d6d1f1a1866985b6876cfd4738dfe47
1163	./.git/objects/c1/6969668d6396bb8aafcd4de6a16d06c6408574
1164	./.git/objects/c1/6e8d6c39d259a2312f2f01fb447a3a0d501435
1165	./.git/objects/c1/bd0b473e5bb97f623ec10cef9cc7aa0e7017e9
1166	./.git/objects/c1/f59829abce5badd7d29f34a6a74042d0deaa27
1167	./.git/objects/c2/970ff1bc49cf11cf36ebc99f0fc0b06c2ed32a
1168	./.git/objects/c2/cafb398a1844c8274f66894f2480991c4f6dd6
1169	./.git/objects/c2/e4dc14fef0515d21f65e1ff12d3572f64bc82a
1170	./.git/objects/c3/378c6ed7693b4cc4ee903a9a90f8e685cb1df3
1171	./.git/objects/c3/9edacfddddef093aae1e31bc01f8b47b3a0bac
1172	./.git/objects/c4/0757f9ac16ec696334ace25eac48dfa6772611
1173	./.git/objects/c4/33e8a3b803ba92e3010b9de89d459b300151ac
1174	./.git/objects/c4/58d7363eab8de1ec49aa70fd7e5682ea8ca9b7
1175	./.git/objects/c4/6671b831e9e4b08ecee64726d532e53b36c349
1176	./.git/objects/c4/7b28f6ad3d4e711c2224229a2944369ec809c1
1177	./.git/objects/c4/7da46f4028d7eba1779ab8361e5df431eab384
1178	./.git/objects/c4/9d0d0b673505c3b9f4e48c622ab687ea49642e
1179	./.git/objects/c4/eeebf47d969bdbcd568bd8dd8c5a9e5afef2b6
1180	./.git/objects/c4/f78fb386ad9d3040afd6892f01dad3072bbe69
1181	./.git/objects/c5/2455843f918a2269e669288b8c1448afa6ab0f
1182	./.git/objects/c5/4663b211e605a35023021756d3ed70e514d498
1183	./.git/objects/c5/8c087c7304aa31dd0c2c4b464345f504e4bf18
1184	./.git/objects/c5/94ed9fe3d1e75c586a88b78247d31850bf42f7
1185	./.git/objects/c5/a39c8fcd2ccee52930eb6428fd569c4401dc54
1186	./.git/objects/c6/11f3ad7023de1c5acbe8d250bd3e2a9b4cfa22
1187	./.git/objects/c6/1f5f7e62a139afbb98e971b3cfff1a0f982152
1188	./.git/objects/c6/22d3ff34c64a5ff7f35c0b5fbea9742dae0bca
1189	./.git/objects/c6/2a111f357f65e96be0d98600c0017db631a78b
1190	./.git/objects/c6/3b3b4c4f44f30a6c7c10e938f0a72b7e7a7130
1191	./.git/objects/c6/771c5314acffa16387ba86a72356a89a821f63
1192	./.git/objects/c6/7b292d8a02ec7ad16ba3d7451cc0e0bc33ce32
1193	./.git/objects/c6/ae3a3c3d824ed3775d1e46de26380d037f45dd
1194	./.git/objects/c6/b74df08cbbed1f758116148a41805ce7ff8d52
1195	./.git/objects/c6/f23485d5bb94f62ffe7ea792ec9cbe295e3674
1196	./.git/objects/c6/f53197dd607f52fcbe0b7d899c5390d4ef7713
1197	./.git/objects/c7/09fee0ae4a8e3831faeb8da1d615052248c6c8
1198	./.git/objects/c7/141582d49b8beee249895db8628eaa7188869a
1199	./.git/objects/c7/1b930aa40bdb2a2b5e7e523733b1d3bfb3ba52
1200	./.git/objects/c7/1f2cc6d3e84c30fd2f341fb571d8690e3e62fd
1201	./.git/objects/c7/423c43cc3f99979b0f6e92bffd898a8cc33133
1202	./.git/objects/c7/49c295449829cc7ea1721df7f5e4d202d13b0b
1203	./.git/objects/c7/4c307eef0cc4f13b35dad859ac05b97a7b6119
1204	./.git/objects/c7/73d48fbffa870701f194129e8fa974ff6c8f2d
1205	./.git/objects/c7/80bc5e353803421438cd6689d8c917c239d90b
1206	./.git/objects/c7/ae828f7dfb46fb997111d034defd49f2187ffc
1207	./.git/objects/c7/bdecba12d61e090f78d0d3a7b4fd11492b2ce5
1208	./.git/objects/c7/ee41418a5e208fef0553ee06d587d1f9592180
1209	./.git/objects/c8/1ec9217c987aceb3e7e2453a86e4956cce96d0
1210	./.git/objects/c8/49fec4ad39995df3543ba5de8e2bd5ae1ce539
1211	./.git/objects/c8/a4ea4cad7aeed757e481fa5539da0580df4ad6
1212	./.git/objects/c8/a8ec99459847963ac8ba561b3ab398f29f4aaa
1213	./.git/objects/c8/e02d063337ff159248a2b68e790ee9bdac7b0d
1214	./.git/objects/c8/f73d01208a43e5d47405b033848ce8c62c67b1
1215	./.git/objects/c9/2756a2e2bf1613dc272e55b042df6422b544a5
1216	./.git/objects/c9/668439ca70619e619f60fde9585f25d343a474
1217	./.git/objects/c9/8821d9e7f5bc6424bc0406d61c4743e135b08a
1218	./.git/objects/c9/afb697ab4b91d69d0aa83def2c1ea1b66b7a21
1219	./.git/objects/c9/bfba6221742c20ce6292b6092eb90d4ca4c327
1220	./.git/objects/c9/ef8467563334d78f6a7a8f245513c6a64f29e1
1221	./.git/objects/ca/2986a133647c8f55990177336cbee87c74ff43
1222	./.git/objects/ca/b6e118615c0c3a04aea349cfb597826088e79e
1223	./.git/objects/ca/f09578c18b2aa23be38242bc908117744bb57f
1224	./.git/objects/ca/fed3883b71a7993d42178c215669f8cd57dcaa
1225	./.git/objects/cb/06427d3f714f07c2ccb1ba485eee3fb0f3834c
1226	./.git/objects/cb/287ea0db1ab7954a034bccbee5b119cfb7551d
1227	./.git/objects/cb/29e92854bc7e11babdc830c3d92c48b204fbfc
1228	./.git/objects/cb/3a798b3a548ea2b926f2592681a36cbfb26c51
1229	./.git/objects/cb/8e452c97cfb35975dfecfbac8422a0209e3b65
1230	./.git/objects/cb/dcf0da69e57b7e4762854bd4c9629d7a092b2b
1231	./.git/objects/cb/e5bb79b0152b58f08962d743aeb31ccbd0a76d
1232	./.git/objects/cc/09fde6c072ba2167d3a5c7e6ce7c4203e6de47
1233	./.git/objects/cc/964ab1b08d80ef5317212be25004a71de4a25c
1234	./.git/objects/cc/b4d19d26e21af71f2d14f9f055866bcdeee782
1235	./.git/objects/cc/b9177d6db014b5d341ae1da61facee19ef657e
1236	./.git/objects/cc/c55d9ead3bb95269e18c8d9b4670a65de0d371
1237	./.git/objects/cc/dda18c7010bbf74bb962683de8bbbfea27f315
1238	./.git/objects/cd/12d87bfd2f152b352d5f1399631f2a1cfb61d9
1239	./.git/objects/cd/2179b42872e848b024f14e527ec0b7beb5e980
1240	./.git/objects/cd/54c5e796cbc0f3632170c6e3afb829ed65a54b
1241	./.git/objects/cd/5b98ca856b9273b98f545789595cd2f086067e
1242	./.git/objects/cd/d7a54d62f0579f632227380f844ab5eef3ac50
1243	./.git/objects/cd/e7954339ad821f6f30e32c33d103ffdc308b9e
1244	./.git/objects/cd/e877171b037393cf90d21707e0f91fe4bb05cf
1245	./.git/objects/ce/056b0e973743b23a6e198e4d43a7774782a204
1246	./.git/objects/ce/0a9955734fa96c85a58506827ed3a7ab984258
1247	./.git/objects/ce/30e870ce5d86512bde78605031d3d9ce8c25e7
1248	./.git/objects/ce/46724ac145dacbd45ca5e723bb393904b03e7e
1249	./.git/objects/ce/80fc83d3b7b15f27be0b99ee38a60dd0d3b67d
1250	./.git/objects/ce/85c9a6f42f62369846a99b09d362489947b118
1251	./.git/objects/ce/b838c06cf9d4fe8cbab248b6b554d4d3fd6582
1252	./.git/objects/ce/e033a9bbe89b478827902b7451d7a5d69342de
1253	./.git/objects/ce/ed406096790abc6b0e2c43166f08c69b7787a0
1254	./.git/objects/cf/08e39a21d297dca43b2788302c4241d514fa21
1255	./.git/objects/cf/3f4058cdacc9fcf06c01721daac6f85aedd6ea
1256	./.git/objects/cf/467cdddfa056c34c81a81b43074f62744bcfb4
1257	./.git/objects/cf/5a3683891be039abba85443dddc05ed98e299f
1258	./.git/objects/cf/802d291297d280360860d91612538b66971826
1259	./.git/objects/cf/9ce62b7dbd18193edd0b606b077ae364c4011a
1260	./.git/objects/cf/be6c55364b54f0f1ffda96f08da630f5ad0726
1261	./.git/objects/cf/d1f6cf2350edf9a542233c70d9f05e9bcc7c3c
1262	./.git/objects/cf/db1099b1e6a286891ee7b7a3b2e862e866208b
1263	./.git/objects/cf/ead4c8009b4378abfbe68217cc46e9908e2c6d
1264	./.git/objects/cf/f0211d96699ecaa3437dfa51f61bf643407e9c
1265	./.git/objects/d0/04d3c3299d3aacc1fe502d4aa78891daaba981
1266	./.git/objects/d0/59174a47bbdefe4b9976172fa3909df95584e5
1267	./.git/objects/d0/9ff3892e15670a3c32614a4a77978c83742fbd
1268	./.git/objects/d0/eeb84f971a94129e13dec5897f4be8ebcd578d
1269	./.git/objects/d1/0b568b7639eb82e26dd7c6f94494e71f0ab91a
1270	./.git/objects/d1/2f9ce9659cdf6c6ef9c3f449aec07a4b29eed3
1271	./.git/objects/d1/37a8c7bd118f56cc5bced82500039503391571
1272	./.git/objects/d1/3a498a70ba0865ee82f2e154d68e56bbaa6804
1273	./.git/objects/d1/3e312a2cdebd15b88e84a7387e033155e90cda
1274	./.git/objects/d1/64de15ba9bdb560364857fd5278d4ee8b88262
1275	./.git/objects/d1/85fe96ccbe9051301ce786ab7d6ce53ac4871c
1276	./.git/objects/d1/d9c27b7ce777de1932e6c15c4f2a1baf74c327
1277	./.git/objects/d2/19812b361ca5ac1f7e18b00844ee362ba1b7da
1278	./.git/objects/d2/5691ea85878a1281b27b1527f9feba9849b287
1279	./.git/objects/d2/6d47eb0dbf1e23aaafea542f592c5d831cd8b2
1280	./.git/objects/d2/6eadbd3da58b9fafcf64cb3fb8d51c9a15f080
1281	./.git/objects/d2/d396bea15fa6e6847242b0da616bd23affa5f8
1282	./.git/objects/d3/4656e33e6e08db73da2cc6fd53e007f3b22bbc
1283	./.git/objects/d3/66fe87e1bf6590eeb4d058d8da05ebbf07b247
1284	./.git/objects/d3/6be8bab74bda375fef3c15cde73c846ecb3730
1285	./.git/objects/d3/a61cfd93a992f34f7108013e177a1f015b484e
1286	./.git/objects/d3/b4ff785b4e3eb8039bef5eca2cd8335d01b4c3
1287	./.git/objects/d4/306e7b43f5b180df0d68899a93e9b5dbf13bd0
1288	./.git/objects/d4/31cb7f841d1f87c76722924ca00ac110e95a8f
1289	./.git/objects/d4/5d455427a845c1f43bb107e105f103527c8118
1290	./.git/objects/d4/b643e504e28aa0d26945e65852b9a0244756f6
1291	./.git/objects/d4/ef0226d79712c8b6f4ec5502d4389f07b7f6d2
1292	./.git/objects/d4/ff006f4572f55c40b3156bcde72555dc2b8787
1293	./.git/objects/d5/655a62be57671b235e2fe98f50df6fc821d9d6
1294	./.git/objects/d5/a40e94d339a3c8ee5569329be689403ad2c0fb
1295	./.git/objects/d5/baba3cb34fadb7250477c10e29f93dfef14643
1296	./.git/objects/d5/c043e94da7bce73bf6a495596e35ab5a6d396f
1297	./.git/objects/d5/e6523ba8d13910d9f58ab527cc933995a08a3b
1298	./.git/objects/d6/777cf038c80d4502d7aa42af4953098a13db3e
1299	./.git/objects/d6/8133c79467180370d72e4523838a140effacb9
1300	./.git/objects/d6/85047fef7123de4e587b5679466de7557ec806
1301	./.git/objects/d7/31fadc901c7bb0e4b359930da301f2efa785b0
1302	./.git/objects/d7/5d9adbff41748946a0025eabaedd6fbb921e3c
1303	./.git/objects/d7/768bdca1047082e92825090d9c64d4f56e2980
1304	./.git/objects/d7/7d8f62073d2c75c74c2a22dda4b5f590021e2c
1305	./.git/objects/d7/a7426de18a2c58ea3a00b9bbe9e6dbc9c9d1f3
1306	./.git/objects/d7/b5a518e12595e77fbcf664108ea64b29f0fa8e
1307	./.git/objects/d7/c9d090147b1cf4ac811490a70c42cc4965f430
1308	./.git/objects/d7/f3b55a6d14a7e887240052567469954930f0ee
1309	./.git/objects/d8/2cc25fd2c63fbd5dd3f14d81e50423d582d424
1310	./.git/objects/d8/36c1a48c6097baf45db4d47a6e1724903897b4
1311	./.git/objects/d8/670e4906dfd50353fb51918c711f6f04139c87
1312	./.git/objects/d8/7ae675ebb43c0847e6cde11774ddae9f4bdc4d
1313	./.git/objects/d8/84d92ebe9794f8a3b578f27ad492ad9d86a8cd
1314	./.git/objects/d8/8f740e701dcb378c533e760b9a16192fc6efdf
1315	./.git/objects/d8/bc86f8ec88e65b2449fdad81c53e24ee1e70e5
1316	./.git/objects/d8/cef185c6513b3d09580d0f97fbab996fdd0f8e
1317	./.git/objects/d8/dd4dbe29dd1744acce56adbbe8db417b1778fd
1318	./.git/objects/d8/e5b878598eadcf9a0bda7de43a0c14a98ce05f
1319	./.git/objects/d8/ed48f18275f7a1e3bc0e3a20a40914f29eded8
1320	./.git/objects/d9/079aca1758e82740c1335488a49880ffda6cb4
1321	./.git/objects/d9/5a182ae9fe0f9528508541975289bdd1b0cd62
1322	./.git/objects/d9/827351606ea3990fb98385a365612588cb9c1b
1323	./.git/objects/d9/9795193fc3a21497318977a2e638040860d0e5
1324	./.git/objects/d9/f54afc69a2adccd89567797549e49ee38c6134
1325	./.git/objects/d9/f98049bd376a1f15b6dd1b7567776b278b67a1
1326	./.git/objects/d9/fb557302a8952152efbf8f11a231b55eaf5aa0
1327	./.git/objects/da/1a486b7bc369835b194f632257b3bcebb48873
1328	./.git/objects/da/48d7869548d124c546b8ea26634aebf60b1180
1329	./.git/objects/da/5e80f6c44247c98caef5344f1d6f42b4b6ee96
1330	./.git/objects/da/8353fcc31303b0e62488dd2559489b1c4e5677
1331	./.git/objects/da/ad35062028122add2c7f5e0e0f96b154eff097
1332	./.git/objects/da/e56108360310c18fd297e20bceebe70569a310
1333	./.git/objects/da/f7f2379a2ad806ad33f893c93015cd5e32fa72
1334	./.git/objects/db/0a0b26793fed1bcceead78f8347c01719314b1
1335	./.git/objects/db/1c6abe83388baa466794ac9993b6c7f13bceda
1336	./.git/objects/db/497ce75571138153a31fa350ad536991b159c1
1337	./.git/objects/db/c85331513b15d686f635ef3af729ad634a426f
1338	./.git/objects/db/c94fafd7e81d191de99f00856ec9851c64c23f
1339	./.git/objects/dc/0fb44ee3b36cd6f7057698019a40aa1339526f
1340	./.git/objects/dc/2740a543a19711553282e6a12e7166039ca3c5
1341	./.git/objects/dc/2b6eeeb2b5b743c89d2a98d502a804e77e57b6
1342	./.git/objects/dc/479af6a0855172c18a9ac471ebb4fc66b48615
1343	./.git/objects/dc/b61e39528117928c80c4c3bf0b41380dd8b65d
1344	./.git/objects/dc/f61879b5458841dbf855aec41b8de4e7099207
1345	./.git/objects/dd/5cb8d7584d569c6f27539f9504f3e38cbeb83d
1346	./.git/objects/dd/ecd9a849aba84127cac0bf965da6e713b5e21d
1347	./.git/objects/dd/f0c277cc29f8730553c5a74278956d4d13f9e7
1348	./.git/objects/dd/f4bb456e96a27f342b847ddb6c499872d665a5
1349	./.git/objects/dd/fc09ea43247b01d2f082e263e98ba655fc3e09
1350	./.git/objects/de/300d8e5b362c04cab62cdba2dd389120704a7d
1351	./.git/objects/de/6116a0b4158abde5b34730138dd527d0ad7eb2
1352	./.git/objects/de/840436ff5457a2469ba2f0c9ad589984a51ab8
1353	./.git/objects/de/a46831ab03418ccf9869836a7beeb746759fad
1354	./.git/objects/de/b1f7eabcb2b73ffe3d2116f686ac8a451bdaa5
1355	./.git/objects/de/b87e91caf0580fb57cb11a569b490e89efddf7
1356	./.git/objects/de/f82dd7a367f55e39142de90f97c0e75e183eeb
1357	./.git/objects/df/63c4c566eb3cd1a2d0395b5cb3dd72ffbc49aa
1358	./.git/objects/df/763e4678d80e2dc17a6c346673d2ba1958ca7c
1359	./.git/objects/df/7d7ee3ce5b1d9ae66ad3436189bb94a68b03e1
1360	./.git/objects/df/e87a6e2f4583a22735f9365f7c8d794e3b8bbe
1361	./.git/objects/e0/1de4fc46c98ff6847a65708784fac0990bbd4e
1362	./.git/objects/e0/38e3d9b7d04333ac0a1d6a28fbf1699d13948d
1363	./.git/objects/e0/b8cb8a4b6e7e3646cac225a20cdde8ca2e3a61
1364	./.git/objects/e1/0054051d6944ee7d94d6d985a9e696ac4a6a0d
1365	./.git/objects/e1/0abf143c82f61c8ed4bc764d7b3d59fe1b5c05
1366	./.git/objects/e1/14bf5d8a3580e94aa2a67dd64922c5872a49f2
1367	./.git/objects/e1/186a2daf04370190a19f39a582c191f6c742dc
1368	./.git/objects/e1/2bff5d71f68210521a1b10e39472562f8029fc
1369	./.git/objects/e1/3c5d4c43e2c8a52f40b70996524a340e622a8c
1370	./.git/objects/e1/5343d11e7c7b4651995d5a558f1e44fe1a109c
1371	./.git/objects/e1/7f0bd82ab6954d0407ceb179e0d53a140f3767
1372	./.git/objects/e1/a65921e7daa7a3d674f99b34f4edc28a8e8769
1373	./.git/objects/e1/c8edaffc1c53a763083f38ae6e657f916e2acb
1374	./.git/objects/e1/d2a0038b508a773b4e2108ed086e67190b2433
1375	./.git/objects/e1/dda95c49793e0c3d32ce8a382281116e2b6c07
1376	./.git/objects/e2/54c2c6f6b2fa26dfbafe940ad9b8b935666670
1377	./.git/objects/e2/e7020858754a3368894c352fe71080cbb79b6f
1378	./.git/objects/e3/030116afad8583fb12d9a6308ba2bdea9ebc1a
1379	./.git/objects/e3/3451be9237ffd4caa80cb7fd1c75455ac860b8
1380	./.git/objects/e3/3706a01d16d21a9367f73abf02bc37ff2fa279
1381	./.git/objects/e3/3ec167380435d86dbafac5eecc3954e6aa02a2
1382	./.git/objects/e3/7a2ea1bbd0041bac3b1719a410f4765b3e69bb
1383	./.git/objects/e3/94ca549d60581565f990e707ffa90a00f450e0
1384	./.git/objects/e3/a576fbff1c44b67f6771064393599f60edd279
1385	./.git/objects/e3/d8071c346dee64fb7fc154eef81212007ba36c
1386	./.git/objects/e4/478e1d7a1274c985f761e5a5570db657bcfdfe
1387	./.git/objects/e4/788d63c288ffdd2e04a442818a759c621bb2f4
1388	./.git/objects/e4/86c9c7eeec87d63d76e0bc05074522b4574287
1389	./.git/objects/e4/891fecfdf5e7af1e07816cf92f63d669736f3b
1390	./.git/objects/e4/e1cd210da112a2c71cac8bbf8669bb1f991528
1391	./.git/objects/e4/eb7178a426fdbf16bd231b6d8389add3e06922
1392	./.git/objects/e4/f5cc73c7749670c22ab7f9abda74bc69781085
1393	./.git/objects/e4/f9b4f7ee858a812c9a9aed3b11b12f3c128ca5
1394	./.git/objects/e5/4ffb6b2c63976e7cfa4cc78dc628781a2460cd
1395	./.git/objects/e5/b5cf02641e6c19d02e8d5adf9eb804f745fb76
1396	./.git/objects/e5/bf188a092343d26eefe17447b3a7b4c6f1898f
1397	./.git/objects/e6/009f10ea69a21e5997461797c22ffbb0f4cc75
1398	./.git/objects/e6/5d13e559e19ce12d005adceb2a4f6d3da943e8
1399	./.git/objects/e6/9341088609ecc3147c3fc7f0975426c8c6d91b
1400	./.git/objects/e6/a814f40745b010378ccc8e2bead6fc269ff696
1401	./.git/objects/e6/aeb9d40dc2ef864887126e0e8108bfe83563d7
1402	./.git/objects/e6/e21b398445a44fe58ea3804c033f64927cee8d
1403	./.git/objects/e6/f1b23ec5710e26761f8f0d504b91a084c15e1c
1404	./.git/objects/e7/0bee0a69052557d70138e2de56bf94591f2dc1
1405	./.git/objects/e7/1044f32a5e870e19484ef1350154bf64e0810a
1406	./.git/objects/e7/623306209c0490dcc3ab26e049d3efbab221f4
1407	./.git/objects/e7/6329b873873dc1957c94a6f4cc701935f75dfa
1408	./.git/objects/e7/8542aab13ebef992d117806ef63236c9b9bbd0
1409	./.git/objects/e7/ab4aaa381fd56a62d5e739a7ee01210a6f6a72
1410	./.git/objects/e7/dc0ed1a6662162483f61eb731ee66ace7a45fd
1411	./.git/objects/e7/e0bd999dae4d566b3480368ef65028fab9a640
1412	./.git/objects/e8/10df720c5974bcac74990723689e08d27dccbd
1413	./.git/objects/e8/2fd34cd3637c3143f2da667b646f87a117e35d
1414	./.git/objects/e8/61902e015ec93c652cd74145d2669d5ab8566b
1415	./.git/objects/e8/7c31e4634e422de6514faff74799a397318e21
1416	./.git/objects/e8/aa3060f396fa28a2c26cc79474a07c6ab133d9
1417	./.git/objects/e8/ddcee6b6b4e61fcec2f1b5b92c7286dfcc215d
1418	./.git/objects/e9/386329c58c1604592a0d23a447fc52d7e1764a
1419	./.git/objects/e9/71c17060c889049dcd3888181f49dbdf4fee3a
1420	./.git/objects/e9/85252911ac9df2d94e08c42e376d29a4da3ca6
1421	./.git/objects/e9/8aa173b334c0c9b9a56d3f8ce4f38680ed3c06
1422	./.git/objects/e9/bc8856ebe5d5dde607bda37839eb71beee3251
1423	./.git/objects/e9/ca700c220d9011bd90246cff047e81fdd19f9c
1424	./.git/objects/e9/d899a4c19b8f541ac7111462e3a6371c7322fb
1425	./.git/objects/ea/37105c83f600fa251e9c977c4ec7c498ef0009
1426	./.git/objects/ea/49056fee28c340c5ba943cd47ad478d156dd20
1427	./.git/objects/ea/a073f2876b13c10a84c80aea333db997eebc5c
1428	./.git/objects/ea/dc6208c0678c240306e69437977fdefd3f4689
1429	./.git/objects/ea/e0383d3222512288b4295f31c748743027ec82
1430	./.git/objects/ea/f0366278b5ab5296ec22313dbe7abed9d5dd2c
1431	./.git/objects/eb/17380025ca4727379c9ec3d54c62a1679e2598
1432	./.git/objects/eb/2a64489fecaf5745efa45412f4d824a8dcad6d
1433	./.git/objects/eb/3a6729226a04946f8674f009a0ae32d19f7f04
1434	./.git/objects/eb/494939776e998eea4c37654a7145ada740d955
1435	./.git/objects/eb/5d02c872c3e2579989636797527762f4f0532f
1436	./.git/objects/eb/ba9b7cac4a2cc6e12f3829f23a79f08c1e1e35
1437	./.git/objects/eb/de4d799a783b57c8cdcca5ebf80bb4c3b1e69d
1438	./.git/objects/ec/0f3ab3d92e9b5dd8a935fce6678316bb3e7229
1439	./.git/objects/ec/243d173b03c47769f76151903a27b570362920
1440	./.git/objects/ec/3a387f6a7c55a408cddf4a59dfcc6f3ddecbf2
1441	./.git/objects/ec/3de7da1520f7e339f40b606399190883f9e97c
1442	./.git/objects/ec/49c4b6915decdef6eec234685532331a9aa431
1443	./.git/objects/ec/7354f7596d7e436ed52a7ec923bfd6379276e0
1444	./.git/objects/ec/ca0eb0c62577f1b7700596ed4c580c725bfb7e
1445	./.git/objects/ed/0dbdb21666e745842745b46873d704b95d30b7
1446	./.git/objects/ed/1f5ff2637c266b7d3b7cc0a9e3893da764ef7a
1447	./.git/objects/ed/391b3343f3924a2684949a13eb1215f61a94e8
1448	./.git/objects/ed/3c9c4aa9ca8a70aaa4790558aeb1f3fb2f9a9d
1449	./.git/objects/ed/a08c3faf646bddd666a0b73f2e83d066fe0b20
1450	./.git/objects/ee/1cac7943ff1fb9c7d6783e8d8c0329ff7ad661
1451	./.git/objects/ee/a26c5368a71020def804803f7f1d8461a58825
1452	./.git/objects/ee/b30848117ccf5c14a960bb0635ad02a3383caa
1453	./.git/objects/ee/cb4d94286ec9101eb35e039ed88dc8e29f9ea7
1454	./.git/objects/ee/f51bdf3dc74bfb85831227e644efdffd03827a
1455	./.git/objects/ef/45ec74c0bde30da12a1953d1d1318992268340
1456	./.git/objects/ef/73136a4fcc18a7dc1b64b06ae6de344c1e6bf1
1457	./.git/objects/ef/8e292268dcbff77816c4bbf6ccf72ea51c1f82
1458	./.git/objects/ef/94104daedced7b789bde119150479bd6243cfd
1459	./.git/objects/ef/9a4c6eaa22d08565c33e4e84fd8be25313e812
1460	./.git/objects/ef/a75032e1d6119fb67b286b8cba2c5e9c8da44d
1461	./.git/objects/ef/ac9585b86af963234dba07c173554d09c9e821
1462	./.git/objects/ef/bde827e3e2111597e76b4d1d85f8a010afc4d8
1463	./.git/objects/f0/23dc51b986eb7aa205240c0d4f5451d2c06052
1464	./.git/objects/f0/2bfee3c8e2b4808b93d51a44d9e2eac951ba2b
1465	./.git/objects/f0/5646c617fbd50992676d0b68d886aeae842f42
1466	./.git/objects/f0/63141b67d311d6d1663d6a439462e82b04d7ca
1467	./.git/objects/f0/89d493a5c74d45c3fa39bb478fe01147ffad66
1468	./.git/objects/f0/ba7a154d1025e841ae7d4bb5c2bc245293351c
1469	./.git/objects/f0/da50dd1a9bacedefcbb4754cfdc892b9a56f4f
1470	./.git/objects/f1/27c34d61f3790b0ee56ee3fd29e1829ca38237
1471	./.git/objects/f1/671a23c00a62a36c28a7157c209210c092a217
1472	./.git/objects/f1/8bc4c23c5ed490d7c9ed0e6c415985edb7984c
1473	./.git/objects/f1/b8aee71172e6e08042e7980fbceb45c7c535b5
1474	./.git/objects/f1/c0ef24c7fdf76595d1084eef776813dbeb0132
1475	./.git/objects/f1/dab471943b092f1884ee160749eb2b89c03090
1476	./.git/objects/f1/f4bebea5d2c9e96ac28ea007a6c87eb27cbed7
1477	./.git/objects/f1/fcb2108bbb358979d96f6bf6c1b126deb671ee
1478	./.git/objects/f2/52952faf7daba29ddf609dc384da79fb0f1e00
1479	./.git/objects/f2/74a60ccade5c315f5e254c8edbb69ecbd01929
1480	./.git/objects/f2/75a5a860f11bda5feed62b4e52a43062a0f131
1481	./.git/objects/f2/d2c5b889e91dfdf40f11268d9042a08cfc1e49
1482	./.git/objects/f2/d57d51092adf97a3e611cd3ae60bd04cfda359
1483	./.git/objects/f2/d829056fa53396cfc17e52803cec02ab5d1c97
1484	./.git/objects/f2/e6f57c7c98616a7cf971534d775ae2d7cc7858
1485	./.git/objects/f3/297cb5e3793a03450c1b1bb62e4c47edf87129
1486	./.git/objects/f3/513854221b0e597d70f688522506634cf672b7
1487	./.git/objects/f3/7c774b4413cf95e972e3ea9bfcd716f1cfb37f
1488	./.git/objects/f3/ae6dc63f4a668e741bc7367e7f5b7779119832
1489	./.git/objects/f3/d2ea9ec45d20e66f5d4f3785453d09b3088aad
1490	./.git/objects/f3/dbd83296a2e96e861fc65eacd1501c3f3d7ef4
1491	./.git/objects/f3/fdc77ac93ba71e5211f8eedb9ee151898a369c
1492	./.git/objects/f4/1cc015cb9c3f6e6d9ec9ea99e149f458c8cf20
1493	./.git/objects/f4/779b2c93472e64cc971c182665123515d84120
1494	./.git/objects/f4/f06eb846892ca7c0a43c672bb62102053c0f6c
1495	./.git/objects/f5/614ff61fc5184cf69ba46636df48df623f8e9e
1496	./.git/objects/f5/6181afc4857974f77d4f39273e6afa3bb65b4b
1497	./.git/objects/f5/65cb158c560097f6891b8aa559c52779dd94fc
1498	./.git/objects/f5/c5f3bf933cd731d7fda7b2ff749f3ccb2db42a
1499	./.git/objects/f5/dc623ed5d135e2ff7f2bc9081cd1ea51d971d9
1500	./.git/objects/f5/f4e6738caab8712873a345cb2163ee6b1ff6b4
1501	./.git/objects/f5/ffc0da1a34857094cbaaa80359026231f24669
1502	./.git/objects/f6/08156b69b45c72cbe153008c178fea0d6692fa
1503	./.git/objects/f6/17c42d0b23472488a007151a12eab37adf5a47
1504	./.git/objects/f6/53f1a7b644f920ace0a4f92d4b2f01db6cb2ef
1505	./.git/objects/f6/7b9266f45fc7be75f1e9f5e8706ac231d6083f
1506	./.git/objects/f6/8aa7d144ba0e56b3a7a18b830b29f02b060739
1507	./.git/objects/f6/de220051fb3f71d6e31f34173efc7872a2dc90
1508	./.git/objects/f6/f8e5cda048c3bbf8f79513c92ea607726397c4
1509	./.git/objects/f7/0405fd7719881ce2e7708432e8e488f2aa30c6
1510	./.git/objects/f7/0a74c7091db55ec117ec6ace96b0b0d977538c
1511	./.git/objects/f7/2a0ab50b838b1789dec18fddbef01a99ace865
1512	./.git/objects/f7/583a2bd6d6d305944e7395265826f9f1a26fec
1513	./.git/objects/f7/956e4c3d9626fc0a01486f609934b7d2de8208
1514	./.git/objects/f7/bc4a6ee9a3f0dff78d188d70e6201a79a975f1
1515	./.git/objects/f8/0a4603fe360941bb716aeaeffc805cc6e91efa
1516	./.git/objects/f8/8c60c89684b1842f5fc4e2213ec37213fd5b49
1517	./.git/objects/f8/a3c9732a050832f127deded1e9a4a2e4b3b8a8
1518	./.git/objects/f8/da3689fb3a86efaa75d8227e67bb1b48fee39c
1519	./.git/objects/f9/13f28d3b88e4483e1f0ef6a2c59b98233548ed
1520	./.git/objects/f9/5b4ecb722fc4ae497d81b790df78c3b36ab750
1521	./.git/objects/f9/6d345f43fb36d539a50b3ad3475152bb572b73
1522	./.git/objects/f9/98fbce1475791cbb91d066ab55e871bdb909ea
1523	./.git/objects/f9/b6ffd163826cb145cf9bebcdfc122068f23f7c
1524	./.git/objects/f9/c5e1f01680bf3740cc8b08d97bcbe83d407466
1525	./.git/objects/f9/dee8f0e0b7244a2a6fc2d75dbbc008fa74a7a7
1526	./.git/objects/fa/085e32d7848694e4fac3ff0e87b2a206698ce1
1527	./.git/objects/fa/a6d8ad274076dc5b90dd65bd46a9b568a2f1c3
1528	./.git/objects/fa/b4457e6d0a54507ccaefa23e05d29dc2c2520c
1529	./.git/objects/fa/e5ddcee8c64d48a615e89ebda4f80ad9358c90
1530	./.git/objects/fa/e6a3336c74fc3edbea67d1d5033cafd194e843
1531	./.git/objects/fa/ef1dca99150f04cf4e8ab95143c3236deeb280
1532	./.git/objects/fa/fca7d6cb580df5ec65a81e70ff6f3d8e67b6a1
1533	./.git/objects/fb/0265c523a52b4b1bcbaf567d989a67a44e17d7
1534	./.git/objects/fb/2b785f07d8060310851aced5e4330fe1325e4e
1535	./.git/objects/fb/5757243b32e44381975cee863c245af782eb05
1536	./.git/objects/fb/da85ee6be27c9433da600a6c89eb78936942ef
1537	./.git/objects/fc/003d83dd6067c4193c29d0a4397e97080e6078
1538	./.git/objects/fc/21664b49f2a4b4bac63f86333c8a44c49aae0f
1539	./.git/objects/fc/51871f1165a5c31acd4c16ce8009dc0ed37357
1540	./.git/objects/fc/5a5c85f3b931310ebf2e4162d36f43abbd71f7
1541	./.git/objects/fc/bedf72fe75f58812af380df9c94777978a7e74
1542	./.git/objects/fc/d77386d2e05188b4431892fdd8509b2086d807
1543	./.git/objects/fc/daf5e626a82f97b19523b6f8597773e6a30ac2
1544	./.git/objects/fc/f814249bc120be81d8b14152cb7956a5bd6b6b
1545	./.git/objects/fc/f8f9cdf184534c6b73aedf73ca5684b679d184
1546	./.git/objects/fd/03858b52574192dff8af86e1e7e499ecaba58e
1547	./.git/objects/fd/2480e9ec628d37e009ad800b3e486efefb0da7
1548	./.git/objects/fd/3d354cea6471eab8438b02e53de2c0e9505e69
1549	./.git/objects/fd/7bbdbc90a9b068f0e7f12442b50869ca608dc3
1550	./.git/objects/fd/9dc00e966f53029f8e267a64879f901dc9f2a2
1551	./.git/objects/fd/a94c5ddc009e2f9e78cfa2e137213e7bb01c9a
1552	./.git/objects/fd/ad5ca9ef344da569c6c1481d09c0f7903e390c
1553	./.git/objects/fd/ca03ca8277b27b26422070dceb43d4b09e9638
1554	./.git/objects/fd/e9094567680f3ce2e4dd0d4f69770437342f58
1555	./.git/objects/fe/24328be12e004661072bab9130e075cf73eb51
1556	./.git/objects/fe/35198f53ad991feac66e4c21393d283195b47b
1557	./.git/objects/fe/7120a6312dd5d43292c3c8cd1d57029493a7ec
1558	./.git/objects/fe/7140ece81dd635b52441f18d0a47b4d203fdb2
1559	./.git/objects/fe/ba2c774b290ae79cea766f88624b93f7f37efb
1560	./.git/objects/fe/d242381fd70e1c2d46fe7383cf2cfdfad218c2
1561	./.git/objects/ff/9796ea30548011e8a48992031cadfe8a79021e
1562	./.git/objects/ff/b6871fe53a468c7280a2a8de3f471a904e1ef6
1563	./.git/objects/ff/cfd60e8d79942fac34fe982e3c4355b31a834a
1564	./.git/objects/ff/e4f54c8162f78af29710ace7b191abe7f67ed1
1565	./.git/objects/pack/pack-58e9018da507ea1b15325ec1bb6be0b065915dcd.idx
1566	./.git/objects/pack/pack-58e9018da507ea1b15325ec1bb6be0b065915dcd.pack
1567	./.git/objects/pack/pack-58e9018da507ea1b15325ec1bb6be0b065915dcd.rev
1568	./.git/objects/pack/pack-7369ad1360976dde1db8f83b1bf9a5d1677b66f6.idx
1569	./.git/objects/pack/pack-7369ad1360976dde1db8f83b1bf9a5d1677b66f6.pack
1570	./.git/objects/pack/pack-7369ad1360976dde1db8f83b1bf9a5d1677b66f6.rev
1571	./.git/objects/pack/pack-903f3fe5a2ba440799bc1c1e120b34677643f1e0.idx
1572	./.git/objects/pack/pack-903f3fe5a2ba440799bc1c1e120b34677643f1e0.pack
1573	./.git/objects/pack/pack-903f3fe5a2ba440799bc1c1e120b34677643f1e0.rev
1574	./.git/objects/pack/pack-c87aa63041ff8cdd58ea51d41fde80339b132acb.idx
1575	./.git/objects/pack/pack-c87aa63041ff8cdd58ea51d41fde80339b132acb.pack
1576	./.git/objects/pack/pack-c87aa63041ff8cdd58ea51d41fde80339b132acb.rev
1577	./.git/objects/pack/pack-ec93096c88c6313cf38e443c1602a69b30dc5222.idx
1578	./.git/objects/pack/pack-ec93096c88c6313cf38e443c1602a69b30dc5222.pack
1579	./.git/objects/pack/pack-ec93096c88c6313cf38e443c1602a69b30dc5222.rev
1580	./.git/packed-refs
1581	./.git/refs/heads/main
1582	./.git/refs/remotes/origin/HEAD
1583	./.git/refs/remotes/origin/dependabot/bundler/kamal-2.11.0
1584	./.git/refs/remotes/origin/dependabot/bundler/rails-8.1.2.1
1585	./.git/refs/remotes/origin/dependabot/bundler/rails-8.1.3
1586	./.git/refs/remotes/origin/dependabot/bundler/solid_queue-1.4.0
1587	./.git/refs/remotes/origin/dependabot/bundler/thruster-0.1.19
1588	./.git/refs/remotes/origin/dependabot/bundler/thruster-0.1.20
1589	./.git/refs/remotes/origin/dependabot/github_actions/actions/cache-5
1590	./.git/refs/remotes/origin/dependabot/github_actions/actions/upload-artifact-7
1591	./.git/refs/remotes/origin/main
1592	./.git/refs/stash
1593	./.gitattributes
1594	./.github/dependabot.yml
1595	./.github/workflows/ci.yml
1596	./.gitignore
1597	./.kamal/hooks/docker-setup.sample
1598	./.kamal/hooks/post-app-boot.sample
1599	./.kamal/hooks/post-deploy.sample
1600	./.kamal/hooks/post-proxy-reboot.sample
1601	./.kamal/hooks/pre-app-boot.sample
1602	./.kamal/hooks/pre-build.sample
1603	./.kamal/hooks/pre-connect.sample
1604	./.kamal/hooks/pre-deploy.sample
1605	./.kamal/hooks/pre-proxy-reboot.sample
1606	./.kamal/secrets
1607	./.rubocop.yml
1608	./.ruby-version
1609	./Dockerfile
1610	./Gemfile
1611	./Gemfile.lock
1612	./Nexus.code-workspace
1613	./README.md
1614	./Rakefile
1615	./app/.DS_Store
1616	./app/assets/.DS_Store
1617	./app/assets/icons/id_card_24dp_E3E3E3_FILL0_wght400_GRAD0_opsz24.svg
1618	./app/assets/icons/lock_reset_24dp_E3E3E3_FILL0_wght400_GRAD0_opsz24.svg
1619	./app/assets/icons/logout_24dp_E3E3E3_FILL0_wght400_GRAD0_opsz24.svg
1620	./app/assets/icons/material-symbol-account-circle-24.svg
1621	./app/assets/icons/material-symbol-add-24.svg
1622	./app/assets/icons/material-symbol-apps-24.svg
1623	./app/assets/icons/material-symbol-arrow-back-24.svg
1624	./app/assets/icons/material-symbol-call-to-action-24.svg
1625	./app/assets/icons/material-symbol-check-24.svg
1626	./app/assets/icons/material-symbol-circle-outline-24.svg
1627	./app/assets/icons/material-symbol-close-24.svg
1628	./app/assets/icons/material-symbol-content-copy-24.svg
1629	./app/assets/icons/material-symbol-delete-24.svg
1630	./app/assets/icons/material-symbol-desktop-windows-24.svg
1631	./app/assets/icons/material-symbol-dock-to-right-24.svg
1632	./app/assets/icons/material-symbol-edit-24.svg
1633	./app/assets/icons/material-symbol-edit-note-24.svg
1634	./app/assets/icons/material-symbol-face-2-24.svg
1635	./app/assets/icons/material-symbol-face-24.svg
1636	./app/assets/icons/material-symbol-face-3-24.svg
1637	./app/assets/icons/material-symbol-face-4-24.svg
1638	./app/assets/icons/material-symbol-face-5-24.svg
1639	./app/assets/icons/material-symbol-face-6-24.svg
1640	./app/assets/icons/material-symbol-favorite-24.svg
1641	./app/assets/icons/material-symbol-file-document-24.svg
1642	./app/assets/icons/material-symbol-folder-24.svg
1643	./app/assets/icons/material-symbol-graphic-eq-24.svg
1644	./app/assets/icons/material-symbol-grid-off-24.svg
1645	./app/assets/icons/material-symbol-grid-on-24.svg
1646	./app/assets/icons/material-symbol-ink-eraser-24.svg
1647	./app/assets/icons/material-symbol-keep-24.svg
1648	./app/assets/icons/material-symbol-keep-off-24.svg
1649	./app/assets/icons/material-symbol-lock-reset-24.svg
1650	./app/assets/icons/material-symbol-logout-24.svg
1651	./app/assets/icons/material-symbol-menu-24.svg
1652	./app/assets/icons/material-symbol-monitoring-24.svg
1653	./app/assets/icons/material-symbol-music-note-2-24.svg
1654	./app/assets/icons/material-symbol-open-in-new-24.svg
1655	./app/assets/icons/material-symbol-overview-24.svg
1656	./app/assets/icons/material-symbol-palette-24.svg
1657	./app/assets/icons/material-symbol-pause-24.svg
1658	./app/assets/icons/material-symbol-play-arrow-24.svg
1659	./app/assets/icons/material-symbol-refresh-24.svg
1660	./app/assets/icons/material-symbol-remove-24.svg
1661	./app/assets/icons/material-symbol-save-24.svg
1662	./app/assets/icons/material-symbol-save-as-24.svg
1663	./app/assets/icons/material-symbol-settings-24.svg
1664	./app/assets/icons/material-symbol-star-outline-rounded-24.svg
1665	./app/assets/icons/material-symbol-star-rounded-24.svg
1666	./app/assets/icons/material-symbol-sticky-note-24.svg
1667	./app/assets/icons/material-symbol-stop-24.svg
1668	./app/assets/icons/material-symbol-task-checklist-24.svg
1669	./app/assets/icons/material-symbol-theme-builder-background-24.svg
1670	./app/assets/icons/material-symbol-theme-builder-content-24.svg
1671	./app/assets/icons/material-symbol-theme-builder-shell-24.svg
1672	./app/assets/icons/material-symbol-timer-24.svg
1673	./app/assets/icons/material-symbol-tune-24.svg
1674	./app/assets/icons/material-symbol-wallpaper-24.svg
1675	./app/assets/icons/visibility_24dp_E3E3E3_FILL0_wght400_GRAD0_opsz24.svg
1676	./app/assets/icons/visibility_off_24dp_E3E3E3_FILL0_wght400_GRAD0_opsz24.svg
1677	./app/assets/images/.keep
1678	./app/assets/images/nexus_account_circle.svg
1679	./app/assets/images/symbols/.keep
1680	./app/assets/images/symbols/png/.keep
1681	./app/assets/images/symbols/png/slider-thumb-mac.png
1682	./app/assets/images/symbols/source/.keep
1683	./app/assets/images/symbols/svg/.keep
1684	./app/assets/images/symbols/svg/db-health-bars.svg
1685	./app/assets/stylesheets/Nexus.Workspace.code-workspace
1686	./app/assets/stylesheets/application.css
1687	./app/controllers/application_controller.rb
1688	./app/controllers/apps/audio_controller.rb
1689	./app/controllers/apps/base_controller.rb
1690	./app/controllers/apps/finder_controller.rb
1691	./app/controllers/apps/images_controller.rb
1692	./app/controllers/apps/notes_controller.rb
1693	./app/controllers/apps/tasks_controller.rb
1694	./app/controllers/apps/time_card_controller.rb
1695	./app/controllers/apps/user_controller.rb
1696	./app/controllers/apps/wallpaper_iimage_controller.rb
1697	./app/controllers/concerns/.keep
1698	./app/controllers/documents_controller.rb
1699	./app/controllers/sessions_controller.rb
1700	./app/controllers/workspace_preferences_controller.rb
1701	./app/helpers/application_helper.rb
1702	./app/helpers/material_icons_helper.rb
1703	./app/helpers/nexus_ui_helper.rb
1704	./app/javascript/application.js
1705	./app/javascript/controllers/application.js
1706	./app/javascript/controllers/audio_controller.js
1707	./app/javascript/controllers/auth_menu_controller.js
1708	./app/javascript/controllers/autosave_controller.js
1709	./app/javascript/controllers/clock_controller.js
1710	./app/javascript/controllers/content_window_controller.js
1711	./app/javascript/controllers/desktop_clock_controller.js
1712	./app/javascript/controllers/desktop_selection_controller.js
1713	./app/javascript/controllers/file_field_controller.js
1714	./app/javascript/controllers/finder_browser_controller.js
1715	./app/javascript/controllers/finder_toolbar_controller.js
1716	./app/javascript/controllers/finder_tree_controller.js
1717	./app/javascript/controllers/flash_controller.js
1718	./app/javascript/controllers/folders_controller.js
1719	./app/javascript/controllers/index.js
1720	./app/javascript/controllers/item_creator_controller.js
1721	./app/javascript/controllers/note_editor_controller.js
1722	./app/javascript/controllers/notes_editor_controller.js
1723	./app/javascript/controllers/organizer_controller.js
1724	./app/javascript/controllers/organizer_lock_controller.js
1725	./app/javascript/controllers/recent_docs_controller.js
1726	./app/javascript/controllers/rename_controller.js
1727	./app/javascript/controllers/side_panel_controller.js
1728	./app/javascript/controllers/side_panel_search_controller.js
1729	./app/javascript/controllers/stationary_controller.js
1730	./app/javascript/controllers/task_list_controller.js
1731	./app/javascript/controllers/task_list_editor_controller.js
1732	./app/javascript/controllers/theme_builder_controller.js
1733	./app/javascript/controllers/time_card_controller.js
1734	./app/javascript/controllers/title_editor_controller.js
1735	./app/javascript/controllers/tool_window_status_controller.js
1736	./app/javascript/controllers/user_security_modal_controller.js
1737	./app/javascript/controllers/user_settings_controller.js
1738	./app/javascript/controllers/wallpaper_iimage_controller.js
1739	./app/javascript/controllers/window_manager_controller.js
1740	./app/javascript/controllers/workspace_draft_tracker_controller.js
1741	./app/javascript/lib/desktop_shell_metrics.js
1742	./app/javascript/lib/finder.js
1743	./app/javascript/lib/linked_app_host_events.js
1744	./app/javascript/lib/linked_app_picker_draft.js
1745	./app/javascript/lib/material_symbols.js
1746	./app/javascript/lib/nexus_desktop_layers.js
1747	./app/javascript/lib/nexus_ui.js
1748	./app/javascript/lib/nexus_workspace_chrome.js
1749	./app/javascript/lib/organizer_animations.js
1750	./app/javascript/lib/os_window_sizing.js
1751	./app/jobs/application_job.rb
1752	./app/mailers/application_mailer.rb
1753	./app/models/application_record.rb
1754	./app/models/concerns/.keep
1755	./app/models/current.rb
1756	./app/models/document.rb
1757	./app/models/user.rb
1758	./app/policies/document_policy.rb
1759	./app/services/apps/open_linked_document.rb
1760	./app/services/apps/user/update_password.rb
1761	./app/services/apps/user/update_username.rb
1762	./app/services/document_disk_loader.rb
1763	./app/services/document_persistence.rb
1764	./app/services/document_storage_sync_lite.rb
1765	./app/services/documents/create_file.rb
1766	./app/services/documents/create_subfolder.rb
1767	./app/services/documents/move_document.rb
1768	./app/services/documents/upload_files.rb
1769	./app/services/embedded_draft_document.rb
1770	./app/services/embedded_iimage_folder.rb
1771	./app/services/finder_listed_folders.rb
1772	./app/services/finder_workspace_initializer.rb
1773	./app/services/linked_app_save_to_document.rb
1774	./app/services/nexus_file_format.rb
1775	./app/services/note_rtf_converter.rb
1776	./app/services/support/operation_result.rb
1777	./app/services/tasks/save_file.rb
1778	./app/services/time_card_document_codec.rb
1779	./app/services/welcome_workspace_seed.rb
1780	./app/services/workspace_document_access.rb
1781	./app/services/workspace_preferences/manager.rb
1782	./app/services/workspace_theme_boot.rb
1783	./app/services/workspace_user_folder_rename.rb
1784	./app/views/apps/audio/show.html.erb
1785	./app/views/apps/finder/_tree_node.html.erb
1786	./app/views/apps/finder/show.html.erb
1787	./app/views/apps/images/show.html.erb
1788	./app/views/apps/notes/show.html.erb
1789	./app/views/apps/tasks/show.html.erb
1790	./app/views/apps/theme_builder/_studio.html.erb
1791	./app/views/apps/time_card/show.html.erb
1792	./app/views/apps/user/_panel.html.erb
1793	./app/views/apps/user/_security_modals.html.erb
1794	./app/views/apps/user/show.html.erb
1795	./app/views/documents/_folder_file_list.html.erb
1796	./app/views/documents/_organizer.html.erb
1797	./app/views/documents/edit.html.erb
1798	./app/views/documents/index.html.erb
1799	./app/views/documents/new.html.erb
1800	./app/views/layouts/application.html.erb
1801	./app/views/layouts/finder_embed.html.erb
1802	./app/views/layouts/mailer.html.erb
1803	./app/views/layouts/mailer.text.erb
1804	./app/views/pwa/manifest.json.erb
1805	./app/views/pwa/service-worker.js
1806	./app/views/sessions/new.html.erb
1807	./app/views/shared/_content_window_chrome.html.erb
1808	./app/views/shared/_content_window_close_button.html.erb
1809	./app/views/shared/_content_window_window_content.html.erb
1810	./app/views/shared/_content_windows_boot.html.erb
1811	./app/views/shared/_desktop_side_panel.html.erb
1812	./bin/brakeman
1813	./bin/bundler-audit
1814	./bin/ci
1815	./bin/dev
1816	./bin/docker-entrypoint
1817	./bin/importmap
1818	./bin/jobs
1819	./bin/kamal
1820	./bin/rails
1821	./bin/rake
1822	./bin/rubocop
1823	./bin/setup
1824	./bin/thrust
1825	./config.ru
1826	./config/application.rb
1827	./config/boot.rb
1828	./config/brakeman.ignore
1829	./config/bundler-audit.yml
1830	./config/cable.yml
1831	./config/cache.yml
1832	./config/ci.rb
1833	./config/credentials.yml.enc
1834	./config/database.yml
1835	./config/deploy.yml
1836	./config/environment.rb
1837	./config/environments/development.rb
1838	./config/environments/production.rb
1839	./config/environments/test.rb
1840	./config/importmap.rb
1841	./config/initializers/assets.rb
1842	./config/initializers/content_security_policy.rb
1843	./config/initializers/document_policy.rb
1844	./config/initializers/filter_parameter_logging.rb
1845	./config/initializers/inflections.rb
1846	./config/initializers/session_store.rb
1847	./config/initializers/workspace_windows.rb
1848	./config/locales/en.yml
1849	./config/puma.rb
1850	./config/queue.yml
1851	./config/recurring.yml
1852	./config/routes.rb
1853	./config/storage.yml
1854	./convo1.rtf
1855	./db/cable_schema.rb
1856	./db/cache_schema.rb
1857	./db/migrate/20260303040854_create_documents.rb
1858	./db/migrate/20260306051805_add_versioning_to_documents.rb
1859	./db/migrate/20260307000100_add_new_untitled_placeholder_to_documents.rb
1860	./db/migrate/20260307001000_add_folder_and_storage_path_to_documents.rb
1861	./db/migrate/20260311120000_refactor_documents_for_notes.rb
1862	./db/migrate/20260311200000_add_task_list_fields_to_documents.rb
1863	./db/migrate/20260321210100_create_users.rb
1864	./db/migrate/20260322063644_create_folders.rb
1865	./db/migrate/20260322063645_create_items.rb
1866	./db/migrate/20260326_setup_workspace_singular_items.rb
1867	./db/migrate/20260403091500_add_username_to_users.rb
1868	./db/migrate/20260404190024_add_settings_section_icon_to_users.rb
1869	./db/migrate/20260404211526_remove_settings_section_icon_from_users.rb
1870	./db/migrate/20260404223000_migrate_whiteboard_to_stickynotes_remove_excalidraw.rb
1871	./db/migrate/20260404240000_migrate_finder_desktop_documents_layout.rb
1872	./db/migrate/20260405120000_set_default_admin_identity.rb
1873	./db/migrate/20260405123000_normalize_single_tenant_user_to_admin.rb
1874	./db/migrate/20260412120000_remove_note_items_after_notepad_removal.rb
1875	./db/migrate/20260413120000_remove_kanban_and_thought_wall.rb
1876	./db/migrate/20260414120000_remove_stickynotes_feature.rb
1877	./db/migrate/20260423054209_add_is_favorited_to_documents.rb
1878	./db/migrate/20260425130000_drop_legacy_items_and_folders.rb
1879	./db/queue_schema.rb
1880	./db/schema.rb
1881	./db/seeds.rb
1882	./deploy.sh
1883	./deploy/deploy.local.env
1884	./deploy/deploy.local.env.example
1885	./deploy/deploy_github.sh
1886	./deploy/deploy_server.sh
1887	./deploy/load_deploy_env.sh
1888	./docs/COMMANDS.md
1889	./docs/DEV_GUIDE.md
1890	./docs/NEXUS_REBUILD_PHASE1_AUDIT.md
1891	./docs/NEXUS_V1.code-workspace
1892	./docs/UI_GUIDE.md
1893	./docs/audit/all_files.txt
1894	./lib/tasks/.keep
1895	./lib/tasks/ui_contract.rake
1896	./log/.keep
1897	./log/development.log
1898	./log/development.log.0
1899	./log/test.log
1900	./log/test.log.0
1901	./public/400.html
1902	./public/404.html
1903	./public/406-unsupported-browser.html
1904	./public/422.html
1905	./public/500.html
1906	./public/favicon-32.png
1907	./public/favicon.ico
1908	./public/favicon.png
1909	./public/fonts/pixChicago.ttf
1910	./public/icon.png
1911	./public/icon.svg
1912	./public/robots.txt
1913	./script/.keep
1914	./storage/.DS_Store
1915	./storage/.keep
1916	./storage/workspace/.DS_Store
1917	./storage/workspace/Admin/.DS_Store
1918	./storage/workspace/Admin/Embedded/LayoutThemes.txt
1919	./storage/workspace/Admin/Embedded/Note Draft.rtf
1920	./storage/workspace/Admin/Embedded/Task Draft.txt
1921	./storage/workspace/Admin/Embedded/Time Card Draft.rtf
1922	./storage/workspace/Admin/Embedded/Wallpaper/.DS_Store
1923	./storage/workspace/Admin/Embedded/Wallpaper/Beach.jpg
1924	./storage/workspace/Admin/Embedded/Wallpaper/Forest.jpg
1925	./storage/workspace/Admin/Embedded/Wallpaper/Mountain.jpg
1926	./storage/workspace/Admin/Embedded/Wallpaper/Night.jpg
1927	./storage/workspace/Admin/Embedded/Wallpaper/River.jpg
1928	./storage/workspace/Admin/Embedded/Wallpaper/Snow.jpg
1929	./storage/workspace/Admin/Embedded/Wallpaper/Trees.jpg
1930	./storage/workspace/Admin/Embedded/WorkspaceState.txt
1931	./storage/workspace/Admin/Finder/Audio/.DS_Store
1932	./storage/workspace/Admin/Finder/Audio/Loops/mushroom.mp3
1933	./storage/workspace/Admin/Finder/Images/.DS_Store
1934	./storage/workspace/Admin/Finder/Images/Wallpapers/Beach.jpg
1935	./storage/workspace/Admin/Finder/Images/Wallpapers/Forest.jpg
1936	./storage/workspace/Admin/Finder/Images/Wallpapers/Mountain.jpg
1937	./storage/workspace/Admin/Finder/Images/Wallpapers/Night.jpg
1938	./storage/workspace/Admin/Finder/Images/Wallpapers/River.jpg
1939	./storage/workspace/Admin/Finder/Images/Wallpapers/Snow.jpg
1940	./storage/workspace/Admin/Finder/Images/Wallpapers/Trees.jpg
1941	./storage/workspace/Admin/Finder/Notes/.DS_Store
1942	./storage/workspace/Admin/Finder/Tasks/.DS_Store
1943	./storage/workspace/Admin/Finder/Tasks/Kanban/Backlog.txt
1944	./storage/workspace/Admin/Finder/Tasks/Kanban/Completed.txt
1945	./storage/workspace/Admin/Finder/Tasks/Kanban/Processing.txt
1946	./storage/workspace/Admin/Finder/Time Card/Entrees/4.29.2026.rtf
1947	./storage/workspace/Embedded/LayoutThemes.txt
1948	./storage/workspace/Embedded/WorkspaceState.txt
1949	./storage/workspace/apps_open_user_0384ff4f/Embedded/LayoutThemes.txt
1950	./storage/workspace/apps_open_user_0384ff4f/Embedded/WorkspaceState.txt
1951	./storage/workspace/apps_open_user_1417b4e5/Embedded/LayoutThemes.txt
1952	./storage/workspace/apps_open_user_1417b4e5/Embedded/WorkspaceState.txt
1953	./storage/workspace/apps_open_user_1d56c098/Embedded/LayoutThemes.txt
1954	./storage/workspace/apps_open_user_1d56c098/Embedded/WorkspaceState.txt
1955	./storage/workspace/apps_open_user_2b1cfeb0/Embedded/LayoutThemes.txt
1956	./storage/workspace/apps_open_user_2b1cfeb0/Embedded/WorkspaceState.txt
1957	./storage/workspace/apps_open_user_3b4da980/Embedded/LayoutThemes.txt
1958	./storage/workspace/apps_open_user_3b4da980/Embedded/WorkspaceState.txt
1959	./storage/workspace/apps_open_user_4013d370/Embedded/LayoutThemes.txt
1960	./storage/workspace/apps_open_user_4013d370/Embedded/WorkspaceState.txt
1961	./storage/workspace/apps_open_user_47e30d70/Embedded/LayoutThemes.txt
1962	./storage/workspace/apps_open_user_47e30d70/Embedded/WorkspaceState.txt
1963	./storage/workspace/apps_open_user_54fc7100/Embedded/LayoutThemes.txt
1964	./storage/workspace/apps_open_user_54fc7100/Embedded/WorkspaceState.txt
1965	./storage/workspace/apps_open_user_5d322f0a/Embedded/LayoutThemes.txt
1966	./storage/workspace/apps_open_user_5d322f0a/Embedded/WorkspaceState.txt
1967	./storage/workspace/apps_open_user_61af3a0f/Embedded/LayoutThemes.txt
1968	./storage/workspace/apps_open_user_61af3a0f/Embedded/WorkspaceState.txt
1969	./storage/workspace/apps_open_user_632f6c2e/Embedded/LayoutThemes.txt
1970	./storage/workspace/apps_open_user_632f6c2e/Embedded/WorkspaceState.txt
1971	./storage/workspace/apps_open_user_66721e33/Embedded/LayoutThemes.txt
1972	./storage/workspace/apps_open_user_66721e33/Embedded/WorkspaceState.txt
1973	./storage/workspace/apps_open_user_758f4a9d/Embedded/LayoutThemes.txt
1974	./storage/workspace/apps_open_user_758f4a9d/Embedded/WorkspaceState.txt
1975	./storage/workspace/apps_open_user_818d178d/Embedded/LayoutThemes.txt
1976	./storage/workspace/apps_open_user_818d178d/Embedded/WorkspaceState.txt
1977	./storage/workspace/apps_open_user_84424622/Embedded/LayoutThemes.txt
1978	./storage/workspace/apps_open_user_84424622/Embedded/WorkspaceState.txt
1979	./storage/workspace/apps_open_user_89317eee/Embedded/LayoutThemes.txt
1980	./storage/workspace/apps_open_user_89317eee/Embedded/WorkspaceState.txt
1981	./storage/workspace/apps_open_user_90bc822e/Embedded/LayoutThemes.txt
1982	./storage/workspace/apps_open_user_90bc822e/Embedded/WorkspaceState.txt
1983	./storage/workspace/apps_open_user_97bae14d/Embedded/LayoutThemes.txt
1984	./storage/workspace/apps_open_user_97bae14d/Embedded/WorkspaceState.txt
1985	./storage/workspace/apps_open_user_9b90cdc3/Embedded/LayoutThemes.txt
1986	./storage/workspace/apps_open_user_9b90cdc3/Embedded/WorkspaceState.txt
1987	./storage/workspace/apps_open_user_b2931457/Embedded/LayoutThemes.txt
1988	./storage/workspace/apps_open_user_b2931457/Embedded/WorkspaceState.txt
1989	./storage/workspace/apps_open_user_b8705df6/Embedded/LayoutThemes.txt
1990	./storage/workspace/apps_open_user_b8705df6/Embedded/WorkspaceState.txt
1991	./storage/workspace/apps_open_user_bc071909/Embedded/LayoutThemes.txt
1992	./storage/workspace/apps_open_user_bc071909/Embedded/WorkspaceState.txt
1993	./storage/workspace/apps_open_user_bcec096f/Embedded/LayoutThemes.txt
1994	./storage/workspace/apps_open_user_bcec096f/Embedded/WorkspaceState.txt
1995	./storage/workspace/apps_open_user_c03903f5/Embedded/LayoutThemes.txt
1996	./storage/workspace/apps_open_user_c03903f5/Embedded/WorkspaceState.txt
1997	./storage/workspace/apps_open_user_cc71c51f/Embedded/LayoutThemes.txt
1998	./storage/workspace/apps_open_user_cc71c51f/Embedded/WorkspaceState.txt
1999	./storage/workspace/apps_open_user_d1f770e5/Embedded/LayoutThemes.txt
2000	./storage/workspace/apps_open_user_d1f770e5/Embedded/WorkspaceState.txt
2001	./storage/workspace/apps_open_user_d97055d6/Embedded/LayoutThemes.txt
2002	./storage/workspace/apps_open_user_d97055d6/Embedded/WorkspaceState.txt
2003	./storage/workspace/apps_open_user_e28734e7/Embedded/LayoutThemes.txt
2004	./storage/workspace/apps_open_user_e28734e7/Embedded/WorkspaceState.txt
2005	./storage/workspace/apps_open_user_e7be18b5/Embedded/LayoutThemes.txt
2006	./storage/workspace/apps_open_user_e7be18b5/Embedded/WorkspaceState.txt
2007	./storage/workspace/apps_open_user_f57e9ef2/Embedded/LayoutThemes.txt
2008	./storage/workspace/apps_open_user_f57e9ef2/Embedded/WorkspaceState.txt
2009	./storage/workspace/apps_open_user_f6e9c1d5/Embedded/LayoutThemes.txt
2010	./storage/workspace/apps_open_user_f6e9c1d5/Embedded/WorkspaceState.txt
2011	./storage/workspace/prefs_flow_user_0ee2f36b/Embedded/LayoutThemes.txt
2012	./storage/workspace/prefs_flow_user_0ee2f36b/Embedded/WorkspaceState.txt
2013	./storage/workspace/prefs_flow_user_1f27dd3b/Embedded/LayoutThemes.txt
2014	./storage/workspace/prefs_flow_user_1f27dd3b/Embedded/WorkspaceState.txt
2015	./storage/workspace/prefs_flow_user_32614a64/Embedded/LayoutThemes.txt
2016	./storage/workspace/prefs_flow_user_32614a64/Embedded/WorkspaceState.txt
2017	./storage/workspace/prefs_flow_user_d2555636/Embedded/LayoutThemes.txt
2018	./storage/workspace/prefs_flow_user_d2555636/Embedded/WorkspaceState.txt
2019	./storage/workspace/prefs_user_0cf55b61/Embedded/LayoutThemes.txt
2020	./storage/workspace/prefs_user_0cf55b61/Embedded/WorkspaceState.txt
2021	./storage/workspace/prefs_user_18fee9da/Embedded/LayoutThemes.txt
2022	./storage/workspace/prefs_user_18fee9da/Embedded/WorkspaceState.txt
2023	./storage/workspace/prefs_user_198fd223/Embedded/LayoutThemes.txt
2024	./storage/workspace/prefs_user_198fd223/Embedded/WorkspaceState.txt
2025	./storage/workspace/prefs_user_20159668/Embedded/LayoutThemes.txt
2026	./storage/workspace/prefs_user_20159668/Embedded/WorkspaceState.txt
2027	./storage/workspace/prefs_user_33873237/Embedded/LayoutThemes.txt
2028	./storage/workspace/prefs_user_33873237/Embedded/WorkspaceState.txt
2029	./storage/workspace/prefs_user_38953b80/Embedded/LayoutThemes.txt
2030	./storage/workspace/prefs_user_38953b80/Embedded/WorkspaceState.txt
2031	./storage/workspace/prefs_user_55f13eea/Embedded/LayoutThemes.txt
2032	./storage/workspace/prefs_user_55f13eea/Embedded/WorkspaceState.txt
2033	./storage/workspace/prefs_user_60df5520/Embedded/LayoutThemes.txt
2034	./storage/workspace/prefs_user_60df5520/Embedded/WorkspaceState.txt
2035	./storage/workspace/prefs_user_83053072/Embedded/LayoutThemes.txt
2036	./storage/workspace/prefs_user_83053072/Embedded/WorkspaceState.txt
2037	./storage/workspace/prefs_user_a3247d35/Embedded/LayoutThemes.txt
2038	./storage/workspace/prefs_user_a3247d35/Embedded/WorkspaceState.txt
2039	./storage/workspace/prefs_user_b327016e/Embedded/LayoutThemes.txt
2040	./storage/workspace/prefs_user_b327016e/Embedded/WorkspaceState.txt
2041	./storage/workspace/prefs_user_c590fab1/Embedded/LayoutThemes.txt
2042	./storage/workspace/prefs_user_c590fab1/Embedded/WorkspaceState.txt
2043	./storage/workspace/tmp_audio_dc4848/Finder/Audio/clip.mp3.bin
2044	./storage/workspace/tmp_audio_dc4848/Finder/Tasks/Welcome/Welcome.rtf
2045	./storage/workspace_test/Parent/Existing 10.rtf
2046	./storage/workspace_test/Parent/Existing 11.rtf
2047	./storage/workspace_test/Parent/Existing 12.rtf
2048	./storage/workspace_test/Parent/Existing 13.rtf
2049	./storage/workspace_test/Parent/Existing 14.rtf
2050	./storage/workspace_test/Parent/Existing 15.rtf
2051	./storage/workspace_test/Parent/Existing 16.rtf
2052	./storage/workspace_test/Parent/Existing 17.rtf
2053	./storage/workspace_test/Parent/Existing 18.rtf
2054	./storage/workspace_test/Parent/Existing 19.rtf
2055	./storage/workspace_test/Parent/Existing 2.rtf
2056	./storage/workspace_test/Parent/Existing 20.rtf
2057	./storage/workspace_test/Parent/Existing 21.rtf
2058	./storage/workspace_test/Parent/Existing 22.rtf
2059	./storage/workspace_test/Parent/Existing 23.rtf
2060	./storage/workspace_test/Parent/Existing 24.rtf
2061	./storage/workspace_test/Parent/Existing 25.rtf
2062	./storage/workspace_test/Parent/Existing 26.rtf
2063	./storage/workspace_test/Parent/Existing 27.rtf
2064	./storage/workspace_test/Parent/Existing 3.rtf
2065	./storage/workspace_test/Parent/Existing 4.rtf
2066	./storage/workspace_test/Parent/Existing 5.rtf
2067	./storage/workspace_test/Parent/Existing 6.rtf
2068	./storage/workspace_test/Parent/Existing 7.rtf
2069	./storage/workspace_test/Parent/Existing 8.rtf
2070	./storage/workspace_test/Parent/Existing 9.rtf
2071	./storage/workspace_test/Parent/Existing.rtf
2072	./storage/workspace_test/Sample Client/Sample Export 11.rtf
2073	./storage/workspace_test/Sample Client/Sample Export 12.rtf
2074	./storage/workspace_test/Sample Client/Sample Export 14.rtf
2075	./storage/workspace_test/Sample Client/Sample Export 16.rtf
2076	./storage/workspace_test/Sample Client/Sample Export 18.rtf
2077	./storage/workspace_test/Sample Client/Sample Export 21.rtf
2078	./storage/workspace_test/Sample Client/Sample Export 22.rtf
2079	./storage/workspace_test/Sample Client/Sample Export 25.rtf
2080	./storage/workspace_test/Sample Client/Sample Export 26.rtf
2081	./storage/workspace_test/Sample Client/Sample Export 29.rtf
2082	./storage/workspace_test/Sample Client/Sample Export 3.rtf
2083	./storage/workspace_test/Sample Client/Sample Export 30.rtf
2084	./storage/workspace_test/Sample Client/Sample Export 33.rtf
2085	./storage/workspace_test/Sample Client/Sample Export 34.rtf
2086	./storage/workspace_test/Sample Client/Sample Export 37.rtf
2087	./storage/workspace_test/Sample Client/Sample Export 39.rtf
2088	./storage/workspace_test/Sample Client/Sample Export 41.rtf
2089	./storage/workspace_test/Sample Client/Sample Export 43.rtf
2090	./storage/workspace_test/Sample Client/Sample Export 45.rtf
2091	./storage/workspace_test/Sample Client/Sample Export 47.rtf
2092	./storage/workspace_test/Sample Client/Sample Export 48.rtf
2093	./storage/workspace_test/Sample Client/Sample Export 5.rtf
2094	./storage/workspace_test/Sample Client/Sample Export 51.rtf
2095	./storage/workspace_test/Sample Client/Sample Export 53.rtf
2096	./storage/workspace_test/Sample Client/Sample Export 54.rtf
2097	./storage/workspace_test/Sample Client/Sample Export 57.rtf
2098	./storage/workspace_test/Sample Client/Sample Export 6.rtf
2099	./storage/workspace_test/Sample Client/Sample Export 9.rtf
2100	./storage/workspace_test/Sample Client/sample export 10.rtf
2101	./storage/workspace_test/Sample Client/sample export 13.rtf
2102	./storage/workspace_test/Sample Client/sample export 15.rtf
2103	./storage/workspace_test/Sample Client/sample export 17.rtf
2104	./storage/workspace_test/Sample Client/sample export 19.rtf
2105	./storage/workspace_test/Sample Client/sample export 2.rtf
2106	./storage/workspace_test/Sample Client/sample export 20.rtf
2107	./storage/workspace_test/Sample Client/sample export 23.rtf
2108	./storage/workspace_test/Sample Client/sample export 24.rtf
2109	./storage/workspace_test/Sample Client/sample export 27.rtf
2110	./storage/workspace_test/Sample Client/sample export 28.rtf
2111	./storage/workspace_test/Sample Client/sample export 31.rtf
2112	./storage/workspace_test/Sample Client/sample export 32.rtf
2113	./storage/workspace_test/Sample Client/sample export 35.rtf
2114	./storage/workspace_test/Sample Client/sample export 36.rtf
2115	./storage/workspace_test/Sample Client/sample export 38.rtf
2116	./storage/workspace_test/Sample Client/sample export 4.rtf
2117	./storage/workspace_test/Sample Client/sample export 40.rtf
2118	./storage/workspace_test/Sample Client/sample export 42.rtf
2119	./storage/workspace_test/Sample Client/sample export 44.rtf
2120	./storage/workspace_test/Sample Client/sample export 46.rtf
2121	./storage/workspace_test/Sample Client/sample export 49.rtf
2122	./storage/workspace_test/Sample Client/sample export 50.rtf
2123	./storage/workspace_test/Sample Client/sample export 52.rtf
2124	./storage/workspace_test/Sample Client/sample export 56.rtf
2125	./storage/workspace_test/Sample Client/sample export 7.rtf
2126	./storage/workspace_test/Sample Client/sample export 8.rtf
2127	./storage/workspace_test/Sample Client/sample export.rtf
2128	./storage/workspace_test/apps_open_user_01c9cfa2/Finder/Tasks/Welcome/Welcome.rtf
2129	./storage/workspace_test/apps_open_user_0384ff4f/Finder/Images/photo.jpg.bin
2130	./storage/workspace_test/apps_open_user_0384ff4f/Finder/Tasks/Welcome/Welcome.rtf
2131	./storage/workspace_test/apps_open_user_03f3ad4f/Finder/Notes/Design Notes.rtf
2132	./storage/workspace_test/apps_open_user_03f3ad4f/Finder/Tasks/Welcome/Welcome.rtf
2133	./storage/workspace_test/apps_open_user_0aaeb741/Finder/Tasks/Welcome/Welcome.rtf
2134	./storage/workspace_test/apps_open_user_0d1b9fc4/Finder/Images/photo.jpg.bin
2135	./storage/workspace_test/apps_open_user_0d1b9fc4/Finder/Tasks/Welcome/Welcome.rtf
2136	./storage/workspace_test/apps_open_user_10184251/Embedded/Task Draft.txt
2137	./storage/workspace_test/apps_open_user_10184251/Finder/Tasks/Welcome/Welcome.rtf
2138	./storage/workspace_test/apps_open_user_122505c1/Finder/Notes/Design Notes.rtf
2139	./storage/workspace_test/apps_open_user_122505c1/Finder/Tasks/Welcome/Welcome.rtf
2140	./storage/workspace_test/apps_open_user_1417b4e5/Finder/Audio/clip.mp3.bin
2141	./storage/workspace_test/apps_open_user_1417b4e5/Finder/Tasks/Welcome/Welcome.rtf
2142	./storage/workspace_test/apps_open_user_14d12159/Finder/Tasks/Welcome/Welcome.rtf
2143	./storage/workspace_test/apps_open_user_14d12159/Finder/Time Card/Today.rtf
2144	./storage/workspace_test/apps_open_user_180e5129/Finder/Images/photo.jpg.bin
2145	./storage/workspace_test/apps_open_user_180e5129/Finder/Tasks/Welcome/Welcome.rtf
2146	./storage/workspace_test/apps_open_user_1af5db91/Finder/Tasks/Welcome/Welcome.rtf
2147	./storage/workspace_test/apps_open_user_1d56c098/Finder/Notes/Design Notes.rtf
2148	./storage/workspace_test/apps_open_user_1d56c098/Finder/Tasks/Welcome/Welcome.rtf
2149	./storage/workspace_test/apps_open_user_26af6b2e/Finder/Tasks/Welcome/Welcome.rtf
2150	./storage/workspace_test/apps_open_user_2b1cfeb0/Finder/Notes/Single Line.rtf
2151	./storage/workspace_test/apps_open_user_2b1cfeb0/Finder/Tasks/Welcome/Welcome.rtf
2152	./storage/workspace_test/apps_open_user_34889855/Finder/Tasks/Welcome/Welcome.rtf
2153	./storage/workspace_test/apps_open_user_3b4da980/Finder/Tasks/Welcome/Welcome.rtf
2154	./storage/workspace_test/apps_open_user_3ca4b076/Finder/Images/photo.jpg.bin
2155	./storage/workspace_test/apps_open_user_3ca4b076/Finder/Tasks/Welcome/Welcome.rtf
2156	./storage/workspace_test/apps_open_user_4013d370/Embedded/Task Draft.txt
2157	./storage/workspace_test/apps_open_user_4013d370/Finder/Tasks/Welcome/Welcome.rtf
2158	./storage/workspace_test/apps_open_user_43a1e2bf/Finder/Images/song.mp3.bin
2159	./storage/workspace_test/apps_open_user_43a1e2bf/Finder/Tasks/Welcome/Welcome.rtf
2160	./storage/workspace_test/apps_open_user_47e30d70/Finder/Images/song.mp3.bin
2161	./storage/workspace_test/apps_open_user_47e30d70/Finder/Tasks/Welcome/Welcome.rtf
2162	./storage/workspace_test/apps_open_user_511548e5/Finder/Tasks/Task Board.txt
2163	./storage/workspace_test/apps_open_user_511548e5/Finder/Tasks/Welcome/Welcome.rtf
2164	./storage/workspace_test/apps_open_user_542642fb/Finder/Notes/Design Notes.rtf
2165	./storage/workspace_test/apps_open_user_542642fb/Finder/Tasks/Welcome/Welcome.rtf
2166	./storage/workspace_test/apps_open_user_546ced29/Finder/Images/song.mp3.bin
2167	./storage/workspace_test/apps_open_user_546ced29/Finder/Tasks/Welcome/Welcome.rtf
2168	./storage/workspace_test/apps_open_user_54fc7100/Finder/Audio/clip.mp3.bin
2169	./storage/workspace_test/apps_open_user_54fc7100/Finder/Tasks/Welcome/Welcome.rtf
2170	./storage/workspace_test/apps_open_user_560f57a0/Finder/Tasks/Welcome/Welcome.rtf
2171	./storage/workspace_test/apps_open_user_5722199b/Finder/Tasks/Welcome/Welcome.rtf
2172	./storage/workspace_test/apps_open_user_5722199b/Finder/Time Card/Today.rtf
2173	./storage/workspace_test/apps_open_user_5d322f0a/Finder/Notes/Design Notes.rtf
2174	./storage/workspace_test/apps_open_user_5d322f0a/Finder/Tasks/Welcome/Welcome.rtf
2175	./storage/workspace_test/apps_open_user_61af3a0f/Finder/Images/photo.jpg.bin
2176	./storage/workspace_test/apps_open_user_61af3a0f/Finder/Tasks/Welcome/Welcome.rtf
2177	./storage/workspace_test/apps_open_user_632f6c2e/Finder/Tasks/Welcome/Welcome.rtf
2178	./storage/workspace_test/apps_open_user_66721e33/Finder/Tasks/Welcome/Welcome.rtf
2179	./storage/workspace_test/apps_open_user_758f4a9d/Finder/Tasks/Task Board.txt
2180	./storage/workspace_test/apps_open_user_758f4a9d/Finder/Tasks/Welcome/Welcome.rtf
2181	./storage/workspace_test/apps_open_user_786f6833/Embedded/Task Draft.txt
2182	./storage/workspace_test/apps_open_user_786f6833/Finder/Tasks/Welcome/Welcome.rtf
2183	./storage/workspace_test/apps_open_user_7d7b0617/Finder/Tasks/Welcome/Welcome.rtf
2184	./storage/workspace_test/apps_open_user_7e829851/Finder/Tasks/Welcome/Welcome.rtf
2185	./storage/workspace_test/apps_open_user_7e829851/Finder/Time Card/Today.rtf
2186	./storage/workspace_test/apps_open_user_81183ade/Finder/Tasks/Welcome/Welcome.rtf
2187	./storage/workspace_test/apps_open_user_818d178d/Finder/Tasks/Welcome/Welcome.rtf
2188	./storage/workspace_test/apps_open_user_83d68a89/Finder/Images/song.mp3.bin
2189	./storage/workspace_test/apps_open_user_83d68a89/Finder/Tasks/Welcome/Welcome.rtf
2190	./storage/workspace_test/apps_open_user_84424622/Finder/Notes/Design Notes.rtf
2191	./storage/workspace_test/apps_open_user_84424622/Finder/Tasks/Welcome/Welcome.rtf
2192	./storage/workspace_test/apps_open_user_860ea6b9/Finder/Tasks/Welcome/Welcome.rtf
2193	./storage/workspace_test/apps_open_user_89317eee/Embedded/Task Draft.txt
2194	./storage/workspace_test/apps_open_user_89317eee/Finder/Tasks/Welcome/Welcome.rtf
2195	./storage/workspace_test/apps_open_user_8b765eb0/Finder/Tasks/Welcome/Welcome.rtf
2196	./storage/workspace_test/apps_open_user_8b765eb0/Finder/Time Card/Today.rtf
2197	./storage/workspace_test/apps_open_user_8fcba099/Finder/Tasks/Task Board.txt
2198	./storage/workspace_test/apps_open_user_8fcba099/Finder/Tasks/Welcome/Welcome.rtf
2199	./storage/workspace_test/apps_open_user_90bc822e/Finder/Images/photo.jpg.bin
2200	./storage/workspace_test/apps_open_user_90bc822e/Finder/Tasks/Welcome/Welcome.rtf
2201	./storage/workspace_test/apps_open_user_978b21cb/Finder/Audio/clip.mp3.bin
2202	./storage/workspace_test/apps_open_user_978b21cb/Finder/Tasks/Welcome/Welcome.rtf
2203	./storage/workspace_test/apps_open_user_97bae14d/Finder/Audio/clip.mp3.bin
2204	./storage/workspace_test/apps_open_user_97bae14d/Finder/Tasks/Welcome/Welcome.rtf
2205	./storage/workspace_test/apps_open_user_9b90cdc3/Finder/Tasks/Welcome/Welcome.rtf
2206	./storage/workspace_test/apps_open_user_9b90cdc3/Finder/Time Card/Today.rtf
2207	./storage/workspace_test/apps_open_user_9d1e3f4d/Finder/Tasks/Welcome/Welcome.rtf
2208	./storage/workspace_test/apps_open_user_9e6e3b85/Finder/Images/song.mp3.bin
2209	./storage/workspace_test/apps_open_user_9e6e3b85/Finder/Tasks/Welcome/Welcome.rtf
2210	./storage/workspace_test/apps_open_user_a07e4d3e/Finder/Tasks/Welcome/Welcome.rtf
2211	./storage/workspace_test/apps_open_user_a86640fa/Finder/Tasks/Welcome/Welcome.rtf
2212	./storage/workspace_test/apps_open_user_ab0f17a5/Finder/Images/photo.jpg.bin
2213	./storage/workspace_test/apps_open_user_ab0f17a5/Finder/Tasks/Welcome/Welcome.rtf
2214	./storage/workspace_test/apps_open_user_ac00318c/Finder/Audio/clip.mp3.bin
2215	./storage/workspace_test/apps_open_user_ac00318c/Finder/Tasks/Welcome/Welcome.rtf
2216	./storage/workspace_test/apps_open_user_b2931457/Finder/Notes/Single Line.rtf
2217	./storage/workspace_test/apps_open_user_b2931457/Finder/Tasks/Welcome/Welcome.rtf
2218	./storage/workspace_test/apps_open_user_b4270535/Finder/Tasks/Welcome/Welcome.rtf
2219	./storage/workspace_test/apps_open_user_b8705df6/Finder/Tasks/Welcome/Welcome.rtf
2220	./storage/workspace_test/apps_open_user_bc071909/Finder/Tasks/Task Board.txt
2221	./storage/workspace_test/apps_open_user_bc071909/Finder/Tasks/Welcome/Welcome.rtf
2222	./storage/workspace_test/apps_open_user_bcec096f/Finder/Tasks/Welcome/Welcome.rtf
2223	./storage/workspace_test/apps_open_user_bcec096f/Finder/Time Card/Today.rtf
2224	./storage/workspace_test/apps_open_user_be629937/Finder/Tasks/Welcome/Welcome.rtf
2225	./storage/workspace_test/apps_open_user_beb82d60/Finder/Images/photo.jpg.bin
2226	./storage/workspace_test/apps_open_user_beb82d60/Finder/Tasks/Welcome/Welcome.rtf
2227	./storage/workspace_test/apps_open_user_c03903f5/Finder/Tasks/Welcome/Welcome.rtf
2228	./storage/workspace_test/apps_open_user_c156a787/Finder/Tasks/Task Board.txt
2229	./storage/workspace_test/apps_open_user_c156a787/Finder/Tasks/Welcome/Welcome.rtf
2230	./storage/workspace_test/apps_open_user_c17bff7b/Embedded/Task Draft.txt
2231	./storage/workspace_test/apps_open_user_c17bff7b/Finder/Tasks/Welcome/Welcome.rtf
2232	./storage/workspace_test/apps_open_user_c6eaf9c3/Finder/Images/song.mp3.bin
2233	./storage/workspace_test/apps_open_user_c6eaf9c3/Finder/Tasks/Welcome/Welcome.rtf
2234	./storage/workspace_test/apps_open_user_c83c938c/Finder/Tasks/Welcome/Welcome.rtf
2235	./storage/workspace_test/apps_open_user_cc71c51f/Finder/Tasks/Welcome/Welcome.rtf
2236	./storage/workspace_test/apps_open_user_cc71c51f/Finder/Time Card/Today.rtf
2237	./storage/workspace_test/apps_open_user_ce02de11/Finder/Audio/clip.mp3.bin
2238	./storage/workspace_test/apps_open_user_ce02de11/Finder/Tasks/Welcome/Welcome.rtf
2239	./storage/workspace_test/apps_open_user_d0311842/Finder/Tasks/Welcome/Welcome.rtf
2240	./storage/workspace_test/apps_open_user_d0311842/Finder/Time Card/Today.rtf
2241	./storage/workspace_test/apps_open_user_d1f770e5/Finder/Tasks/Welcome/Welcome.rtf
2242	./storage/workspace_test/apps_open_user_d26a4b17/Finder/Notes/Design Notes.rtf
2243	./storage/workspace_test/apps_open_user_d26a4b17/Finder/Tasks/Welcome/Welcome.rtf
2244	./storage/workspace_test/apps_open_user_d5861100/Finder/Images/photo.jpg.bin
2245	./storage/workspace_test/apps_open_user_d5861100/Finder/Tasks/Welcome/Welcome.rtf
2246	./storage/workspace_test/apps_open_user_d74c2459/Finder/Notes/Design Notes.rtf
2247	./storage/workspace_test/apps_open_user_d74c2459/Finder/Tasks/Welcome/Welcome.rtf
2248	./storage/workspace_test/apps_open_user_d97055d6/Finder/Images/song.mp3.bin
2249	./storage/workspace_test/apps_open_user_d97055d6/Finder/Tasks/Welcome/Welcome.rtf
2250	./storage/workspace_test/apps_open_user_d9d97248/Finder/Tasks/Welcome/Welcome.rtf
2251	./storage/workspace_test/apps_open_user_df07ec7c/Finder/Tasks/Welcome/Welcome.rtf
2252	./storage/workspace_test/apps_open_user_df07ec7c/Finder/Time Card/Today.rtf
2253	./storage/workspace_test/apps_open_user_e28734e7/Finder/Tasks/Task Board.txt
2254	./storage/workspace_test/apps_open_user_e28734e7/Finder/Tasks/Welcome/Welcome.rtf
2255	./storage/workspace_test/apps_open_user_e3a2e7b0/Finder/Tasks/Welcome/Welcome.rtf
2256	./storage/workspace_test/apps_open_user_e7be18b5/Finder/Tasks/Welcome/Welcome.rtf
2257	./storage/workspace_test/apps_open_user_ef04d000/Finder/Tasks/Welcome/Welcome.rtf
2258	./storage/workspace_test/apps_open_user_f2d97d44/Finder/Notes/Design Notes.rtf
2259	./storage/workspace_test/apps_open_user_f2d97d44/Finder/Tasks/Welcome/Welcome.rtf
2260	./storage/workspace_test/apps_open_user_f4ba5c5d/Finder/Tasks/Welcome/Welcome.rtf
2261	./storage/workspace_test/apps_open_user_f57e9ef2/Finder/Tasks/Welcome/Welcome.rtf
2262	./storage/workspace_test/apps_open_user_f6d7032f/Finder/Images/song.mp3.bin
2263	./storage/workspace_test/apps_open_user_f6d7032f/Finder/Tasks/Welcome/Welcome.rtf
2264	./storage/workspace_test/apps_open_user_f6e9c1d5/Finder/Tasks/Welcome/Welcome.rtf
2265	./storage/workspace_test/apps_open_user_f969248a/Finder/Tasks/Welcome/Welcome.rtf
2266	./storage/workspace_test/apps_open_user_fb932382/Finder/Tasks/Welcome/Welcome.rtf
2267	./storage/workspace_test/apps_open_user_fd6dd513/Finder/Tasks/Welcome/Welcome.rtf
2268	./storage/workspace_test/create_file_user_35e13157/Finder/Tasks/Untitled Note.rtf
2269	./storage/workspace_test/create_file_user_35e13157/Finder/Tasks/Welcome/Welcome.rtf
2270	./storage/workspace_test/create_file_user_40525287/Finder/Tasks/Untitled Note.rtf
2271	./storage/workspace_test/create_file_user_40525287/Finder/Tasks/Welcome/Welcome.rtf
2272	./storage/workspace_test/create_file_user_46f632b9/Finder/Tasks/Untitled Note.rtf
2273	./storage/workspace_test/create_file_user_46f632b9/Finder/Tasks/Welcome/Welcome.rtf
2274	./storage/workspace_test/create_file_user_4b8e97a5/Finder/Tasks/Welcome/Welcome.rtf
2275	./storage/workspace_test/create_file_user_4b8e97a5/Finder/Tasks/x.rtf
2276	./storage/workspace_test/create_file_user_638e5fa2/Finder/Tasks/Welcome/Welcome.rtf
2277	./storage/workspace_test/create_file_user_638e5fa2/Finder/Tasks/x.rtf
2278	./storage/workspace_test/create_file_user_81c767c7/Finder/Tasks/Welcome/Welcome.rtf
2279	./storage/workspace_test/create_file_user_81c767c7/Finder/Tasks/x.rtf
2280	./storage/workspace_test/create_file_user_9efe7ca6/Finder/Tasks/Untitled Note.rtf
2281	./storage/workspace_test/create_file_user_9efe7ca6/Finder/Tasks/Welcome/Welcome.rtf
2282	./storage/workspace_test/create_file_user_a1c207a9/Finder/Tasks/Untitled Note.rtf
2283	./storage/workspace_test/create_file_user_a1c207a9/Finder/Tasks/Welcome/Welcome.rtf
2284	./storage/workspace_test/create_file_user_b1c4e611/Finder/Tasks/Welcome/Welcome.rtf
2285	./storage/workspace_test/create_file_user_b1c4e611/Finder/Tasks/x.rtf
2286	./storage/workspace_test/create_file_user_e2098e7a/Finder/Tasks/Welcome/Welcome.rtf
2287	./storage/workspace_test/create_file_user_e2098e7a/Finder/Tasks/x.rtf
2288	./storage/workspace_test/create_file_user_e30b5c49/Finder/Tasks/Welcome/Welcome.rtf
2289	./storage/workspace_test/create_file_user_e30b5c49/Finder/Tasks/x.rtf
2290	./storage/workspace_test/create_file_user_eb61d907/Finder/Tasks/Untitled Note.rtf
2291	./storage/workspace_test/create_file_user_eb61d907/Finder/Tasks/Welcome/Welcome.rtf
2292	./storage/workspace_test/create_subfolder_user_175c6536/Finder/Tasks/Welcome/Welcome.rtf
2293	./storage/workspace_test/create_subfolder_user_222962c8/Finder/Tasks/Welcome/Welcome.rtf
2294	./storage/workspace_test/create_subfolder_user_40fa5f5f/Finder/Tasks/Welcome/Welcome.rtf
2295	./storage/workspace_test/create_subfolder_user_49e0c452/Finder/Tasks/Welcome/Welcome.rtf
2296	./storage/workspace_test/create_subfolder_user_4fb299df/Finder/Tasks/Welcome/Welcome.rtf
2297	./storage/workspace_test/create_subfolder_user_53fce87a/Finder/Tasks/Welcome/Welcome.rtf
2298	./storage/workspace_test/create_subfolder_user_5eecc969/Finder/Tasks/Welcome/Welcome.rtf
2299	./storage/workspace_test/create_subfolder_user_64e8e168/Finder/Tasks/Welcome/Welcome.rtf
2300	./storage/workspace_test/create_subfolder_user_84a5c6d0/Finder/Tasks/Welcome/Welcome.rtf
2301	./storage/workspace_test/create_subfolder_user_983624c5/Finder/Tasks/Welcome/Welcome.rtf
2302	./storage/workspace_test/create_subfolder_user_a00fe333/Finder/Tasks/Welcome/Welcome.rtf
2303	./storage/workspace_test/create_subfolder_user_ac7474d7/Finder/Tasks/Welcome/Welcome.rtf
2304	./storage/workspace_test/create_subfolder_user_bc143c26/Finder/Tasks/Welcome/Welcome.rtf
2305	./storage/workspace_test/create_subfolder_user_c542881b/Finder/Tasks/Welcome/Welcome.rtf
2306	./storage/workspace_test/create_subfolder_user_cf01dad4/Finder/Tasks/Welcome/Welcome.rtf
2307	./storage/workspace_test/create_subfolder_user_e1fd3af5/Finder/Tasks/Welcome/Welcome.rtf
2308	./storage/workspace_test/destroy_user 3/Finder/Tasks/Welcome/Welcome.rtf
2309	./storage/workspace_test/destroy_user/Finder/Tasks/Welcome/Welcome.rtf
2310	./storage/workspace_test/disk_loader_user_3c415881/Finder/Tasks/Welcome/Welcome.rtf
2311	./storage/workspace_test/disk_loader_user_4d10e9c5/Finder/Tasks/Welcome/Welcome.rtf
2312	./storage/workspace_test/disk_loader_user_94cfae7c/Finder/Tasks/Welcome/Welcome.rtf
2313	./storage/workspace_test/disk_loader_user_b04beaed/Finder/Tasks/Welcome/Welcome.rtf
2314	./storage/workspace_test/disk_loader_user_b365b5c7/Finder/Tasks/Welcome/Welcome.rtf
2315	./storage/workspace_test/disk_loader_user_ed954c70/Finder/Tasks/Welcome/Welcome.rtf
2316	./storage/workspace_test/documents_import_test@example.com 10/Finder/Tasks/Uploads/Untitled Note.rtf
2317	./storage/workspace_test/documents_import_test@example.com 11/Finder/Tasks/Uploads/Untitled Note.rtf
2318	./storage/workspace_test/documents_import_test@example.com 12/Finder/Tasks/Uploads/Untitled Note.rtf
2319	./storage/workspace_test/documents_import_test@example.com 13/Finder/Tasks/Uploads/Untitled Note.rtf
2320	./storage/workspace_test/documents_import_test@example.com 14/Finder/Tasks/Uploads/Untitled Note.rtf
2321	./storage/workspace_test/documents_import_test@example.com 15/Finder/Tasks/Uploads/Untitled Note.rtf
2322	./storage/workspace_test/documents_import_test@example.com 16/Finder/Tasks/Uploads/Untitled Note.rtf
2323	./storage/workspace_test/documents_import_test@example.com 17/Finder/Tasks/Uploads/Untitled Note.rtf
2324	./storage/workspace_test/documents_import_test@example.com 2/Finder/Tasks/Uploads/Untitled Note.rtf
2325	./storage/workspace_test/documents_import_test@example.com 20/Finder/Tasks/Uploads/Untitled Note.rtf
2326	./storage/workspace_test/documents_import_test@example.com 23/Finder/Tasks/Uploads/Untitled Note.rtf
2327	./storage/workspace_test/documents_import_test@example.com 26/Finder/Tasks/Uploads/Untitled Note.rtf
2328	./storage/workspace_test/documents_import_test@example.com 29/Finder/Tasks/Uploads/Untitled Note.rtf
2329	./storage/workspace_test/documents_import_test@example.com 3/Finder/Tasks/Uploads/Untitled Note.rtf
2330	./storage/workspace_test/documents_import_test@example.com 32/Finder/Tasks/Uploads/Untitled Note.rtf
2331	./storage/workspace_test/documents_import_test@example.com 35/Finder/Tasks/Uploads/Untitled Note.rtf
2332	./storage/workspace_test/documents_import_test@example.com 38/Finder/Tasks/Uploads/Untitled Note.rtf
2333	./storage/workspace_test/documents_import_test@example.com 4/Finder/Tasks/Uploads/Untitled Note.rtf
2334	./storage/workspace_test/documents_import_test@example.com 41/Finder/Tasks/Uploads/Untitled Note.rtf
2335	./storage/workspace_test/documents_import_test@example.com 44/Finder/Tasks/Uploads/Untitled Note.rtf
2336	./storage/workspace_test/documents_import_test@example.com 47/Finder/Tasks/Uploads/Untitled Note.rtf
2337	./storage/workspace_test/documents_import_test@example.com 5/Finder/Tasks/Uploads/Untitled Note.rtf
2338	./storage/workspace_test/documents_import_test@example.com 6/Finder/Tasks/Uploads/Untitled Note.rtf
2339	./storage/workspace_test/documents_import_test@example.com 7/Finder/Tasks/Uploads/Untitled Note.rtf
2340	./storage/workspace_test/documents_import_test@example.com 8/Finder/Tasks/Uploads/Untitled Note.rtf
2341	./storage/workspace_test/documents_import_test@example.com 9/Finder/Tasks/Uploads/Untitled Note.rtf
2342	./storage/workspace_test/documents_import_test@example.com/Finder/Tasks/Uploads/Untitled Note.rtf
2343	./storage/workspace_test/drafts_user_031b294f/Embedded/Task Draft.txt
2344	./storage/workspace_test/drafts_user_031b294f/Finder/Tasks/Saved Task List.txt
2345	./storage/workspace_test/drafts_user_031b294f/Finder/Tasks/Welcome/Welcome.rtf
2346	./storage/workspace_test/drafts_user_15006fd0/Embedded/Task Draft.txt
2347	./storage/workspace_test/drafts_user_15006fd0/Finder/Tasks/Welcome/Welcome.rtf
2348	./storage/workspace_test/drafts_user_150da2f5/Embedded/Task Draft.txt
2349	./storage/workspace_test/drafts_user_150da2f5/Finder/Tasks/Welcome/Welcome.rtf
2350	./storage/workspace_test/drafts_user_162ed480/Embedded/Task Draft.txt
2351	./storage/workspace_test/drafts_user_162ed480/Finder/Tasks/Saved Task List.txt
2352	./storage/workspace_test/drafts_user_162ed480/Finder/Tasks/Welcome/Welcome.rtf
2353	./storage/workspace_test/drafts_user_1771c38f/Embedded/Task Draft.txt
2354	./storage/workspace_test/drafts_user_1771c38f/Finder/Tasks/Welcome/Welcome.rtf
2355	./storage/workspace_test/drafts_user_1cef3f23/Embedded/Task Draft.txt
2356	./storage/workspace_test/drafts_user_1cef3f23/Finder/Tasks/Welcome/Welcome.rtf
2357	./storage/workspace_test/drafts_user_33e79b3c/Finder/Tasks/Welcome/Welcome.rtf
2358	./storage/workspace_test/drafts_user_5daad026/Embedded/Task Draft.txt
2359	./storage/workspace_test/drafts_user_5daad026/Finder/Tasks/Saved Task List.txt
2360	./storage/workspace_test/drafts_user_5daad026/Finder/Tasks/Welcome/Welcome.rtf
2361	./storage/workspace_test/drafts_user_61962541/Finder/Tasks/Welcome/Welcome.rtf
2362	./storage/workspace_test/drafts_user_85ae2020/Finder/Tasks/Welcome/Welcome.rtf
2363	./storage/workspace_test/drafts_user_88e31f86/Embedded/Task Draft.txt
2364	./storage/workspace_test/drafts_user_88e31f86/Finder/Tasks/Welcome/Welcome.rtf
2365	./storage/workspace_test/drafts_user_88ea75ea/Embedded/Task Draft.txt
2366	./storage/workspace_test/drafts_user_88ea75ea/Finder/Tasks/Saved Task List.txt
2367	./storage/workspace_test/drafts_user_88ea75ea/Finder/Tasks/Welcome/Welcome.rtf
2368	./storage/workspace_test/drafts_user_94ebbc6d/Finder/Tasks/Welcome/Welcome.rtf
2369	./storage/workspace_test/drafts_user_95995c71/Embedded/Task Draft.txt
2370	./storage/workspace_test/drafts_user_95995c71/Finder/Tasks/Welcome/Welcome.rtf
2371	./storage/workspace_test/drafts_user_9949d9b5/Embedded/Task Draft.txt
2372	./storage/workspace_test/drafts_user_9949d9b5/Finder/Tasks/Saved Task List.txt
2373	./storage/workspace_test/drafts_user_9949d9b5/Finder/Tasks/Welcome/Welcome.rtf
2374	./storage/workspace_test/drafts_user_aa212477/Embedded/Task Draft.txt
2375	./storage/workspace_test/drafts_user_aa212477/Finder/Tasks/Welcome/Welcome.rtf
2376	./storage/workspace_test/drafts_user_c4dfa461/Finder/Tasks/Welcome/Welcome.rtf
2377	./storage/workspace_test/drafts_user_c87747bc/Embedded/Task Draft.txt
2378	./storage/workspace_test/drafts_user_c87747bc/Finder/Tasks/Saved Task List.txt
2379	./storage/workspace_test/drafts_user_c87747bc/Finder/Tasks/Welcome/Welcome.rtf
2380	./storage/workspace_test/drafts_user_d0cc8784/Embedded/Task Draft.txt
2381	./storage/workspace_test/drafts_user_d0cc8784/Finder/Tasks/Saved Task List.txt
2382	./storage/workspace_test/drafts_user_d0cc8784/Finder/Tasks/Welcome/Welcome.rtf
2383	./storage/workspace_test/drafts_user_d5250d05/Embedded/Task Draft.txt
2384	./storage/workspace_test/drafts_user_d5250d05/Finder/Tasks/Saved Task List.txt
2385	./storage/workspace_test/drafts_user_d5250d05/Finder/Tasks/Welcome/Welcome.rtf
2386	./storage/workspace_test/drafts_user_de149286/Finder/Tasks/Welcome/Welcome.rtf
2387	./storage/workspace_test/drafts_user_e23f20b5/Embedded/Task Draft.txt
2388	./storage/workspace_test/drafts_user_e23f20b5/Finder/Tasks/Welcome/Welcome.rtf
2389	./storage/workspace_test/drafts_user_f2eee371/Finder/Tasks/Welcome/Welcome.rtf
2390	./storage/workspace_test/drafts_user_f9cdb7eb/Finder/Tasks/Welcome/Welcome.rtf
2391	./storage/workspace_test/drag_drop@example.com 2/Tasks/Drag Drop Tasks.txt
2392	./storage/workspace_test/drag_drop@example.com 3/Tasks/Drag Drop Tasks.txt
2393	./storage/workspace_test/drag_drop@example.com 4/Tasks/Drag Drop Tasks.txt
2394	./storage/workspace_test/drag_drop@example.com 5/Tasks/Drag Drop Tasks.txt
2395	./storage/workspace_test/drag_drop@example.com 6/Tasks/Drag Drop Tasks.txt
2396	./storage/workspace_test/drag_drop@example.com 7/Tasks/Drag Drop Tasks.txt
2397	./storage/workspace_test/drag_drop@example.com 8/Tasks/Drag Drop Tasks.txt
2398	./storage/workspace_test/drag_drop@example.com/Tasks 2/Drag Drop Tasks.txt
2399	./storage/workspace_test/drag_drop@example.com/Tasks 3/Drag Drop Tasks.txt
2400	./storage/workspace_test/drag_drop@example.com/Tasks/Drag Drop Tasks.txt
2401	./storage/workspace_test/embedded_draft_user_06e3d6b6/Embedded/Task Draft.txt
2402	./storage/workspace_test/embedded_draft_user_06e3d6b6/Finder/Tasks/Welcome/Welcome.rtf
2403	./storage/workspace_test/embedded_draft_user_2054bc8a/Embedded/Task Draft.txt
2404	./storage/workspace_test/embedded_draft_user_2054bc8a/Finder/Tasks/Welcome/Welcome.rtf
2405	./storage/workspace_test/embedded_draft_user_2805e7f3/Embedded/Task Draft.txt
2406	./storage/workspace_test/embedded_draft_user_2805e7f3/Finder/Tasks/Welcome/Welcome.rtf
2407	./storage/workspace_test/embedded_draft_user_28db9062/Finder/Tasks/Welcome/Welcome.rtf
2408	./storage/workspace_test/embedded_draft_user_5ca54558/Embedded/Note Draft.rtf
2409	./storage/workspace_test/embedded_draft_user_5ca54558/Finder/Tasks/Welcome/Welcome.rtf
2410	./storage/workspace_test/embedded_draft_user_5d8d8b04/Embedded/Note Draft.rtf
2411	./storage/workspace_test/embedded_draft_user_5d8d8b04/Finder/Tasks/Welcome/Welcome.rtf
2412	./storage/workspace_test/embedded_draft_user_7b2cbb0f/Finder/Tasks/Welcome/Welcome.rtf
2413	./storage/workspace_test/embedded_draft_user_7fb47a82/Embedded/Note Draft.rtf
2414	./storage/workspace_test/embedded_draft_user_7fb47a82/Finder/Tasks/Welcome/Welcome.rtf
2415	./storage/workspace_test/embedded_draft_user_8cc941c3/Finder/Tasks/Welcome/Welcome.rtf
2416	./storage/workspace_test/embedded_draft_user_92c22fa6/Embedded/Task Draft.txt
2417	./storage/workspace_test/embedded_draft_user_92c22fa6/Finder/Tasks/Welcome/Welcome.rtf
2418	./storage/workspace_test/embedded_draft_user_93ed5ed5/Embedded/Task Draft.txt
2419	./storage/workspace_test/embedded_draft_user_93ed5ed5/Finder/Tasks/Welcome/Welcome.rtf
2420	./storage/workspace_test/embedded_draft_user_94b4d882/Embedded/Note Draft.rtf
2421	./storage/workspace_test/embedded_draft_user_94b4d882/Finder/Tasks/Welcome/Welcome.rtf
2422	./storage/workspace_test/embedded_draft_user_9b3515b1/Embedded/Note Draft.rtf
2423	./storage/workspace_test/embedded_draft_user_9b3515b1/Finder/Tasks/Welcome/Welcome.rtf
2424	./storage/workspace_test/embedded_draft_user_9ec8dd88/Finder/Tasks/Welcome/Welcome.rtf
2425	./storage/workspace_test/embedded_draft_user_ae7bcf02/Embedded/Note Draft.rtf
2426	./storage/workspace_test/embedded_draft_user_ae7bcf02/Finder/Tasks/Welcome/Welcome.rtf
2427	./storage/workspace_test/embedded_draft_user_af9e086d/Embedded/Task Draft.txt
2428	./storage/workspace_test/embedded_draft_user_af9e086d/Finder/Tasks/Welcome/Welcome.rtf
2429	./storage/workspace_test/embedded_draft_user_b4819069/Finder/Tasks/Welcome/Welcome.rtf
2430	./storage/workspace_test/embedded_draft_user_be9d6335/Embedded/Task Draft.txt
2431	./storage/workspace_test/embedded_draft_user_be9d6335/Finder/Tasks/Welcome/Welcome.rtf
2432	./storage/workspace_test/embedded_draft_user_cdb99cb0/Embedded/Task Draft.txt
2433	./storage/workspace_test/embedded_draft_user_cdb99cb0/Finder/Tasks/Welcome/Welcome.rtf
2434	./storage/workspace_test/embedded_draft_user_ddf28a7a/Embedded/Task Draft.txt
2435	./storage/workspace_test/embedded_draft_user_ddf28a7a/Finder/Tasks/Welcome/Welcome.rtf
2436	./storage/workspace_test/embedded_draft_user_dea6e728/Embedded/Task Draft.txt
2437	./storage/workspace_test/embedded_draft_user_dea6e728/Finder/Tasks/Welcome/Welcome.rtf
2438	./storage/workspace_test/embedded_draft_user_e2de28ff/Embedded/Task Draft.txt
2439	./storage/workspace_test/embedded_draft_user_e2de28ff/Finder/Tasks/Welcome/Welcome.rtf
2440	./storage/workspace_test/embedded_draft_user_e38d98e5/Finder/Tasks/Welcome/Welcome.rtf
2441	./storage/workspace_test/embedded_draft_user_f05d264b/Embedded/Task Draft.txt
2442	./storage/workspace_test/embedded_draft_user_f05d264b/Finder/Tasks/Welcome/Welcome.rtf
2443	./storage/workspace_test/finder_initializer_test_04df1878@example.com/Finder/Tasks/Favorite Candidate.rtf
2444	./storage/workspace_test/finder_initializer_test_3ab47231@example.com/Finder/Tasks/Favorite Candidate.rtf
2445	./storage/workspace_test/finder_initializer_test_3aeb2c12@example.com/Finder/Tasks/Favorite Candidate.rtf
2446	./storage/workspace_test/finder_initializer_test_3d16796d@example.com/Finder/Tasks/Favorite Candidate.rtf
2447	./storage/workspace_test/finder_initializer_test_802d0bda@example.com/Finder/Tasks/Favorite Candidate.rtf
2448	./storage/workspace_test/finder_initializer_test_90dcc525@example.com/Finder/Tasks/Favorite Candidate.rtf
2449	./storage/workspace_test/finder_initializer_test_9d55a948@example.com/Finder/Tasks/Favorite Candidate.rtf
2450	./storage/workspace_test/finder_initializer_test_a58eae56@example.com/Finder/Tasks/Favorite Candidate.rtf
2451	./storage/workspace_test/finder_initializer_test_aeaaf8b1@example.com/Finder/Tasks/Favorite Candidate.rtf
2452	./storage/workspace_test/finder_initializer_test_d914d8f7@example.com/Finder/Tasks/Favorite Candidate.rtf
2453	./storage/workspace_test/finder_initializer_test_e7416a8e@example.com/Finder/Tasks/Favorite Candidate.rtf
2454	./storage/workspace_test/finder_initializer_test_ebd2b22d@example.com/Finder/Tasks/Favorite Candidate.rtf
2455	./storage/workspace_test/move_document_user_085b0856/Finder/Tasks/Welcome/Welcome.rtf
2456	./storage/workspace_test/move_document_user_2d322760/Finder/Tasks/B/note.rtf
2457	./storage/workspace_test/move_document_user_2d322760/Finder/Tasks/Welcome/Welcome.rtf
2458	./storage/workspace_test/move_document_user_2f1f4f75/Finder/Tasks/B/note.rtf
2459	./storage/workspace_test/move_document_user_2f1f4f75/Finder/Tasks/Welcome/Welcome.rtf
2460	./storage/workspace_test/move_document_user_3d233df0/Finder/Tasks/Welcome/Welcome.rtf
2461	./storage/workspace_test/move_document_user_45c87767/Finder/Tasks/B/note.rtf
2462	./storage/workspace_test/move_document_user_45c87767/Finder/Tasks/Welcome/Welcome.rtf
2463	./storage/workspace_test/move_document_user_478d8c4d/Finder/Tasks/B/note.rtf
2464	./storage/workspace_test/move_document_user_478d8c4d/Finder/Tasks/Welcome/Welcome.rtf
2465	./storage/workspace_test/move_document_user_53391c91/Finder/Tasks/Welcome/Welcome.rtf
2466	./storage/workspace_test/move_document_user_5bb704aa/Finder/Tasks/Welcome/Welcome.rtf
2467	./storage/workspace_test/move_document_user_7505c204/Finder/Tasks/Welcome/Welcome.rtf
2468	./storage/workspace_test/move_document_user_7d0f6ef6/Finder/Tasks/Welcome/Welcome.rtf
2469	./storage/workspace_test/move_document_user_8ffd69a8/Finder/Tasks/B/note.rtf
2470	./storage/workspace_test/move_document_user_8ffd69a8/Finder/Tasks/Welcome/Welcome.rtf
2471	./storage/workspace_test/move_document_user_bfcd9527/Finder/Tasks/B/note.rtf
2472	./storage/workspace_test/move_document_user_bfcd9527/Finder/Tasks/Welcome/Welcome.rtf
2473	./storage/workspace_test/move_document_user_d70c6490/Finder/Tasks/Welcome/Welcome.rtf
2474	./storage/workspace_test/move_document_user_f077d9b8/Finder/Tasks/B/note.rtf
2475	./storage/workspace_test/move_document_user_f077d9b8/Finder/Tasks/Welcome/Welcome.rtf
2476	./storage/workspace_test/move_document_user_f9c68c33/Finder/Tasks/B/note.rtf
2477	./storage/workspace_test/move_document_user_f9c68c33/Finder/Tasks/Welcome/Welcome.rtf
2478	./storage/workspace_test/move_document_user_fff9cc83/Finder/Tasks/Welcome/Welcome.rtf
2479	./storage/workspace_test/open_doc_user_04684ec9/Finder/Notes/Daily Note.rtf
2480	./storage/workspace_test/open_doc_user_04684ec9/Finder/Tasks/Welcome/Welcome.rtf
2481	./storage/workspace_test/open_doc_user_085781ff/Finder/Tasks/Welcome/Welcome.rtf
2482	./storage/workspace_test/open_doc_user_08ece817/Finder/Notes/Daily Note.rtf
2483	./storage/workspace_test/open_doc_user_08ece817/Finder/Tasks/Welcome/Welcome.rtf
2484	./storage/workspace_test/open_doc_user_09edf338/Finder/Tasks/Task Note.rtf
2485	./storage/workspace_test/open_doc_user_09edf338/Finder/Tasks/Welcome/Welcome.rtf
2486	./storage/workspace_test/open_doc_user_0fb00473/Finder/Tasks/Daily Tasks.txt
2487	./storage/workspace_test/open_doc_user_0fb00473/Finder/Tasks/Welcome/Welcome.rtf
2488	./storage/workspace_test/open_doc_user_1602ffd6/Finder/Notes/Daily Note.rtf
2489	./storage/workspace_test/open_doc_user_1602ffd6/Finder/Tasks/Welcome/Welcome.rtf
2490	./storage/workspace_test/open_doc_user_169bfb2b/Finder/Tasks/Welcome/Welcome.rtf
2491	./storage/workspace_test/open_doc_user_2128982e/Finder/Tasks/Welcome/Welcome.rtf
2492	./storage/workspace_test/open_doc_user_24d7baa1/Finder/Tasks/Welcome/Welcome.rtf
2493	./storage/workspace_test/open_doc_user_2f5cbc27/Finder/Tasks/Welcome/Welcome.rtf
2494	./storage/workspace_test/open_doc_user_3d4e733a/Finder/Tasks/Welcome/Welcome.rtf
2495	./storage/workspace_test/open_doc_user_40681f97/Finder/Tasks/Welcome/Welcome.rtf
2496	./storage/workspace_test/open_doc_user_49f267d4/Finder/Tasks/Task Note.rtf
2497	./storage/workspace_test/open_doc_user_49f267d4/Finder/Tasks/Welcome/Welcome.rtf
2498	./storage/workspace_test/open_doc_user_4e5758ec/Finder/Tasks/Daily Tasks.txt
2499	./storage/workspace_test/open_doc_user_4e5758ec/Finder/Tasks/Welcome/Welcome.rtf
2500	./storage/workspace_test/open_doc_user_5188de23/Finder/Tasks/Welcome/Welcome.rtf
2501	./storage/workspace_test/open_doc_user_623c74ed/Finder/Images/clip.mp3.bin
2502	./storage/workspace_test/open_doc_user_623c74ed/Finder/Tasks/Welcome/Welcome.rtf
2503	./storage/workspace_test/open_doc_user_655b7114/Finder/Notes/Daily Note.rtf
2504	./storage/workspace_test/open_doc_user_655b7114/Finder/Tasks/Welcome/Welcome.rtf
2505	./storage/workspace_test/open_doc_user_6aed7680/Finder/Notes/Daily Note.rtf
2506	./storage/workspace_test/open_doc_user_6aed7680/Finder/Tasks/Welcome/Welcome.rtf
2507	./storage/workspace_test/open_doc_user_75ae0b05/Finder/Tasks/Daily Tasks.txt
2508	./storage/workspace_test/open_doc_user_75ae0b05/Finder/Tasks/Welcome/Welcome.rtf
2509	./storage/workspace_test/open_doc_user_8392b2f1/Finder/Images/clip.mp3.bin
2510	./storage/workspace_test/open_doc_user_8392b2f1/Finder/Tasks/Welcome/Welcome.rtf
2511	./storage/workspace_test/open_doc_user_8e3c3d08/Finder/Tasks/Welcome/Welcome.rtf
2512	./storage/workspace_test/open_doc_user_92ba9bc8/Finder/Tasks/Welcome/Welcome.rtf
2513	./storage/workspace_test/open_doc_user_995ad6d9/Finder/Images/clip.mp3.bin
2514	./storage/workspace_test/open_doc_user_995ad6d9/Finder/Tasks/Welcome/Welcome.rtf
2515	./storage/workspace_test/open_doc_user_a29ca8fd/Finder/Tasks/Task Note.rtf
2516	./storage/workspace_test/open_doc_user_a29ca8fd/Finder/Tasks/Welcome/Welcome.rtf
2517	./storage/workspace_test/open_doc_user_a6c4919b/Finder/Tasks/Welcome/Welcome.rtf
2518	./storage/workspace_test/open_doc_user_a9c22156/Finder/Tasks/Welcome/Welcome.rtf
2519	./storage/workspace_test/open_doc_user_acd31244/Finder/Tasks/Daily Tasks.txt
2520	./storage/workspace_test/open_doc_user_acd31244/Finder/Tasks/Welcome/Welcome.rtf
2521	./storage/workspace_test/open_doc_user_b047bb97/Finder/Tasks/Task Note.rtf
2522	./storage/workspace_test/open_doc_user_b047bb97/Finder/Tasks/Welcome/Welcome.rtf
2523	./storage/workspace_test/open_doc_user_b13f0e98/Finder/Tasks/Welcome/Welcome.rtf
2524	./storage/workspace_test/open_doc_user_b5b0d955/Finder/Images/clip.mp3.bin
2525	./storage/workspace_test/open_doc_user_b5b0d955/Finder/Tasks/Welcome/Welcome.rtf
2526	./storage/workspace_test/open_doc_user_bcef5478/Finder/Tasks/Welcome/Welcome.rtf
2527	./storage/workspace_test/open_doc_user_bf1bd848/Finder/Tasks/Task Note.rtf
2528	./storage/workspace_test/open_doc_user_bf1bd848/Finder/Tasks/Welcome/Welcome.rtf
2529	./storage/workspace_test/open_doc_user_c3618365/Finder/Tasks/Welcome/Welcome.rtf
2530	./storage/workspace_test/open_doc_user_c40e3d78/Finder/Notes/Daily Note.rtf
2531	./storage/workspace_test/open_doc_user_c40e3d78/Finder/Tasks/Welcome/Welcome.rtf
2532	./storage/workspace_test/open_doc_user_d2b2a84a/Finder/Tasks/Welcome/Welcome.rtf
2533	./storage/workspace_test/open_doc_user_d593e8d7/Finder/Tasks/Welcome/Welcome.rtf
2534	./storage/workspace_test/open_doc_user_dcd4cbf9/Finder/Images/clip.mp3.bin
2535	./storage/workspace_test/open_doc_user_dcd4cbf9/Finder/Tasks/Welcome/Welcome.rtf
2536	./storage/workspace_test/open_doc_user_e01250b8/Finder/Tasks/Daily Tasks.txt
2537	./storage/workspace_test/open_doc_user_e01250b8/Finder/Tasks/Welcome/Welcome.rtf
2538	./storage/workspace_test/open_doc_user_e457ac3a/Finder/Tasks/Task Note.rtf
2539	./storage/workspace_test/open_doc_user_e457ac3a/Finder/Tasks/Welcome/Welcome.rtf
2540	./storage/workspace_test/open_doc_user_e52aef20/Finder/Notes/Daily Note.rtf
2541	./storage/workspace_test/open_doc_user_e52aef20/Finder/Tasks/Welcome/Welcome.rtf
2542	./storage/workspace_test/open_doc_user_e7df62e2/Finder/Tasks/Task Note.rtf
2543	./storage/workspace_test/open_doc_user_e7df62e2/Finder/Tasks/Welcome/Welcome.rtf
2544	./storage/workspace_test/open_doc_user_ee5cf386/Finder/Tasks/Daily Tasks.txt
2545	./storage/workspace_test/open_doc_user_ee5cf386/Finder/Tasks/Welcome/Welcome.rtf
2546	./storage/workspace_test/open_doc_user_f11cf917/Finder/Images/clip.mp3.bin
2547	./storage/workspace_test/open_doc_user_f11cf917/Finder/Tasks/Welcome/Welcome.rtf
2548	./storage/workspace_test/open_doc_user_f1bd903e/Finder/Tasks/Task Note.rtf
2549	./storage/workspace_test/open_doc_user_f1bd903e/Finder/Tasks/Welcome/Welcome.rtf
2550	./storage/workspace_test/open_doc_user_f24d64f2/Finder/Tasks/Welcome/Welcome.rtf
2551	./storage/workspace_test/open_doc_user_f5c4eb94/Finder/Notes/Daily Note.rtf
2552	./storage/workspace_test/open_doc_user_f5c4eb94/Finder/Tasks/Welcome/Welcome.rtf
2553	./storage/workspace_test/open_doc_user_f6064255/Finder/Tasks/Task Note.rtf
2554	./storage/workspace_test/open_doc_user_f6064255/Finder/Tasks/Welcome/Welcome.rtf
2555	./storage/workspace_test/open_doc_user_f675fd1b/Finder/Notes/Daily Note.rtf
2556	./storage/workspace_test/open_doc_user_f675fd1b/Finder/Tasks/Welcome/Welcome.rtf
2557	./storage/workspace_test/panel_search_user_078fa31a/Finder/Notes/test.dotfield.rtf
2558	./storage/workspace_test/panel_search_user_078fa31a/Finder/Tasks/Welcome/Welcome.rtf
2559	./storage/workspace_test/panel_search_user_1e3900b8/Finder/Notes/test.dotfield.rtf
2560	./storage/workspace_test/panel_search_user_1e3900b8/Finder/Tasks/Welcome/Welcome.rtf
2561	./storage/workspace_test/panel_search_user_2221a261/Finder/Notes/Retrospective.rtf
2562	./storage/workspace_test/panel_search_user_2221a261/Finder/Notes/Sprint Plan.rtf
2563	./storage/workspace_test/panel_search_user_2221a261/Finder/Tasks/Welcome/Welcome.rtf
2564	./storage/workspace_test/panel_search_user_292a66c0/Finder/Notes/test.dotfield.rtf
2565	./storage/workspace_test/panel_search_user_292a66c0/Finder/Tasks/Welcome/Welcome.rtf
2566	./storage/workspace_test/panel_search_user_3b8dc1c3/Finder/Notes/test.dotfield.rtf
2567	./storage/workspace_test/panel_search_user_3b8dc1c3/Finder/Tasks/Welcome/Welcome.rtf
2568	./storage/workspace_test/panel_search_user_3e14c693/Finder/Notes/Retrospective.rtf
2569	./storage/workspace_test/panel_search_user_3e14c693/Finder/Notes/Sprint Plan.rtf
2570	./storage/workspace_test/panel_search_user_3e14c693/Finder/Tasks/Welcome/Welcome.rtf
2571	./storage/workspace_test/panel_search_user_422129ce/Finder/Notes/Retrospective.rtf
2572	./storage/workspace_test/panel_search_user_422129ce/Finder/Notes/Sprint Plan.rtf
2573	./storage/workspace_test/panel_search_user_422129ce/Finder/Tasks/Welcome/Welcome.rtf
2574	./storage/workspace_test/panel_search_user_6fbd6ed9/Finder/Notes/test.dotfield.rtf
2575	./storage/workspace_test/panel_search_user_6fbd6ed9/Finder/Tasks/Welcome/Welcome.rtf
2576	./storage/workspace_test/panel_search_user_9e2a6490/Finder/Notes/Retrospective.rtf
2577	./storage/workspace_test/panel_search_user_9e2a6490/Finder/Notes/Sprint Plan.rtf
2578	./storage/workspace_test/panel_search_user_9e2a6490/Finder/Tasks/Welcome/Welcome.rtf
2579	./storage/workspace_test/panel_search_user_a17265f5/Finder/Notes/Retrospective.rtf
2580	./storage/workspace_test/panel_search_user_a17265f5/Finder/Notes/Sprint Plan.rtf
2581	./storage/workspace_test/panel_search_user_a17265f5/Finder/Tasks/Welcome/Welcome.rtf
2582	./storage/workspace_test/panel_search_user_c3e514aa/Finder/Notes/test.dotfield.rtf
2583	./storage/workspace_test/panel_search_user_c3e514aa/Finder/Tasks/Welcome/Welcome.rtf
2584	./storage/workspace_test/panel_search_user_dc72f1cf/Finder/Notes/Retrospective.rtf
2585	./storage/workspace_test/panel_search_user_dc72f1cf/Finder/Notes/Sprint Plan.rtf
2586	./storage/workspace_test/panel_search_user_dc72f1cf/Finder/Tasks/Welcome/Welcome.rtf
2587	./storage/workspace_test/panel_search_user_dfd33eb2/Finder/Notes/Retrospective.rtf
2588	./storage/workspace_test/panel_search_user_dfd33eb2/Finder/Notes/Sprint Plan.rtf
2589	./storage/workspace_test/panel_search_user_dfd33eb2/Finder/Tasks/Welcome/Welcome.rtf
2590	./storage/workspace_test/panel_search_user_e963ebad/Finder/Notes/Retrospective.rtf
2591	./storage/workspace_test/panel_search_user_e963ebad/Finder/Notes/Sprint Plan.rtf
2592	./storage/workspace_test/panel_search_user_e963ebad/Finder/Tasks/Welcome/Welcome.rtf
2593	./storage/workspace_test/panel_search_user_f2279132/Finder/Notes/test.dotfield.rtf
2594	./storage/workspace_test/panel_search_user_f2279132/Finder/Tasks/Welcome/Welcome.rtf
2595	./storage/workspace_test/panel_search_user_feb5ef7e/Finder/Notes/test.dotfield.rtf
2596	./storage/workspace_test/panel_search_user_feb5ef7e/Finder/Tasks/Welcome/Welcome.rtf
2597	./storage/workspace_test/policy_test_3dab677f@example.com/Finder/Notes/Policy Note.rtf
2598	./storage/workspace_test/policy_user_1334aa7a/Finder/Notes/Policy Note.rtf
2599	./storage/workspace_test/policy_user_1334aa7a/Finder/Tasks/Welcome/Welcome.rtf
2600	./storage/workspace_test/policy_user_18b65539/Finder/Notes/Policy Note.rtf
2601	./storage/workspace_test/policy_user_18b65539/Finder/Tasks/Welcome/Welcome.rtf
2602	./storage/workspace_test/policy_user_19089de1/Finder/Tasks/Welcome/Welcome.rtf
2603	./storage/workspace_test/policy_user_193ab0ad/Finder/Notes/Policy Note.rtf
2604	./storage/workspace_test/policy_user_193ab0ad/Finder/Tasks/Welcome/Welcome.rtf
2605	./storage/workspace_test/policy_user_1a1b0111/Finder/Tasks/Welcome/Welcome.rtf
2606	./storage/workspace_test/policy_user_1b774c38/Finder/Tasks/Welcome/Welcome.rtf
2607	./storage/workspace_test/policy_user_1f58ed56/Finder/Tasks/Welcome/Welcome.rtf
2608	./storage/workspace_test/policy_user_22338e20/Finder/Tasks/Welcome/Welcome.rtf
2609	./storage/workspace_test/policy_user_2568be63/Finder/Tasks/Welcome/Welcome.rtf
2610	./storage/workspace_test/policy_user_259fa181/Finder/Tasks/Welcome/Welcome.rtf
2611	./storage/workspace_test/policy_user_2ac3a69b/Finder/Tasks/Welcome/Welcome.rtf
2612	./storage/workspace_test/policy_user_30767325/Finder/Tasks/Welcome/Welcome.rtf
2613	./storage/workspace_test/policy_user_46ede058/Finder/Notes/Policy Note.rtf
2614	./storage/workspace_test/policy_user_46ede058/Finder/Tasks/Welcome/Welcome.rtf
2615	./storage/workspace_test/policy_user_51d093ed/Finder/Tasks/Welcome/Welcome.rtf
2616	./storage/workspace_test/policy_user_5c306191/Finder/Tasks/Welcome/Welcome.rtf
2617	./storage/workspace_test/policy_user_6fb302df/Finder/Tasks/Welcome/Welcome.rtf
2618	./storage/workspace_test/policy_user_73455e1b/Finder/Notes/Policy Note.rtf
2619	./storage/workspace_test/policy_user_73455e1b/Finder/Tasks/Welcome/Welcome.rtf
2620	./storage/workspace_test/policy_user_89bb65c1/Finder/Tasks/Welcome/Welcome.rtf
2621	./storage/workspace_test/policy_user_8a9bde49/Finder/Tasks/Welcome/Welcome.rtf
2622	./storage/workspace_test/policy_user_8da9effb/Finder/Tasks/Welcome/Welcome.rtf
2623	./storage/workspace_test/policy_user_910c2abb/Finder/Tasks/Welcome/Welcome.rtf
2624	./storage/workspace_test/policy_user_933f1b64/Finder/Tasks/Welcome/Welcome.rtf
2625	./storage/workspace_test/policy_user_9ee523c3/Finder/Tasks/Welcome/Welcome.rtf
2626	./storage/workspace_test/policy_user_b0d2660d/Finder/Tasks/Welcome/Welcome.rtf
2627	./storage/workspace_test/policy_user_b5b3c712/Finder/Tasks/Welcome/Welcome.rtf
2628	./storage/workspace_test/policy_user_b5fdcdcf/Finder/Tasks/Welcome/Welcome.rtf
2629	./storage/workspace_test/policy_user_bde79496/Finder/Tasks/Welcome/Welcome.rtf
2630	./storage/workspace_test/policy_user_c3b5f7ff/Finder/Notes/Policy Note.rtf
2631	./storage/workspace_test/policy_user_c3b5f7ff/Finder/Tasks/Welcome/Welcome.rtf
2632	./storage/workspace_test/policy_user_c4e98ace/Finder/Notes/Policy Note.rtf
2633	./storage/workspace_test/policy_user_c4e98ace/Finder/Tasks/Welcome/Welcome.rtf
2634	./storage/workspace_test/policy_user_d8ca94cf/Finder/Tasks/Welcome/Welcome.rtf
2635	./storage/workspace_test/policy_user_dea3c72b/Finder/Tasks/Welcome/Welcome.rtf
2636	./storage/workspace_test/policy_user_e35160ea/Finder/Tasks/Welcome/Welcome.rtf
2637	./storage/workspace_test/policy_user_ea5dbd19/Finder/Tasks/Welcome/Welcome.rtf
2638	./storage/workspace_test/policy_user_eb35fe88/Finder/Notes/Policy Note.rtf
2639	./storage/workspace_test/policy_user_eb35fe88/Finder/Tasks/Welcome/Welcome.rtf
2640	./storage/workspace_test/policy_user_eba8e867/Finder/Tasks/Welcome/Welcome.rtf
2641	./storage/workspace_test/policy_user_f9fc3dad/Finder/Notes/Policy Note.rtf
2642	./storage/workspace_test/policy_user_f9fc3dad/Finder/Tasks/Welcome/Welcome.rtf
2643	./storage/workspace_test/prefs_flow_user_0e1d3436/Finder/Tasks/Welcome/Welcome.rtf
2644	./storage/workspace_test/prefs_flow_user_0ee2f36b/Finder/Tasks/Welcome/Welcome.rtf
2645	./storage/workspace_test/prefs_flow_user_10a67510/Finder/Tasks/Welcome/Welcome.rtf
2646	./storage/workspace_test/prefs_flow_user_1f27dd3b/Finder/Tasks/Welcome/Welcome.rtf
2647	./storage/workspace_test/prefs_flow_user_30e5dd6f/Finder/Tasks/Welcome/Welcome.rtf
2648	./storage/workspace_test/prefs_flow_user_32614a64/Finder/Tasks/Welcome/Welcome.rtf
2649	./storage/workspace_test/prefs_flow_user_331448e7/Finder/Tasks/Welcome/Welcome.rtf
2650	./storage/workspace_test/prefs_flow_user_5b5e28a1/Finder/Tasks/Welcome/Welcome.rtf
2651	./storage/workspace_test/prefs_flow_user_604c8fb5/Finder/Tasks/Welcome/Welcome.rtf
2652	./storage/workspace_test/prefs_flow_user_65bf153b/Finder/Tasks/Welcome/Welcome.rtf
2653	./storage/workspace_test/prefs_flow_user_743e4cae/Finder/Tasks/Welcome/Welcome.rtf
2654	./storage/workspace_test/prefs_flow_user_80af98e9/Finder/Tasks/Welcome/Welcome.rtf
2655	./storage/workspace_test/prefs_flow_user_81bcf082/Finder/Tasks/Welcome/Welcome.rtf
2656	./storage/workspace_test/prefs_flow_user_d2555636/Finder/Tasks/Welcome/Welcome.rtf
2657	./storage/workspace_test/prefs_flow_user_de588411/Finder/Tasks/Welcome/Welcome.rtf
2658	./storage/workspace_test/prefs_flow_user_edd138b2/Finder/Tasks/Welcome/Welcome.rtf
2659	./storage/workspace_test/prefs_user_0cf55b61/Finder/Tasks/Welcome/Welcome.rtf
2660	./storage/workspace_test/prefs_user_18fee9da/Finder/Images/wall.jpg.bin
2661	./storage/workspace_test/prefs_user_18fee9da/Finder/Tasks/Welcome/Welcome.rtf
2662	./storage/workspace_test/prefs_user_198fd223/Finder/Images/wall.jpg.bin
2663	./storage/workspace_test/prefs_user_198fd223/Finder/Tasks/Welcome/Welcome.rtf
2664	./storage/workspace_test/prefs_user_20159668/Finder/Tasks/Welcome/Welcome.rtf
2665	./storage/workspace_test/prefs_user_33873237/Finder/Tasks/Welcome/Welcome.rtf
2666	./storage/workspace_test/prefs_user_38953b80/Finder/Tasks/Welcome/Welcome.rtf
2667	./storage/workspace_test/prefs_user_55f13eea/Finder/Tasks/Welcome/Welcome.rtf
2668	./storage/workspace_test/prefs_user_60df5520/Finder/Tasks/Welcome/Welcome.rtf
2669	./storage/workspace_test/prefs_user_83053072/Finder/Tasks/Welcome/Welcome.rtf
2670	./storage/workspace_test/prefs_user_a3247d35/Finder/Tasks/Welcome/Welcome.rtf
2671	./storage/workspace_test/prefs_user_b327016e/Finder/Images/wall.jpg.bin
2672	./storage/workspace_test/prefs_user_b327016e/Finder/Tasks/Welcome/Welcome.rtf
2673	./storage/workspace_test/prefs_user_c590fab1/Finder/Images/wall.jpg.bin
2674	./storage/workspace_test/prefs_user_c590fab1/Finder/Tasks/Welcome/Welcome.rtf
2675	./storage/workspace_test/pwd_user_3c05f249/Finder/Tasks/Welcome/Welcome.rtf
2676	./storage/workspace_test/pwd_user_4470101c/Finder/Tasks/Welcome/Welcome.rtf
2677	./storage/workspace_test/pwd_user_5e38b8d1/Finder/Tasks/Welcome/Welcome.rtf
2678	./storage/workspace_test/pwd_user_76930fa8/Finder/Tasks/Welcome/Welcome.rtf
2679	./storage/workspace_test/pwd_user_8442df75/Finder/Tasks/Welcome/Welcome.rtf
2680	./storage/workspace_test/pwd_user_84a3221a/Finder/Tasks/Welcome/Welcome.rtf
2681	./storage/workspace_test/pwd_user_a8212951/Finder/Tasks/Welcome/Welcome.rtf
2682	./storage/workspace_test/pwd_user_a8bfa0d3/Finder/Tasks/Welcome/Welcome.rtf
2683	./storage/workspace_test/rename_user_0b363e33/Finder/Tasks/Welcome/Welcome.rtf
2684	./storage/workspace_test/rename_user_2390d1b3/Finder/Tasks/Welcome/Welcome.rtf
2685	./storage/workspace_test/rename_user_2b820493/Finder/Tasks/Welcome/Welcome.rtf
2686	./storage/workspace_test/rename_user_42fa8d81/Finder/Tasks/Welcome/Welcome.rtf
2687	./storage/workspace_test/rename_user_577edf46/Finder/Tasks/Welcome/Welcome.rtf
2688	./storage/workspace_test/rename_user_59d3fbef/Finder/Tasks/Welcome/Welcome.rtf
2689	./storage/workspace_test/rename_user_75aca840/Finder/Tasks/Welcome/Welcome.rtf
2690	./storage/workspace_test/rename_user_d632eb03/Finder/Tasks/Welcome/Welcome.rtf
2691	./storage/workspace_test/task_editor@example.com 2/Tasks/System Test Tasks.txt
2692	./storage/workspace_test/task_editor@example.com 3/Tasks/System Test Tasks.txt
2693	./storage/workspace_test/task_editor@example.com/Finder/Tasks/System Test Tasks.txt
2694	./storage/workspace_test/tasks_save_file_user_034f7007/Embedded/Task Draft.txt
2695	./storage/workspace_test/tasks_save_file_user_034f7007/Finder/Tasks/Saved.txt
2696	./storage/workspace_test/tasks_save_file_user_034f7007/Finder/Tasks/Welcome/Welcome.rtf
2697	./storage/workspace_test/tasks_save_file_user_07650002/Finder/Tasks/Welcome/Welcome.rtf
2698	./storage/workspace_test/tasks_save_file_user_1426a311/Embedded/Task Draft.txt
2699	./storage/workspace_test/tasks_save_file_user_1426a311/Finder/Tasks/Saved.txt
2700	./storage/workspace_test/tasks_save_file_user_1426a311/Finder/Tasks/Welcome/Welcome.rtf
2701	./storage/workspace_test/tasks_save_file_user_24262ad0/Finder/Tasks/Welcome/Welcome.rtf
2702	./storage/workspace_test/tasks_save_file_user_3e4d996c/Embedded/Task Draft.txt
2703	./storage/workspace_test/tasks_save_file_user_3e4d996c/Finder/Tasks/Saved.txt
2704	./storage/workspace_test/tasks_save_file_user_3e4d996c/Finder/Tasks/Welcome/Welcome.rtf
2705	./storage/workspace_test/tasks_save_file_user_6a698046/Finder/Tasks/Welcome/Welcome.rtf
2706	./storage/workspace_test/tasks_save_file_user_8da4b50d/Embedded/Task Draft.txt
2707	./storage/workspace_test/tasks_save_file_user_8da4b50d/Finder/Tasks/Saved.txt
2708	./storage/workspace_test/tasks_save_file_user_8da4b50d/Finder/Tasks/Welcome/Welcome.rtf
2709	./storage/workspace_test/tasks_save_file_user_90817b80/Embedded/Task Draft.txt
2710	./storage/workspace_test/tasks_save_file_user_90817b80/Finder/Tasks/Saved.txt
2711	./storage/workspace_test/tasks_save_file_user_90817b80/Finder/Tasks/Welcome/Welcome.rtf
2712	./storage/workspace_test/tasks_save_file_user_a5c5d92e/Finder/Tasks/Welcome/Welcome.rtf
2713	./storage/workspace_test/tasks_save_file_user_a6c4eb82/Embedded/Task Draft.txt
2714	./storage/workspace_test/tasks_save_file_user_a6c4eb82/Finder/Tasks/Saved.txt
2715	./storage/workspace_test/tasks_save_file_user_a6c4eb82/Finder/Tasks/Welcome/Welcome.rtf
2716	./storage/workspace_test/tasks_save_file_user_d47f122b/Finder/Tasks/Welcome/Welcome.rtf
2717	./storage/workspace_test/tasks_save_file_user_eed697d8/Finder/Tasks/Welcome/Welcome.rtf
2718	./storage/workspace_test/tasks_save_file_user_f904e1c3/Finder/Tasks/Welcome/Welcome.rtf
2719	./storage/workspace_test/tasks_save_file_user_fce63b92/Embedded/Task Draft.txt
2720	./storage/workspace_test/tasks_save_file_user_fce63b92/Finder/Tasks/Saved.txt
2721	./storage/workspace_test/tasks_save_file_user_fce63b92/Finder/Tasks/Welcome/Welcome.rtf
2722	./storage/workspace_test/upload_files_user_2838a019/Finder/Tasks/Uploads/Simple.rtf
2723	./storage/workspace_test/upload_files_user_2838a019/Finder/Tasks/Welcome/Welcome.rtf
2724	./storage/workspace_test/upload_files_user_2c30f975/Finder/Tasks/Uploads/Simple.rtf
2725	./storage/workspace_test/upload_files_user_2c30f975/Finder/Tasks/Welcome/Welcome.rtf
2726	./storage/workspace_test/upload_files_user_3d51ec91/Finder/Tasks/Welcome/Welcome.rtf
2727	./storage/workspace_test/upload_files_user_41939eed/Finder/Tasks/Welcome/Welcome.rtf
2728	./storage/workspace_test/upload_files_user_4a490274/Finder/Tasks/Welcome/Welcome.rtf
2729	./storage/workspace_test/upload_files_user_545d2aba/Finder/Tasks/Uploads/Simple.rtf
2730	./storage/workspace_test/upload_files_user_545d2aba/Finder/Tasks/Welcome/Welcome.rtf
2731	./storage/workspace_test/upload_files_user_764e0ef2/Finder/Tasks/Welcome/Welcome.rtf
2732	./storage/workspace_test/upload_files_user_88fd2aa2/Finder/Tasks/Uploads/Simple.rtf
2733	./storage/workspace_test/upload_files_user_88fd2aa2/Finder/Tasks/Welcome/Welcome.rtf
2734	./storage/workspace_test/upload_files_user_a2bfaeb4/Finder/Tasks/Welcome/Welcome.rtf
2735	./storage/workspace_test/upload_files_user_a65dd046/Finder/Tasks/Welcome/Welcome.rtf
2736	./storage/workspace_test/upload_files_user_b914896e/Finder/Tasks/Welcome/Welcome.rtf
2737	./storage/workspace_test/upload_files_user_cac35983/Finder/Tasks/Uploads/Simple.rtf
2738	./storage/workspace_test/upload_files_user_cac35983/Finder/Tasks/Welcome/Welcome.rtf
2739	./storage/workspace_test/upload_files_user_eca549c9/Finder/Tasks/Uploads/Simple.rtf
2740	./storage/workspace_test/upload_files_user_eca549c9/Finder/Tasks/Welcome/Welcome.rtf
2741	./storage/workspace_test/upload_files_user_f211b26e/Finder/Tasks/Uploads/Simple.rtf
2742	./storage/workspace_test/upload_files_user_f211b26e/Finder/Tasks/Welcome/Welcome.rtf
2743	./test/application_system_test_case.rb
2744	./test/controllers/.keep
2745	./test/fixtures/documents.yml
2746	./test/fixtures/files/.keep
2747	./test/helpers/.keep
2748	./test/integration/.keep
2749	./test/integration/apps_linked_open_test.rb
2750	./test/integration/documents_destroy_test.rb
2751	./test/integration/documents_import_test.rb
2752	./test/integration/documents_panel_search_test.rb
2753	./test/integration/documents_rename_test.rb
2754	./test/integration/documents_sync_test.rb
2755	./test/integration/drafts_lifecycle_test.rb
2756	./test/integration/workspace_preferences_and_user_flow_test.rb
2757	./test/mailers/.keep
2758	./test/models/.keep
2759	./test/models/document_test.rb
2760	./test/models/folder_test.rb
2761	./test/models/item_test.rb
2762	./test/policies/document_policy_test.rb
2763	./test/services/apps/open_linked_document_test.rb
2764	./test/services/apps/user/update_password_test.rb
2765	./test/services/apps/user/update_username_test.rb
2766	./test/services/document_disk_loader_test.rb
2767	./test/services/document_persistence_test.rb
2768	./test/services/documents/create_file_test.rb
2769	./test/services/documents/create_subfolder_test.rb
2770	./test/services/documents/move_document_test.rb
2771	./test/services/documents/upload_files_test.rb
2772	./test/services/embedded_draft_document_test.rb
2773	./test/services/finder_workspace_initializer_test.rb
2774	./test/services/note_rtf_converter_test.rb
2775	./test/services/tasks/save_file_test.rb
2776	./test/services/time_card_document_codec_test.rb
2777	./test/services/workspace_preferences/manager_test.rb
2778	./test/system/notes_editor_smoke_test.rb
2779	./test/system/os_window_sizing_contract_test.rb
2780	./test/system/task_list_drag_drop_test.rb
2781	./test/system/task_list_editor_behavior_test.rb
2782	./test/system/time_card_smoke_test.rb
2783	./test/test_helper.rb
2784	./tmp/.keep
2785	./tmp/cache/bootsnap/compile-cache-iseq/00/55626680e00fd2
2786	./tmp/cache/bootsnap/compile-cache-iseq/00/607d7cbb319bbf
2787	./tmp/cache/bootsnap/compile-cache-iseq/00/67747fedb8e029
2788	./tmp/cache/bootsnap/compile-cache-iseq/00/9992f5ebd458ad
2789	./tmp/cache/bootsnap/compile-cache-iseq/00/aa6d913f0bbdfe
2790	./tmp/cache/bootsnap/compile-cache-iseq/00/b57f3882f49a12
2791	./tmp/cache/bootsnap/compile-cache-iseq/00/e04c0c68180249
2792	./tmp/cache/bootsnap/compile-cache-iseq/00/e098a0a46b6c68
2793	./tmp/cache/bootsnap/compile-cache-iseq/00/fe30264bd57714
2794	./tmp/cache/bootsnap/compile-cache-iseq/01/080ef813f8a96a
2795	./tmp/cache/bootsnap/compile-cache-iseq/01/138892da68df7d
2796	./tmp/cache/bootsnap/compile-cache-iseq/01/2585feb34ae735
2797	./tmp/cache/bootsnap/compile-cache-iseq/01/40724414d7f5a0
2798	./tmp/cache/bootsnap/compile-cache-iseq/01/634de9e7b25d8f
2799	./tmp/cache/bootsnap/compile-cache-iseq/01/6b18d120ff4eee
2800	./tmp/cache/bootsnap/compile-cache-iseq/01/7619cae24ddd79
2801	./tmp/cache/bootsnap/compile-cache-iseq/01/8aa407ed43d94f
2802	./tmp/cache/bootsnap/compile-cache-iseq/01/9e3db8ee2f3597
2803	./tmp/cache/bootsnap/compile-cache-iseq/01/e5674f7b26e84f
2804	./tmp/cache/bootsnap/compile-cache-iseq/01/e7475860219992
2805	./tmp/cache/bootsnap/compile-cache-iseq/01/f99c584dc28ae2
2806	./tmp/cache/bootsnap/compile-cache-iseq/02/2c4805f6bd252c
2807	./tmp/cache/bootsnap/compile-cache-iseq/02/4730876afdda7f
2808	./tmp/cache/bootsnap/compile-cache-iseq/02/75499bf2256692
2809	./tmp/cache/bootsnap/compile-cache-iseq/02/798b081ad2b83f
2810	./tmp/cache/bootsnap/compile-cache-iseq/02/8403bbd03c820c
2811	./tmp/cache/bootsnap/compile-cache-iseq/02/a891f61d0acd39
2812	./tmp/cache/bootsnap/compile-cache-iseq/02/d5cf98236b24d4
2813	./tmp/cache/bootsnap/compile-cache-iseq/02/e37cd274a95638
2814	./tmp/cache/bootsnap/compile-cache-iseq/02/f39cc34f2f6269
2815	./tmp/cache/bootsnap/compile-cache-iseq/03/46470efff34af0
2816	./tmp/cache/bootsnap/compile-cache-iseq/03/4813d1740fde34
2817	./tmp/cache/bootsnap/compile-cache-iseq/03/5145cc701d8d45
2818	./tmp/cache/bootsnap/compile-cache-iseq/03/743775bc61149e
2819	./tmp/cache/bootsnap/compile-cache-iseq/03/785c72635a2441
2820	./tmp/cache/bootsnap/compile-cache-iseq/03/c0a9b57f67f089
2821	./tmp/cache/bootsnap/compile-cache-iseq/03/dbe941a13ff4d8
2822	./tmp/cache/bootsnap/compile-cache-iseq/03/e235e535a6c77e
2823	./tmp/cache/bootsnap/compile-cache-iseq/04/1ba18432733012
2824	./tmp/cache/bootsnap/compile-cache-iseq/04/20d9fddbd8bd7b
2825	./tmp/cache/bootsnap/compile-cache-iseq/04/3efda828a9e868
2826	./tmp/cache/bootsnap/compile-cache-iseq/04/4b6b0216fb3e6c
2827	./tmp/cache/bootsnap/compile-cache-iseq/04/4cfa162c6856bd
2828	./tmp/cache/bootsnap/compile-cache-iseq/04/54a209150f2467
2829	./tmp/cache/bootsnap/compile-cache-iseq/04/5ba1ef4a798f8b
2830	./tmp/cache/bootsnap/compile-cache-iseq/04/6e3eb0f824f573
2831	./tmp/cache/bootsnap/compile-cache-iseq/04/744e50570af292
2832	./tmp/cache/bootsnap/compile-cache-iseq/04/7952c1feef8724
2833	./tmp/cache/bootsnap/compile-cache-iseq/04/85cd56bc964a24
2834	./tmp/cache/bootsnap/compile-cache-iseq/04/9d9dfe76369da3
2835	./tmp/cache/bootsnap/compile-cache-iseq/04/e165b6859b9fe2
2836	./tmp/cache/bootsnap/compile-cache-iseq/05/1fb923ef9f137a
2837	./tmp/cache/bootsnap/compile-cache-iseq/05/2179a41d7f0c1a
2838	./tmp/cache/bootsnap/compile-cache-iseq/05/2cd2c3f9cbd972
2839	./tmp/cache/bootsnap/compile-cache-iseq/05/2e7c9368b04496
2840	./tmp/cache/bootsnap/compile-cache-iseq/05/3d14d537db083f
2841	./tmp/cache/bootsnap/compile-cache-iseq/05/4e220cb9f35e26
2842	./tmp/cache/bootsnap/compile-cache-iseq/05/66904aa8202c43
2843	./tmp/cache/bootsnap/compile-cache-iseq/05/6c924c97534f05
2844	./tmp/cache/bootsnap/compile-cache-iseq/05/6ffd007ecd01a0
2845	./tmp/cache/bootsnap/compile-cache-iseq/05/70b751f8cefa43
2846	./tmp/cache/bootsnap/compile-cache-iseq/05/89f0707237c0c1
2847	./tmp/cache/bootsnap/compile-cache-iseq/05/90214198900944
2848	./tmp/cache/bootsnap/compile-cache-iseq/05/a7441a469056ba
2849	./tmp/cache/bootsnap/compile-cache-iseq/05/b5fe9750be9651
2850	./tmp/cache/bootsnap/compile-cache-iseq/06/0f3acb08c291e9
2851	./tmp/cache/bootsnap/compile-cache-iseq/06/1e6661f9bf66f1
2852	./tmp/cache/bootsnap/compile-cache-iseq/06/2daf0728261151
2853	./tmp/cache/bootsnap/compile-cache-iseq/06/3359e389182f92
2854	./tmp/cache/bootsnap/compile-cache-iseq/06/4cc17289158850
2855	./tmp/cache/bootsnap/compile-cache-iseq/06/6ae978e469eb29
2856	./tmp/cache/bootsnap/compile-cache-iseq/06/6db59161e284b4
2857	./tmp/cache/bootsnap/compile-cache-iseq/06/7def9053448c19
2858	./tmp/cache/bootsnap/compile-cache-iseq/06/a4ffeb9d76178d
2859	./tmp/cache/bootsnap/compile-cache-iseq/06/ab8718df46793e
2860	./tmp/cache/bootsnap/compile-cache-iseq/07/13e20dc3ed8951
2861	./tmp/cache/bootsnap/compile-cache-iseq/07/1ebc78ba208fe4
2862	./tmp/cache/bootsnap/compile-cache-iseq/07/29f31a0868061a
2863	./tmp/cache/bootsnap/compile-cache-iseq/07/7023b8a6edee8a
2864	./tmp/cache/bootsnap/compile-cache-iseq/07/8d6a21b2153b9b
2865	./tmp/cache/bootsnap/compile-cache-iseq/07/92188e04f93895
2866	./tmp/cache/bootsnap/compile-cache-iseq/07/c24d429dfb0ba3
2867	./tmp/cache/bootsnap/compile-cache-iseq/07/c50efc9643de41
2868	./tmp/cache/bootsnap/compile-cache-iseq/07/cd237f372e3cfa
2869	./tmp/cache/bootsnap/compile-cache-iseq/07/e438a5a08f14d0
2870	./tmp/cache/bootsnap/compile-cache-iseq/07/e493721a52491b
2871	./tmp/cache/bootsnap/compile-cache-iseq/07/e6c98f85797b91
2872	./tmp/cache/bootsnap/compile-cache-iseq/07/edf135b743aa9e
2873	./tmp/cache/bootsnap/compile-cache-iseq/07/f46be5335963a9
2874	./tmp/cache/bootsnap/compile-cache-iseq/07/f5fc0739dc1a5c
2875	./tmp/cache/bootsnap/compile-cache-iseq/08/081d0fa8ed8d10
2876	./tmp/cache/bootsnap/compile-cache-iseq/08/1f172ee22a728b
2877	./tmp/cache/bootsnap/compile-cache-iseq/08/2628905fb25209
2878	./tmp/cache/bootsnap/compile-cache-iseq/08/434d63a745a6c2
2879	./tmp/cache/bootsnap/compile-cache-iseq/08/4737af56b674df
2880	./tmp/cache/bootsnap/compile-cache-iseq/08/6fd29ba4742ff2
2881	./tmp/cache/bootsnap/compile-cache-iseq/08/94019ce6044b84
2882	./tmp/cache/bootsnap/compile-cache-iseq/08/9576ac1222b92b
2883	./tmp/cache/bootsnap/compile-cache-iseq/08/9dfffc63afb5b6
2884	./tmp/cache/bootsnap/compile-cache-iseq/08/a4d9185c63d17d
2885	./tmp/cache/bootsnap/compile-cache-iseq/08/abe5192b62205c
2886	./tmp/cache/bootsnap/compile-cache-iseq/08/dabfd0b62c5a04
2887	./tmp/cache/bootsnap/compile-cache-iseq/08/deba2be2aa7112
2888	./tmp/cache/bootsnap/compile-cache-iseq/08/fc518c7322edae
2889	./tmp/cache/bootsnap/compile-cache-iseq/09/060f078dd56e49
2890	./tmp/cache/bootsnap/compile-cache-iseq/09/245454530e40dd
2891	./tmp/cache/bootsnap/compile-cache-iseq/09/2f080f5e243038
2892	./tmp/cache/bootsnap/compile-cache-iseq/09/3c7507b379b0ec
2893	./tmp/cache/bootsnap/compile-cache-iseq/09/462820b0728b1f
2894	./tmp/cache/bootsnap/compile-cache-iseq/09/85432e9c44d2ef
2895	./tmp/cache/bootsnap/compile-cache-iseq/09/afaac6c3db9686
2896	./tmp/cache/bootsnap/compile-cache-iseq/09/b9fde595ea4952
2897	./tmp/cache/bootsnap/compile-cache-iseq/09/d75cfba9426ff2
2898	./tmp/cache/bootsnap/compile-cache-iseq/0a/62f4d3dde5d79e
2899	./tmp/cache/bootsnap/compile-cache-iseq/0a/6c59de744ad060
2900	./tmp/cache/bootsnap/compile-cache-iseq/0a/7ac9cdd2668759
2901	./tmp/cache/bootsnap/compile-cache-iseq/0a/849b6e79f14407
2902	./tmp/cache/bootsnap/compile-cache-iseq/0a/a783af543b73d0
2903	./tmp/cache/bootsnap/compile-cache-iseq/0a/b79642dbd76e60
2904	./tmp/cache/bootsnap/compile-cache-iseq/0a/ec73f98f02b280
2905	./tmp/cache/bootsnap/compile-cache-iseq/0b/02f00f685e78e4
2906	./tmp/cache/bootsnap/compile-cache-iseq/0b/3db235597d0f22
2907	./tmp/cache/bootsnap/compile-cache-iseq/0b/7d3d269d534b47
2908	./tmp/cache/bootsnap/compile-cache-iseq/0b/b738668fa053af
2909	./tmp/cache/bootsnap/compile-cache-iseq/0b/ba50b0fce4075e
2910	./tmp/cache/bootsnap/compile-cache-iseq/0b/d2dc0ebc4929b1
2911	./tmp/cache/bootsnap/compile-cache-iseq/0c/22888dcea2ca7b
2912	./tmp/cache/bootsnap/compile-cache-iseq/0c/3efbdfec6beab2
2913	./tmp/cache/bootsnap/compile-cache-iseq/0c/72460748a01dc9
2914	./tmp/cache/bootsnap/compile-cache-iseq/0c/7ef658d3d2a338
2915	./tmp/cache/bootsnap/compile-cache-iseq/0c/8598cf9dc503a0
2916	./tmp/cache/bootsnap/compile-cache-iseq/0c/a2a95bc164c381
2917	./tmp/cache/bootsnap/compile-cache-iseq/0c/b41284891b3e29
2918	./tmp/cache/bootsnap/compile-cache-iseq/0c/b447a9e6225e94
2919	./tmp/cache/bootsnap/compile-cache-iseq/0c/d0b46852b26d5b
2920	./tmp/cache/bootsnap/compile-cache-iseq/0c/f5f4bb9ab3779a
2921	./tmp/cache/bootsnap/compile-cache-iseq/0d/0ba23d5e4f525f
2922	./tmp/cache/bootsnap/compile-cache-iseq/0d/1def7224b300ea
2923	./tmp/cache/bootsnap/compile-cache-iseq/0d/2e651d976ac8b5
2924	./tmp/cache/bootsnap/compile-cache-iseq/0d/65e5211d7c7093
2925	./tmp/cache/bootsnap/compile-cache-iseq/0d/785e6173e12d14
2926	./tmp/cache/bootsnap/compile-cache-iseq/0d/7c11f42a0ca452
2927	./tmp/cache/bootsnap/compile-cache-iseq/0d/90ad0e924f4224
2928	./tmp/cache/bootsnap/compile-cache-iseq/0d/c625280cb9b6f5
2929	./tmp/cache/bootsnap/compile-cache-iseq/0d/da70e568a3a5cd
2930	./tmp/cache/bootsnap/compile-cache-iseq/0d/e9b8ef4e78fa15
2931	./tmp/cache/bootsnap/compile-cache-iseq/0d/f0f972900ac17b
2932	./tmp/cache/bootsnap/compile-cache-iseq/0d/f99f40e03e4c44
2933	./tmp/cache/bootsnap/compile-cache-iseq/0d/fe01899f777ac2
2934	./tmp/cache/bootsnap/compile-cache-iseq/0e/0a3a007bcacf69
2935	./tmp/cache/bootsnap/compile-cache-iseq/0e/191c734486e047
2936	./tmp/cache/bootsnap/compile-cache-iseq/0e/48078aeb85498b
2937	./tmp/cache/bootsnap/compile-cache-iseq/0e/58b7fa4da35b65
2938	./tmp/cache/bootsnap/compile-cache-iseq/0e/58e318bf649837
2939	./tmp/cache/bootsnap/compile-cache-iseq/0e/72690be7a59239
2940	./tmp/cache/bootsnap/compile-cache-iseq/0e/7486f08d546a58
2941	./tmp/cache/bootsnap/compile-cache-iseq/0e/7ccd33d5a62270
2942	./tmp/cache/bootsnap/compile-cache-iseq/0e/8ad94c64578841
2943	./tmp/cache/bootsnap/compile-cache-iseq/0e/8ee7a48feeee6b
2944	./tmp/cache/bootsnap/compile-cache-iseq/0e/af0dc5b1477426
2945	./tmp/cache/bootsnap/compile-cache-iseq/0e/b1c6df0a564e61
2946	./tmp/cache/bootsnap/compile-cache-iseq/0e/c2da2e2cb9401c
2947	./tmp/cache/bootsnap/compile-cache-iseq/0e/c603355da12372
2948	./tmp/cache/bootsnap/compile-cache-iseq/0f/2308b8f0c11136
2949	./tmp/cache/bootsnap/compile-cache-iseq/0f/35c4e9c53ea6d8
2950	./tmp/cache/bootsnap/compile-cache-iseq/0f/7f6f0810fdb355
2951	./tmp/cache/bootsnap/compile-cache-iseq/0f/851af70f9e0746
2952	./tmp/cache/bootsnap/compile-cache-iseq/0f/8b1e1cd685ce03
2953	./tmp/cache/bootsnap/compile-cache-iseq/0f/8ffd774243a5ec
2954	./tmp/cache/bootsnap/compile-cache-iseq/0f/dc0bea872778d0
2955	./tmp/cache/bootsnap/compile-cache-iseq/0f/e74fe6281b960e
2956	./tmp/cache/bootsnap/compile-cache-iseq/10/0242905b49cea8
2957	./tmp/cache/bootsnap/compile-cache-iseq/10/0df909cb0a8110
2958	./tmp/cache/bootsnap/compile-cache-iseq/10/16bb19f8f3e842
2959	./tmp/cache/bootsnap/compile-cache-iseq/10/2f704b704bbf93
2960	./tmp/cache/bootsnap/compile-cache-iseq/10/4a3c785a30168f
2961	./tmp/cache/bootsnap/compile-cache-iseq/10/660645dc540fd6
2962	./tmp/cache/bootsnap/compile-cache-iseq/10/76bdc7e963e485
2963	./tmp/cache/bootsnap/compile-cache-iseq/10/7ec0fdb24d7de0
2964	./tmp/cache/bootsnap/compile-cache-iseq/10/8dfce9e8916bc2
2965	./tmp/cache/bootsnap/compile-cache-iseq/10/97a50fbd3aa269
2966	./tmp/cache/bootsnap/compile-cache-iseq/10/bb3400818b09f6
2967	./tmp/cache/bootsnap/compile-cache-iseq/10/e66bacd80dce0d
2968	./tmp/cache/bootsnap/compile-cache-iseq/10/fcddb625c4b766
2969	./tmp/cache/bootsnap/compile-cache-iseq/11/1e911d9d00cd9f
2970	./tmp/cache/bootsnap/compile-cache-iseq/11/305bb19451807f
2971	./tmp/cache/bootsnap/compile-cache-iseq/11/497b5d032369f1
2972	./tmp/cache/bootsnap/compile-cache-iseq/11/4f7614b9c51f08
2973	./tmp/cache/bootsnap/compile-cache-iseq/11/697e5de284b685
2974	./tmp/cache/bootsnap/compile-cache-iseq/11/93bf8ad1b56c9a
2975	./tmp/cache/bootsnap/compile-cache-iseq/11/a710814f1c6b88
2976	./tmp/cache/bootsnap/compile-cache-iseq/11/deba9b73dc11e6
2977	./tmp/cache/bootsnap/compile-cache-iseq/11/e2d674d12dcc8e
2978	./tmp/cache/bootsnap/compile-cache-iseq/11/fdff5eb4a9208b
2979	./tmp/cache/bootsnap/compile-cache-iseq/11/ff8dba7fa12784
2980	./tmp/cache/bootsnap/compile-cache-iseq/12/1ce65a5eaa1c56
2981	./tmp/cache/bootsnap/compile-cache-iseq/12/372ce99dd2a07a
2982	./tmp/cache/bootsnap/compile-cache-iseq/12/4ff6152ee30c72
2983	./tmp/cache/bootsnap/compile-cache-iseq/12/5466c546076367
2984	./tmp/cache/bootsnap/compile-cache-iseq/12/592ff19dce0540
2985	./tmp/cache/bootsnap/compile-cache-iseq/12/6b625576980614
2986	./tmp/cache/bootsnap/compile-cache-iseq/12/7e67161d427676
2987	./tmp/cache/bootsnap/compile-cache-iseq/12/9a69d027ce5ebf
2988	./tmp/cache/bootsnap/compile-cache-iseq/13/0c55c70a2fc6b2
2989	./tmp/cache/bootsnap/compile-cache-iseq/13/2280ac5664157c
2990	./tmp/cache/bootsnap/compile-cache-iseq/13/60c650fd111d77
2991	./tmp/cache/bootsnap/compile-cache-iseq/13/61f9912c99c943
2992	./tmp/cache/bootsnap/compile-cache-iseq/13/6ec706aa74cc56
2993	./tmp/cache/bootsnap/compile-cache-iseq/13/767db4cc06479a
2994	./tmp/cache/bootsnap/compile-cache-iseq/13/a0a3a76940bd5d
2995	./tmp/cache/bootsnap/compile-cache-iseq/13/e5b841349666d9
2996	./tmp/cache/bootsnap/compile-cache-iseq/13/edb75523721a7c
2997	./tmp/cache/bootsnap/compile-cache-iseq/14/06a3c85df21493
2998	./tmp/cache/bootsnap/compile-cache-iseq/14/117ccc64a3128b
2999	./tmp/cache/bootsnap/compile-cache-iseq/14/18a3570611f848
3000	./tmp/cache/bootsnap/compile-cache-iseq/14/1bfa049ae69583
3001	./tmp/cache/bootsnap/compile-cache-iseq/14/252801dbe929e4
3002	./tmp/cache/bootsnap/compile-cache-iseq/14/2d1b0d5f4c936e
3003	./tmp/cache/bootsnap/compile-cache-iseq/14/2f040bfdbbcf7e
3004	./tmp/cache/bootsnap/compile-cache-iseq/14/3e0293d9f5b99c
3005	./tmp/cache/bootsnap/compile-cache-iseq/14/450d061eb363d7
3006	./tmp/cache/bootsnap/compile-cache-iseq/14/595589d84fb29d
3007	./tmp/cache/bootsnap/compile-cache-iseq/14/5de12f45961d22
3008	./tmp/cache/bootsnap/compile-cache-iseq/14/75104009f2e0ce
3009	./tmp/cache/bootsnap/compile-cache-iseq/14/7b36fd3b33c078
3010	./tmp/cache/bootsnap/compile-cache-iseq/14/a6bb3aaded9b9d
3011	./tmp/cache/bootsnap/compile-cache-iseq/14/bd6d6fb885e92b
3012	./tmp/cache/bootsnap/compile-cache-iseq/15/0a548f26909822
3013	./tmp/cache/bootsnap/compile-cache-iseq/15/4b09910c3a0fa1
3014	./tmp/cache/bootsnap/compile-cache-iseq/15/5e7660fa6637fd
3015	./tmp/cache/bootsnap/compile-cache-iseq/15/97316a320ba703
3016	./tmp/cache/bootsnap/compile-cache-iseq/15/b4588a9d3542ad
3017	./tmp/cache/bootsnap/compile-cache-iseq/15/e32ed11d573089
3018	./tmp/cache/bootsnap/compile-cache-iseq/15/fcb1cab68087fd
3019	./tmp/cache/bootsnap/compile-cache-iseq/16/0ed10557cb62be
3020	./tmp/cache/bootsnap/compile-cache-iseq/16/113e2c18050488
3021	./tmp/cache/bootsnap/compile-cache-iseq/16/11aaed9ce79aa6
3022	./tmp/cache/bootsnap/compile-cache-iseq/16/75bca4cd17b7d3
3023	./tmp/cache/bootsnap/compile-cache-iseq/16/7fffeec4ea1d92
3024	./tmp/cache/bootsnap/compile-cache-iseq/16/cdd68759c98dd6
3025	./tmp/cache/bootsnap/compile-cache-iseq/16/e2a9dbb8768192
3026	./tmp/cache/bootsnap/compile-cache-iseq/16/efe6bfe9c65aef
3027	./tmp/cache/bootsnap/compile-cache-iseq/17/0594e06abd28f4
3028	./tmp/cache/bootsnap/compile-cache-iseq/17/2aa2a53e37b8dd
3029	./tmp/cache/bootsnap/compile-cache-iseq/17/37428f0c9b344e
3030	./tmp/cache/bootsnap/compile-cache-iseq/17/4236e6b644caf5
3031	./tmp/cache/bootsnap/compile-cache-iseq/17/54ca479e369ebd
3032	./tmp/cache/bootsnap/compile-cache-iseq/17/5a0fc60f93e9d7
3033	./tmp/cache/bootsnap/compile-cache-iseq/17/6338a873168cfb
3034	./tmp/cache/bootsnap/compile-cache-iseq/17/e987de4f7cd265
3035	./tmp/cache/bootsnap/compile-cache-iseq/18/2934d4c58ebb49
3036	./tmp/cache/bootsnap/compile-cache-iseq/18/3eac8aa72ce6ce
3037	./tmp/cache/bootsnap/compile-cache-iseq/18/6da79aab55ee99
3038	./tmp/cache/bootsnap/compile-cache-iseq/18/87f7da7411ab08
3039	./tmp/cache/bootsnap/compile-cache-iseq/18/93a6c7a1d44fe4
3040	./tmp/cache/bootsnap/compile-cache-iseq/18/ae16e37a79dac0
3041	./tmp/cache/bootsnap/compile-cache-iseq/18/b10b3983184f80
3042	./tmp/cache/bootsnap/compile-cache-iseq/18/b96930b4bdd2d9
3043	./tmp/cache/bootsnap/compile-cache-iseq/18/c324990a1a7d91
3044	./tmp/cache/bootsnap/compile-cache-iseq/18/d194a70fdfbd10
3045	./tmp/cache/bootsnap/compile-cache-iseq/18/e567ed954cb6f1
3046	./tmp/cache/bootsnap/compile-cache-iseq/19/3c0d4d7738cc90
3047	./tmp/cache/bootsnap/compile-cache-iseq/19/485a7de5d8dc79
3048	./tmp/cache/bootsnap/compile-cache-iseq/19/5796650a397387
3049	./tmp/cache/bootsnap/compile-cache-iseq/19/61156253f25739
3050	./tmp/cache/bootsnap/compile-cache-iseq/19/6e3da6ecea27d2
3051	./tmp/cache/bootsnap/compile-cache-iseq/19/7d4feb74bed6bb
3052	./tmp/cache/bootsnap/compile-cache-iseq/19/bbc64d73df7117
3053	./tmp/cache/bootsnap/compile-cache-iseq/19/c02913154e6a67
3054	./tmp/cache/bootsnap/compile-cache-iseq/1a/3d5798722cac0d
3055	./tmp/cache/bootsnap/compile-cache-iseq/1a/5b0eb9fcd44e27
3056	./tmp/cache/bootsnap/compile-cache-iseq/1a/624c2bfa10f408
3057	./tmp/cache/bootsnap/compile-cache-iseq/1a/66eca20495de12
3058	./tmp/cache/bootsnap/compile-cache-iseq/1a/96f6f622c24c3d
3059	./tmp/cache/bootsnap/compile-cache-iseq/1a/9860a3b1eb05c6
3060	./tmp/cache/bootsnap/compile-cache-iseq/1a/b15e402134364d
3061	./tmp/cache/bootsnap/compile-cache-iseq/1a/cf1bb4abf629cc
3062	./tmp/cache/bootsnap/compile-cache-iseq/1a/f1471927e40ba9
3063	./tmp/cache/bootsnap/compile-cache-iseq/1b/1a69fdf9d576c8
3064	./tmp/cache/bootsnap/compile-cache-iseq/1b/2cc82cb3c3711f
3065	./tmp/cache/bootsnap/compile-cache-iseq/1b/32e1b26d83eb06
3066	./tmp/cache/bootsnap/compile-cache-iseq/1b/3360cda40324b9
3067	./tmp/cache/bootsnap/compile-cache-iseq/1b/4f335d4cd2e72a
3068	./tmp/cache/bootsnap/compile-cache-iseq/1b/7248c3949d4ea1
3069	./tmp/cache/bootsnap/compile-cache-iseq/1b/8aabbd0d6888df
3070	./tmp/cache/bootsnap/compile-cache-iseq/1b/a0bd8d9a9f0eec
3071	./tmp/cache/bootsnap/compile-cache-iseq/1b/a678d38f35fb71
3072	./tmp/cache/bootsnap/compile-cache-iseq/1b/b2088377913983
3073	./tmp/cache/bootsnap/compile-cache-iseq/1b/d2be00a17db3c4
3074	./tmp/cache/bootsnap/compile-cache-iseq/1c/0b73373f095bf6
3075	./tmp/cache/bootsnap/compile-cache-iseq/1c/113816beb688be
3076	./tmp/cache/bootsnap/compile-cache-iseq/1c/191e26ad15e6f4
3077	./tmp/cache/bootsnap/compile-cache-iseq/1c/29172ddd01157e
3078	./tmp/cache/bootsnap/compile-cache-iseq/1c/3c560e8eaa5c96
3079	./tmp/cache/bootsnap/compile-cache-iseq/1c/3dc353c3f2bcc0
3080	./tmp/cache/bootsnap/compile-cache-iseq/1c/4915efa2f43405
3081	./tmp/cache/bootsnap/compile-cache-iseq/1c/746a64780cdc2b
3082	./tmp/cache/bootsnap/compile-cache-iseq/1c/9b3db28cbb2198
3083	./tmp/cache/bootsnap/compile-cache-iseq/1c/c3260b238542cb
3084	./tmp/cache/bootsnap/compile-cache-iseq/1c/f90152f29db835
3085	./tmp/cache/bootsnap/compile-cache-iseq/1d/00813f9507a050
3086	./tmp/cache/bootsnap/compile-cache-iseq/1d/1afd21456ab5f4
3087	./tmp/cache/bootsnap/compile-cache-iseq/1d/2451d8588fc9d8
3088	./tmp/cache/bootsnap/compile-cache-iseq/1d/2a36d1fa57e50c
3089	./tmp/cache/bootsnap/compile-cache-iseq/1d/31ab0ab1bff4fb
3090	./tmp/cache/bootsnap/compile-cache-iseq/1d/4dc8e1e799fc1b
3091	./tmp/cache/bootsnap/compile-cache-iseq/1d/8b1e1a5120e37b
3092	./tmp/cache/bootsnap/compile-cache-iseq/1d/bf7c4138423af6
3093	./tmp/cache/bootsnap/compile-cache-iseq/1d/fe6c10e6abdaaf
3094	./tmp/cache/bootsnap/compile-cache-iseq/1e/0a4966087351e7
3095	./tmp/cache/bootsnap/compile-cache-iseq/1e/88a9bff27903b2
3096	./tmp/cache/bootsnap/compile-cache-iseq/1e/9d452e6733ee47
3097	./tmp/cache/bootsnap/compile-cache-iseq/1e/c9d90a74bf7ac9
3098	./tmp/cache/bootsnap/compile-cache-iseq/1f/62cd72c9862a97
3099	./tmp/cache/bootsnap/compile-cache-iseq/1f/aca25c15c8c64c
3100	./tmp/cache/bootsnap/compile-cache-iseq/1f/c057373905c908
3101	./tmp/cache/bootsnap/compile-cache-iseq/1f/c5d11321d684a9
3102	./tmp/cache/bootsnap/compile-cache-iseq/1f/d4980750e4b148
3103	./tmp/cache/bootsnap/compile-cache-iseq/1f/d7962ae5934978
3104	./tmp/cache/bootsnap/compile-cache-iseq/20/20cc4f833a579d
3105	./tmp/cache/bootsnap/compile-cache-iseq/20/26f6fd518e2f5b
3106	./tmp/cache/bootsnap/compile-cache-iseq/20/308ea2c72b0398
3107	./tmp/cache/bootsnap/compile-cache-iseq/20/405603502ef87d
3108	./tmp/cache/bootsnap/compile-cache-iseq/20/5a1ad140420235
3109	./tmp/cache/bootsnap/compile-cache-iseq/20/7d492eada6c312
3110	./tmp/cache/bootsnap/compile-cache-iseq/20/cb32729ce4b21d
3111	./tmp/cache/bootsnap/compile-cache-iseq/20/cbf426cc327332
3112	./tmp/cache/bootsnap/compile-cache-iseq/20/e472bc7feb07f7
3113	./tmp/cache/bootsnap/compile-cache-iseq/20/ee40802ba20ea2
3114	./tmp/cache/bootsnap/compile-cache-iseq/20/fd5c4bee90b0f3
3115	./tmp/cache/bootsnap/compile-cache-iseq/21/2f774561940a70
3116	./tmp/cache/bootsnap/compile-cache-iseq/21/38ef7894265007
3117	./tmp/cache/bootsnap/compile-cache-iseq/21/3cbb53042fd7de
3118	./tmp/cache/bootsnap/compile-cache-iseq/21/4186afd3137cc0
3119	./tmp/cache/bootsnap/compile-cache-iseq/21/58416b4402dd25
3120	./tmp/cache/bootsnap/compile-cache-iseq/21/5f3b438e00aad7
3121	./tmp/cache/bootsnap/compile-cache-iseq/21/69ca4596240a19
3122	./tmp/cache/bootsnap/compile-cache-iseq/21/8944ba3437bb51
3123	./tmp/cache/bootsnap/compile-cache-iseq/21/a350f85af4003e
3124	./tmp/cache/bootsnap/compile-cache-iseq/21/a8f617a6f83ae0
3125	./tmp/cache/bootsnap/compile-cache-iseq/21/b812893e2de1aa
3126	./tmp/cache/bootsnap/compile-cache-iseq/21/c89c70d4c09939
3127	./tmp/cache/bootsnap/compile-cache-iseq/21/dd06509d34e2ee
3128	./tmp/cache/bootsnap/compile-cache-iseq/21/e71de8f36d0712
3129	./tmp/cache/bootsnap/compile-cache-iseq/22/04a760601dfba8
3130	./tmp/cache/bootsnap/compile-cache-iseq/22/0efe893af379f9
3131	./tmp/cache/bootsnap/compile-cache-iseq/22/4716d68797ca37
3132	./tmp/cache/bootsnap/compile-cache-iseq/22/862e5d6b9d4f26
3133	./tmp/cache/bootsnap/compile-cache-iseq/22/aee4a49798e4c3
3134	./tmp/cache/bootsnap/compile-cache-iseq/22/ce4501df3ac787
3135	./tmp/cache/bootsnap/compile-cache-iseq/22/d02c927bdf6e5e
3136	./tmp/cache/bootsnap/compile-cache-iseq/22/dfe6556a10ec69
3137	./tmp/cache/bootsnap/compile-cache-iseq/22/e76a76593291e6
3138	./tmp/cache/bootsnap/compile-cache-iseq/23/15f0a8edcb6dec
3139	./tmp/cache/bootsnap/compile-cache-iseq/23/1ddf0ac3bbfff3
3140	./tmp/cache/bootsnap/compile-cache-iseq/23/1f363ef123892f
3141	./tmp/cache/bootsnap/compile-cache-iseq/23/24adb800d51476
3142	./tmp/cache/bootsnap/compile-cache-iseq/23/6b7a0d9a85e567
3143	./tmp/cache/bootsnap/compile-cache-iseq/23/ad384b3adcb2c3
3144	./tmp/cache/bootsnap/compile-cache-iseq/23/e909dac1715a19
3145	./tmp/cache/bootsnap/compile-cache-iseq/23/e99ae14e2e700d
3146	./tmp/cache/bootsnap/compile-cache-iseq/23/ed014c9198917c
3147	./tmp/cache/bootsnap/compile-cache-iseq/23/fd2f04c07c6dad
3148	./tmp/cache/bootsnap/compile-cache-iseq/24/10701518504efb
3149	./tmp/cache/bootsnap/compile-cache-iseq/24/31c10e896863e6
3150	./tmp/cache/bootsnap/compile-cache-iseq/24/9c86b70baedec0
3151	./tmp/cache/bootsnap/compile-cache-iseq/24/bd0499b5fb025e
3152	./tmp/cache/bootsnap/compile-cache-iseq/24/c0693461fa9aec
3153	./tmp/cache/bootsnap/compile-cache-iseq/24/cce692a30f5669
3154	./tmp/cache/bootsnap/compile-cache-iseq/24/d7189fe7f053be
3155	./tmp/cache/bootsnap/compile-cache-iseq/24/ea80c59ae1a201
3156	./tmp/cache/bootsnap/compile-cache-iseq/24/f1554ae46ff602
3157	./tmp/cache/bootsnap/compile-cache-iseq/24/f9a840badbb1db
3158	./tmp/cache/bootsnap/compile-cache-iseq/25/30dbfe86582d90
3159	./tmp/cache/bootsnap/compile-cache-iseq/25/666859363a4d5c
3160	./tmp/cache/bootsnap/compile-cache-iseq/25/ba89584fd022e8
3161	./tmp/cache/bootsnap/compile-cache-iseq/25/e8a637133a74d7
3162	./tmp/cache/bootsnap/compile-cache-iseq/26/09819fc5a486a1
3163	./tmp/cache/bootsnap/compile-cache-iseq/26/438361f1abc61f
3164	./tmp/cache/bootsnap/compile-cache-iseq/26/5b807da242bda2
3165	./tmp/cache/bootsnap/compile-cache-iseq/26/5ffa68ff8c7dbd
3166	./tmp/cache/bootsnap/compile-cache-iseq/26/7d90a14a35a524
3167	./tmp/cache/bootsnap/compile-cache-iseq/26/a3790aebaa9f51
3168	./tmp/cache/bootsnap/compile-cache-iseq/26/b689b0a5ec0f0e
3169	./tmp/cache/bootsnap/compile-cache-iseq/26/e296e4746bcf24
3170	./tmp/cache/bootsnap/compile-cache-iseq/27/1cc40bbbd8fbf6
3171	./tmp/cache/bootsnap/compile-cache-iseq/27/24c12fca23ba6c
3172	./tmp/cache/bootsnap/compile-cache-iseq/27/2b9b6490f41a78
3173	./tmp/cache/bootsnap/compile-cache-iseq/27/409089460da95d
3174	./tmp/cache/bootsnap/compile-cache-iseq/27/560b90607fbac0
3175	./tmp/cache/bootsnap/compile-cache-iseq/27/5f0cbf7220333d
3176	./tmp/cache/bootsnap/compile-cache-iseq/27/83db9f395c0aa0
3177	./tmp/cache/bootsnap/compile-cache-iseq/27/98fae640a04e09
3178	./tmp/cache/bootsnap/compile-cache-iseq/27/e5ec2dc5a65b9d
3179	./tmp/cache/bootsnap/compile-cache-iseq/28/3675241123bafc
3180	./tmp/cache/bootsnap/compile-cache-iseq/28/4b185426c6ab14
3181	./tmp/cache/bootsnap/compile-cache-iseq/28/4f3d811da8fcd6
3182	./tmp/cache/bootsnap/compile-cache-iseq/28/5ab6dc30558c23
3183	./tmp/cache/bootsnap/compile-cache-iseq/28/7b206c87f315ef
3184	./tmp/cache/bootsnap/compile-cache-iseq/28/b1c6a035b08059
3185	./tmp/cache/bootsnap/compile-cache-iseq/28/babfd84d7f4d30
3186	./tmp/cache/bootsnap/compile-cache-iseq/28/c53fc93a4aa217
3187	./tmp/cache/bootsnap/compile-cache-iseq/28/d88a080bbf5f02
3188	./tmp/cache/bootsnap/compile-cache-iseq/28/e26791a87009d3
3189	./tmp/cache/bootsnap/compile-cache-iseq/29/122af4fb5e3984
3190	./tmp/cache/bootsnap/compile-cache-iseq/29/1bc37b45bb86e6
3191	./tmp/cache/bootsnap/compile-cache-iseq/29/3f2448b0e993c6
3192	./tmp/cache/bootsnap/compile-cache-iseq/29/49af3885e534af
3193	./tmp/cache/bootsnap/compile-cache-iseq/29/953dbfc84287d3
3194	./tmp/cache/bootsnap/compile-cache-iseq/29/a510ee590807dc
3195	./tmp/cache/bootsnap/compile-cache-iseq/29/b00fa297a4bf01
3196	./tmp/cache/bootsnap/compile-cache-iseq/29/b6c7a84f5686e9
3197	./tmp/cache/bootsnap/compile-cache-iseq/29/e5065b96cf85b0
3198	./tmp/cache/bootsnap/compile-cache-iseq/29/ed87a91cb9f193
3199	./tmp/cache/bootsnap/compile-cache-iseq/29/f9f1eed11937c8
3200	./tmp/cache/bootsnap/compile-cache-iseq/29/fc556c7f638903
3201	./tmp/cache/bootsnap/compile-cache-iseq/29/ff64cb33ad365a
3202	./tmp/cache/bootsnap/compile-cache-iseq/2a/141f9ae4441b98
3203	./tmp/cache/bootsnap/compile-cache-iseq/2a/1d0fe32bb13d3d
3204	./tmp/cache/bootsnap/compile-cache-iseq/2a/245a820c3b1f2e
3205	./tmp/cache/bootsnap/compile-cache-iseq/2a/3d919082a63581
3206	./tmp/cache/bootsnap/compile-cache-iseq/2a/3fd3e259e12fdd
3207	./tmp/cache/bootsnap/compile-cache-iseq/2a/5dac2eb6f28291
3208	./tmp/cache/bootsnap/compile-cache-iseq/2a/7ee80d64863035
3209	./tmp/cache/bootsnap/compile-cache-iseq/2a/bfa4cc6a3dc172
3210	./tmp/cache/bootsnap/compile-cache-iseq/2a/e367093700fe66
3211	./tmp/cache/bootsnap/compile-cache-iseq/2a/f1da8917c3d9f7
3212	./tmp/cache/bootsnap/compile-cache-iseq/2b/0da87e06f11c95
3213	./tmp/cache/bootsnap/compile-cache-iseq/2b/2c4b4fdaa2906a
3214	./tmp/cache/bootsnap/compile-cache-iseq/2b/4e2739b01acec9
3215	./tmp/cache/bootsnap/compile-cache-iseq/2b/5ea009680d4121
3216	./tmp/cache/bootsnap/compile-cache-iseq/2b/6bbec8b1dc96df
3217	./tmp/cache/bootsnap/compile-cache-iseq/2b/858994ae8020a5
3218	./tmp/cache/bootsnap/compile-cache-iseq/2b/859018cc10a3aa
3219	./tmp/cache/bootsnap/compile-cache-iseq/2b/a28ebe77925b0a
3220	./tmp/cache/bootsnap/compile-cache-iseq/2b/b079674a66824e
3221	./tmp/cache/bootsnap/compile-cache-iseq/2b/b1ab0f4aeef03b
3222	./tmp/cache/bootsnap/compile-cache-iseq/2b/b9eb634e9ba21a
3223	./tmp/cache/bootsnap/compile-cache-iseq/2b/cd2081f1fded3c
3224	./tmp/cache/bootsnap/compile-cache-iseq/2b/e2da66865d3cea
3225	./tmp/cache/bootsnap/compile-cache-iseq/2c/113d7b40afb62f
3226	./tmp/cache/bootsnap/compile-cache-iseq/2c/5cb4ca9ee503d6
3227	./tmp/cache/bootsnap/compile-cache-iseq/2c/8bc8e48673c422
3228	./tmp/cache/bootsnap/compile-cache-iseq/2c/914a9eae1c7ba3
3229	./tmp/cache/bootsnap/compile-cache-iseq/2c/971117a4a8a5f2
3230	./tmp/cache/bootsnap/compile-cache-iseq/2c/aee3c74888caa2
3231	./tmp/cache/bootsnap/compile-cache-iseq/2c/bf7759ac22e145
3232	./tmp/cache/bootsnap/compile-cache-iseq/2c/e4d96624aadf87
3233	./tmp/cache/bootsnap/compile-cache-iseq/2d/2c19ba66214179
3234	./tmp/cache/bootsnap/compile-cache-iseq/2d/38fbf600c683a0
3235	./tmp/cache/bootsnap/compile-cache-iseq/2d/6c016b509ff329
3236	./tmp/cache/bootsnap/compile-cache-iseq/2d/72e9abe94180aa
3237	./tmp/cache/bootsnap/compile-cache-iseq/2d/9a27fbd08d5b0d
3238	./tmp/cache/bootsnap/compile-cache-iseq/2d/b48e2b180e8e0d
3239	./tmp/cache/bootsnap/compile-cache-iseq/2d/cc53e56fdb0d74
3240	./tmp/cache/bootsnap/compile-cache-iseq/2d/ddef8b7aced05e
3241	./tmp/cache/bootsnap/compile-cache-iseq/2e/1c7423cccab7fc
3242	./tmp/cache/bootsnap/compile-cache-iseq/2e/28de6b0640aa65
3243	./tmp/cache/bootsnap/compile-cache-iseq/2e/36112719c8110f
3244	./tmp/cache/bootsnap/compile-cache-iseq/2e/48951c0d72405d
3245	./tmp/cache/bootsnap/compile-cache-iseq/2e/5461f98342efe6
3246	./tmp/cache/bootsnap/compile-cache-iseq/2e/99fdb7691f43fc
3247	./tmp/cache/bootsnap/compile-cache-iseq/2e/a7774efb86c63c
3248	./tmp/cache/bootsnap/compile-cache-iseq/2e/c0c7a82e1594b5
3249	./tmp/cache/bootsnap/compile-cache-iseq/2f/0336bd6fca8f2c
3250	./tmp/cache/bootsnap/compile-cache-iseq/2f/056a8587abba3b
3251	./tmp/cache/bootsnap/compile-cache-iseq/2f/0c86df94db47b8
3252	./tmp/cache/bootsnap/compile-cache-iseq/2f/1006c597fb6ae8
3253	./tmp/cache/bootsnap/compile-cache-iseq/2f/14f93bb0e0d864
3254	./tmp/cache/bootsnap/compile-cache-iseq/2f/38cc75fd74322d
3255	./tmp/cache/bootsnap/compile-cache-iseq/2f/57f9e79202c46c
3256	./tmp/cache/bootsnap/compile-cache-iseq/2f/5beae3505ff6aa
3257	./tmp/cache/bootsnap/compile-cache-iseq/2f/5d7fce0cd05786
3258	./tmp/cache/bootsnap/compile-cache-iseq/2f/89b23676ee8640
3259	./tmp/cache/bootsnap/compile-cache-iseq/2f/a5a5417d0e4dea
3260	./tmp/cache/bootsnap/compile-cache-iseq/2f/aa344e2708414d
3261	./tmp/cache/bootsnap/compile-cache-iseq/2f/b1f96aaf369966
3262	./tmp/cache/bootsnap/compile-cache-iseq/2f/ba62ca4b942dfd
3263	./tmp/cache/bootsnap/compile-cache-iseq/2f/c1c68da80816ed
3264	./tmp/cache/bootsnap/compile-cache-iseq/2f/d21d8043e2632f
3265	./tmp/cache/bootsnap/compile-cache-iseq/2f/e17891a13e7e27
3266	./tmp/cache/bootsnap/compile-cache-iseq/2f/ef3d445e38e8f9
3267	./tmp/cache/bootsnap/compile-cache-iseq/30/0819f8640e9cd3
3268	./tmp/cache/bootsnap/compile-cache-iseq/30/18b4df48462bf7
3269	./tmp/cache/bootsnap/compile-cache-iseq/30/24b6bfe09728e5
3270	./tmp/cache/bootsnap/compile-cache-iseq/30/298eb6a2e8b926
3271	./tmp/cache/bootsnap/compile-cache-iseq/30/4059be7e0b7226
3272	./tmp/cache/bootsnap/compile-cache-iseq/30/4430dc64d7a3f3
3273	./tmp/cache/bootsnap/compile-cache-iseq/30/9221eabafd41c1
3274	./tmp/cache/bootsnap/compile-cache-iseq/31/2195b9b070bd87
3275	./tmp/cache/bootsnap/compile-cache-iseq/31/26b41effa774d9
3276	./tmp/cache/bootsnap/compile-cache-iseq/31/62ca1dcf5383ed
3277	./tmp/cache/bootsnap/compile-cache-iseq/31/6a0add4ecbc8d0
3278	./tmp/cache/bootsnap/compile-cache-iseq/31/6c2510a63ff6dc
3279	./tmp/cache/bootsnap/compile-cache-iseq/31/b979fbd57ddc0b
3280	./tmp/cache/bootsnap/compile-cache-iseq/31/c6ba00a606bea6
3281	./tmp/cache/bootsnap/compile-cache-iseq/31/f43a23a3479dfa
3282	./tmp/cache/bootsnap/compile-cache-iseq/32/0338833581c2b4
3283	./tmp/cache/bootsnap/compile-cache-iseq/32/075892a58285a2
3284	./tmp/cache/bootsnap/compile-cache-iseq/32/0c76623d7b85da
3285	./tmp/cache/bootsnap/compile-cache-iseq/32/0cb138636f6fe0
3286	./tmp/cache/bootsnap/compile-cache-iseq/32/379a33a7c0f816
3287	./tmp/cache/bootsnap/compile-cache-iseq/32/47cb146dc11b70
3288	./tmp/cache/bootsnap/compile-cache-iseq/32/5fdacd21e850d9
3289	./tmp/cache/bootsnap/compile-cache-iseq/32/afbaa1efae2804
3290	./tmp/cache/bootsnap/compile-cache-iseq/32/c3febab2b1e838
3291	./tmp/cache/bootsnap/compile-cache-iseq/32/da7e18a32dca49
3292	./tmp/cache/bootsnap/compile-cache-iseq/33/00812110107952
3293	./tmp/cache/bootsnap/compile-cache-iseq/33/1741999ceafc83
3294	./tmp/cache/bootsnap/compile-cache-iseq/33/1b0718b1c696b3
3295	./tmp/cache/bootsnap/compile-cache-iseq/33/761b6573f64267
3296	./tmp/cache/bootsnap/compile-cache-iseq/33/7d1c044dffb5b5
3297	./tmp/cache/bootsnap/compile-cache-iseq/33/84f9e84d673c9c
3298	./tmp/cache/bootsnap/compile-cache-iseq/33/b36a90c8fe3653
3299	./tmp/cache/bootsnap/compile-cache-iseq/33/cc618fcbd875d5
3300	./tmp/cache/bootsnap/compile-cache-iseq/33/da5eb7bbc3fc63
3301	./tmp/cache/bootsnap/compile-cache-iseq/33/eaa85a027b38f3
3302	./tmp/cache/bootsnap/compile-cache-iseq/34/14bbf3740fbf80
3303	./tmp/cache/bootsnap/compile-cache-iseq/34/32b1cab0479bb6
3304	./tmp/cache/bootsnap/compile-cache-iseq/34/3aba8392f428c6
3305	./tmp/cache/bootsnap/compile-cache-iseq/34/4ddac2610f4b8f
3306	./tmp/cache/bootsnap/compile-cache-iseq/34/80c24897e4545f
3307	./tmp/cache/bootsnap/compile-cache-iseq/34/a1fed05e24565f
3308	./tmp/cache/bootsnap/compile-cache-iseq/34/b17d1d6879bba7
3309	./tmp/cache/bootsnap/compile-cache-iseq/34/c4c5e4ebe6cd5d
3310	./tmp/cache/bootsnap/compile-cache-iseq/34/de914c8ce87b5c
3311	./tmp/cache/bootsnap/compile-cache-iseq/34/e64743ea838ac1
3312	./tmp/cache/bootsnap/compile-cache-iseq/34/ec964ba9ee5886
3313	./tmp/cache/bootsnap/compile-cache-iseq/34/f9fcb97d47b877
3314	./tmp/cache/bootsnap/compile-cache-iseq/35/33cbc59dee34da
3315	./tmp/cache/bootsnap/compile-cache-iseq/35/4b8e4101fa0b5a
3316	./tmp/cache/bootsnap/compile-cache-iseq/35/9cd8fd69397afa
3317	./tmp/cache/bootsnap/compile-cache-iseq/35/9d04614a2df8cb
3318	./tmp/cache/bootsnap/compile-cache-iseq/35/b4bee867b71747
3319	./tmp/cache/bootsnap/compile-cache-iseq/35/dddcdfeb65dbc9
3320	./tmp/cache/bootsnap/compile-cache-iseq/35/e587ff6271d480
3321	./tmp/cache/bootsnap/compile-cache-iseq/35/f6040b57c98852
3322	./tmp/cache/bootsnap/compile-cache-iseq/36/0ba27b937645f5
3323	./tmp/cache/bootsnap/compile-cache-iseq/36/27dcd74d444458
3324	./tmp/cache/bootsnap/compile-cache-iseq/36/388b37da9a051d
3325	./tmp/cache/bootsnap/compile-cache-iseq/36/3ddd473bde2e48
3326	./tmp/cache/bootsnap/compile-cache-iseq/36/4ba33bd0ad4fb1
3327	./tmp/cache/bootsnap/compile-cache-iseq/36/57472249d15bef
3328	./tmp/cache/bootsnap/compile-cache-iseq/36/742229a5dfaf68
3329	./tmp/cache/bootsnap/compile-cache-iseq/36/95c98c26ca1016
3330	./tmp/cache/bootsnap/compile-cache-iseq/36/b6a53a1fe76db8
3331	./tmp/cache/bootsnap/compile-cache-iseq/37/0dbe8f9090acf1
3332	./tmp/cache/bootsnap/compile-cache-iseq/37/18b0665d9dc94c
3333	./tmp/cache/bootsnap/compile-cache-iseq/37/5ec1affaa2ac9e
3334	./tmp/cache/bootsnap/compile-cache-iseq/37/6bc0cb03d97a95
3335	./tmp/cache/bootsnap/compile-cache-iseq/37/984798c4b4b8f6
3336	./tmp/cache/bootsnap/compile-cache-iseq/37/c71b57376c41c2
3337	./tmp/cache/bootsnap/compile-cache-iseq/38/29ca0e7870c3fd
3338	./tmp/cache/bootsnap/compile-cache-iseq/38/2b6eec0eec70ab
3339	./tmp/cache/bootsnap/compile-cache-iseq/38/2de2938a8bf77f
3340	./tmp/cache/bootsnap/compile-cache-iseq/38/41a17984652230
3341	./tmp/cache/bootsnap/compile-cache-iseq/38/4d178337cfefb9
3342	./tmp/cache/bootsnap/compile-cache-iseq/38/6e2b7ca32c27bf
3343	./tmp/cache/bootsnap/compile-cache-iseq/38/9f9ce2dbdcbd87
3344	./tmp/cache/bootsnap/compile-cache-iseq/38/a3d9f9bb08805f
3345	./tmp/cache/bootsnap/compile-cache-iseq/38/a4f6bc22fbed22
3346	./tmp/cache/bootsnap/compile-cache-iseq/38/ab159fbf096225
3347	./tmp/cache/bootsnap/compile-cache-iseq/38/ac1ca325d5d349
3348	./tmp/cache/bootsnap/compile-cache-iseq/38/b0bc29325d344f
3349	./tmp/cache/bootsnap/compile-cache-iseq/38/c0271f74d9a74a
3350	./tmp/cache/bootsnap/compile-cache-iseq/38/e434781f7249b0
3351	./tmp/cache/bootsnap/compile-cache-iseq/39/014d0725faa213
3352	./tmp/cache/bootsnap/compile-cache-iseq/39/055a5e0a537c99
3353	./tmp/cache/bootsnap/compile-cache-iseq/39/1a86c999649fd3
3354	./tmp/cache/bootsnap/compile-cache-iseq/39/28fa3bbed81027
3355	./tmp/cache/bootsnap/compile-cache-iseq/39/30f8c8b535b9f9
3356	./tmp/cache/bootsnap/compile-cache-iseq/39/46c9e60359b488
3357	./tmp/cache/bootsnap/compile-cache-iseq/39/6d6b44acc3096e
3358	./tmp/cache/bootsnap/compile-cache-iseq/39/6d797d07c70461
3359	./tmp/cache/bootsnap/compile-cache-iseq/39/856c55017f6eb4
3360	./tmp/cache/bootsnap/compile-cache-iseq/39/a20fc30e82d773
3361	./tmp/cache/bootsnap/compile-cache-iseq/39/a5f0b2ff1b9e2a
3362	./tmp/cache/bootsnap/compile-cache-iseq/39/ad007d8e30a411
3363	./tmp/cache/bootsnap/compile-cache-iseq/39/d6632ea5733220
3364	./tmp/cache/bootsnap/compile-cache-iseq/39/dfed875ede96ec
3365	./tmp/cache/bootsnap/compile-cache-iseq/3a/1ff5078b0975d2
3366	./tmp/cache/bootsnap/compile-cache-iseq/3a/4c45c82a91bf70
3367	./tmp/cache/bootsnap/compile-cache-iseq/3a/4f4dc94966124e
3368	./tmp/cache/bootsnap/compile-cache-iseq/3a/62e5cb29f4ff89
3369	./tmp/cache/bootsnap/compile-cache-iseq/3a/8377a3548f6b57
3370	./tmp/cache/bootsnap/compile-cache-iseq/3a/8b310e83849b89
3371	./tmp/cache/bootsnap/compile-cache-iseq/3a/9da777f29783b4
3372	./tmp/cache/bootsnap/compile-cache-iseq/3a/aeb45d3826347e
3373	./tmp/cache/bootsnap/compile-cache-iseq/3a/d0d7a07a625313
3374	./tmp/cache/bootsnap/compile-cache-iseq/3a/d8cf6235a75150
3375	./tmp/cache/bootsnap/compile-cache-iseq/3a/ebf115c84369b0
3376	./tmp/cache/bootsnap/compile-cache-iseq/3b/07de5f420e30f1
3377	./tmp/cache/bootsnap/compile-cache-iseq/3b/2e16b3a5bfde0f
3378	./tmp/cache/bootsnap/compile-cache-iseq/3b/44b516bdee4eec
3379	./tmp/cache/bootsnap/compile-cache-iseq/3b/56186187a960a3
3380	./tmp/cache/bootsnap/compile-cache-iseq/3b/7c71a2eccb0a74
3381	./tmp/cache/bootsnap/compile-cache-iseq/3b/a65c03334451da
3382	./tmp/cache/bootsnap/compile-cache-iseq/3b/b6155d7ffcb29f
3383	./tmp/cache/bootsnap/compile-cache-iseq/3b/b875461269c20a
3384	./tmp/cache/bootsnap/compile-cache-iseq/3b/c293267f92f585
3385	./tmp/cache/bootsnap/compile-cache-iseq/3c/0bb1b6c17fbe05
3386	./tmp/cache/bootsnap/compile-cache-iseq/3c/3e6c7f9365ad70
3387	./tmp/cache/bootsnap/compile-cache-iseq/3c/557f48289a2128
3388	./tmp/cache/bootsnap/compile-cache-iseq/3c/64b00809f37f10
3389	./tmp/cache/bootsnap/compile-cache-iseq/3c/8254a3aba3bbf8
3390	./tmp/cache/bootsnap/compile-cache-iseq/3c/8ab2c83b2e053c
3391	./tmp/cache/bootsnap/compile-cache-iseq/3c/fa16f4797a7a4b
3392	./tmp/cache/bootsnap/compile-cache-iseq/3d/42d50101232239
3393	./tmp/cache/bootsnap/compile-cache-iseq/3d/abf9eb3ce32c94
3394	./tmp/cache/bootsnap/compile-cache-iseq/3d/c54c056edf7e6a
3395	./tmp/cache/bootsnap/compile-cache-iseq/3d/d6c6cc141c7aec
3396	./tmp/cache/bootsnap/compile-cache-iseq/3d/db802f54fbfe62
3397	./tmp/cache/bootsnap/compile-cache-iseq/3d/de7bdc5725f4d6
3398	./tmp/cache/bootsnap/compile-cache-iseq/3d/f8faa5dd6ce08d
3399	./tmp/cache/bootsnap/compile-cache-iseq/3e/01153cec2f0006
3400	./tmp/cache/bootsnap/compile-cache-iseq/3e/0c8d9260fea50d
3401	./tmp/cache/bootsnap/compile-cache-iseq/3e/18a934b2142463
3402	./tmp/cache/bootsnap/compile-cache-iseq/3e/4abd86804214fb
3403	./tmp/cache/bootsnap/compile-cache-iseq/3e/4e27033a51a013
3404	./tmp/cache/bootsnap/compile-cache-iseq/3e/5e8cb93d685b91
3405	./tmp/cache/bootsnap/compile-cache-iseq/3e/67a4b6bb25fbd8
3406	./tmp/cache/bootsnap/compile-cache-iseq/3e/6d1f2e395877f8
3407	./tmp/cache/bootsnap/compile-cache-iseq/3e/79bfd15047147b
3408	./tmp/cache/bootsnap/compile-cache-iseq/3e/7a5227e95de08a
3409	./tmp/cache/bootsnap/compile-cache-iseq/3e/8cf8b9b8d16216
3410	./tmp/cache/bootsnap/compile-cache-iseq/3e/8f81cef17b98f0
3411	./tmp/cache/bootsnap/compile-cache-iseq/3e/bf76ccd4b2bef4
3412	./tmp/cache/bootsnap/compile-cache-iseq/3e/c450c27f0c5b4f
3413	./tmp/cache/bootsnap/compile-cache-iseq/3e/f4089aca583d19
3414	./tmp/cache/bootsnap/compile-cache-iseq/3f/28302bd8b3526c
3415	./tmp/cache/bootsnap/compile-cache-iseq/3f/2f16fa7077979a
3416	./tmp/cache/bootsnap/compile-cache-iseq/3f/3147cc0db207b4
3417	./tmp/cache/bootsnap/compile-cache-iseq/3f/53c2a81425bad9
3418	./tmp/cache/bootsnap/compile-cache-iseq/3f/556f060e3e83d1
3419	./tmp/cache/bootsnap/compile-cache-iseq/3f/86322af4b6effa
3420	./tmp/cache/bootsnap/compile-cache-iseq/3f/a98e2679f2bd18
3421	./tmp/cache/bootsnap/compile-cache-iseq/3f/b24e345d5e212b
3422	./tmp/cache/bootsnap/compile-cache-iseq/3f/b2fb418b7341f9
3423	./tmp/cache/bootsnap/compile-cache-iseq/3f/e473953732387a
3424	./tmp/cache/bootsnap/compile-cache-iseq/40/18f61f4410ae30
3425	./tmp/cache/bootsnap/compile-cache-iseq/40/316dc28333d6aa
3426	./tmp/cache/bootsnap/compile-cache-iseq/40/37372149520afc
3427	./tmp/cache/bootsnap/compile-cache-iseq/40/64446d7633d6b0
3428	./tmp/cache/bootsnap/compile-cache-iseq/40/85487e270aad33
3429	./tmp/cache/bootsnap/compile-cache-iseq/40/a73271829a0d37
3430	./tmp/cache/bootsnap/compile-cache-iseq/40/e5876f398fc199
3431	./tmp/cache/bootsnap/compile-cache-iseq/41/0d144e18757406
3432	./tmp/cache/bootsnap/compile-cache-iseq/41/4196ce1c68d703
3433	./tmp/cache/bootsnap/compile-cache-iseq/41/4358044d82ba43
3434	./tmp/cache/bootsnap/compile-cache-iseq/41/548e1f2d600841
3435	./tmp/cache/bootsnap/compile-cache-iseq/41/5c80a10dd9c8d9
3436	./tmp/cache/bootsnap/compile-cache-iseq/41/682a99a854089d
3437	./tmp/cache/bootsnap/compile-cache-iseq/41/7cd2477ba6e7a9
3438	./tmp/cache/bootsnap/compile-cache-iseq/41/7d5dca1da7876b
3439	./tmp/cache/bootsnap/compile-cache-iseq/41/81d8f12c2d0978
3440	./tmp/cache/bootsnap/compile-cache-iseq/41/8636773d751bb9
3441	./tmp/cache/bootsnap/compile-cache-iseq/41/93078dc4b6baab
3442	./tmp/cache/bootsnap/compile-cache-iseq/41/989d9797e230c6
3443	./tmp/cache/bootsnap/compile-cache-iseq/41/aaa757faa9f3bc
3444	./tmp/cache/bootsnap/compile-cache-iseq/41/b9c97987bd0779
3445	./tmp/cache/bootsnap/compile-cache-iseq/41/db59e18eb39fd3
3446	./tmp/cache/bootsnap/compile-cache-iseq/41/dd1a1f6a03ab05
3447	./tmp/cache/bootsnap/compile-cache-iseq/41/e8cb7156acd2d3
3448	./tmp/cache/bootsnap/compile-cache-iseq/41/fc568e0928863f
3449	./tmp/cache/bootsnap/compile-cache-iseq/42/092f2b8ea62c26
3450	./tmp/cache/bootsnap/compile-cache-iseq/42/477583c7f7f184
3451	./tmp/cache/bootsnap/compile-cache-iseq/42/638125b0415c67
3452	./tmp/cache/bootsnap/compile-cache-iseq/42/729ddf19d91336
3453	./tmp/cache/bootsnap/compile-cache-iseq/42/8edf54effe41ad
3454	./tmp/cache/bootsnap/compile-cache-iseq/42/934d83375e525d
3455	./tmp/cache/bootsnap/compile-cache-iseq/42/a45b0b8f62b3d2
3456	./tmp/cache/bootsnap/compile-cache-iseq/42/b5050ebc0055ca
3457	./tmp/cache/bootsnap/compile-cache-iseq/42/b9ec8a1b195ac3
3458	./tmp/cache/bootsnap/compile-cache-iseq/42/bfbe1b02bff1b5
3459	./tmp/cache/bootsnap/compile-cache-iseq/42/cde3a04a6a8694
3460	./tmp/cache/bootsnap/compile-cache-iseq/43/03c3935bb6c5fa
3461	./tmp/cache/bootsnap/compile-cache-iseq/43/0819890ec22f8a
3462	./tmp/cache/bootsnap/compile-cache-iseq/43/22d78cc20cc302
3463	./tmp/cache/bootsnap/compile-cache-iseq/43/3b1d05bac37b70
3464	./tmp/cache/bootsnap/compile-cache-iseq/43/3c3ebace6e104e
3465	./tmp/cache/bootsnap/compile-cache-iseq/43/4b74c0e1fd52f3
3466	./tmp/cache/bootsnap/compile-cache-iseq/43/670dcb7f3d68fa
3467	./tmp/cache/bootsnap/compile-cache-iseq/43/78e277e3e56ae2
3468	./tmp/cache/bootsnap/compile-cache-iseq/43/8e79edfe32e233
3469	./tmp/cache/bootsnap/compile-cache-iseq/43/9d9a55c4250460
3470	./tmp/cache/bootsnap/compile-cache-iseq/43/b4f54fce720ef1
3471	./tmp/cache/bootsnap/compile-cache-iseq/43/b536be25249f40
3472	./tmp/cache/bootsnap/compile-cache-iseq/43/d82dee35abb363
3473	./tmp/cache/bootsnap/compile-cache-iseq/43/e7b98aef0a1416
3474	./tmp/cache/bootsnap/compile-cache-iseq/44/31edb5196633fa
3475	./tmp/cache/bootsnap/compile-cache-iseq/44/3ce8eb14f6e5fc
3476	./tmp/cache/bootsnap/compile-cache-iseq/44/5264525c1017ee
3477	./tmp/cache/bootsnap/compile-cache-iseq/44/721d5a6b8af040
3478	./tmp/cache/bootsnap/compile-cache-iseq/44/8db53bddb83175
3479	./tmp/cache/bootsnap/compile-cache-iseq/44/cb7446df9c513a
3480	./tmp/cache/bootsnap/compile-cache-iseq/44/d7b12cedb20d4b
3481	./tmp/cache/bootsnap/compile-cache-iseq/44/db201f7ca15a43
3482	./tmp/cache/bootsnap/compile-cache-iseq/44/f3140d7263b084
3483	./tmp/cache/bootsnap/compile-cache-iseq/45/77295e224e6f80
3484	./tmp/cache/bootsnap/compile-cache-iseq/45/84ed79a8f07880
3485	./tmp/cache/bootsnap/compile-cache-iseq/45/a62e1ce500b3d9
3486	./tmp/cache/bootsnap/compile-cache-iseq/45/cf71e3ce12fb60
3487	./tmp/cache/bootsnap/compile-cache-iseq/45/d80d0d59cbdeff
3488	./tmp/cache/bootsnap/compile-cache-iseq/45/feb3026de6e115
3489	./tmp/cache/bootsnap/compile-cache-iseq/46/07b91bbfb5a31f
3490	./tmp/cache/bootsnap/compile-cache-iseq/46/32e6750e5ba5fa
3491	./tmp/cache/bootsnap/compile-cache-iseq/46/33426d0982d8e3
3492	./tmp/cache/bootsnap/compile-cache-iseq/46/48e81f4de92d4d
3493	./tmp/cache/bootsnap/compile-cache-iseq/46/572358d74556a7
3494	./tmp/cache/bootsnap/compile-cache-iseq/46/7e61a705c88e51
3495	./tmp/cache/bootsnap/compile-cache-iseq/46/9b8a763a5255ba
3496	./tmp/cache/bootsnap/compile-cache-iseq/47/45f228560d75bf
3497	./tmp/cache/bootsnap/compile-cache-iseq/47/6c0b12f889e3d5
3498	./tmp/cache/bootsnap/compile-cache-iseq/47/8f3819e22f01d1
3499	./tmp/cache/bootsnap/compile-cache-iseq/47/9b2db77d32bc61
3500	./tmp/cache/bootsnap/compile-cache-iseq/47/d3783c0fcb686a
3501	./tmp/cache/bootsnap/compile-cache-iseq/47/f4037ba6c6e4be
3502	./tmp/cache/bootsnap/compile-cache-iseq/48/437bade74cd151
3503	./tmp/cache/bootsnap/compile-cache-iseq/48/59d83b3c5b07e6
3504	./tmp/cache/bootsnap/compile-cache-iseq/48/694ffb601a5290
3505	./tmp/cache/bootsnap/compile-cache-iseq/48/834991f37ae10c
3506	./tmp/cache/bootsnap/compile-cache-iseq/48/c0bebcca9a17df
3507	./tmp/cache/bootsnap/compile-cache-iseq/48/f8d8e5c042d5f0
3508	./tmp/cache/bootsnap/compile-cache-iseq/49/12cd0508cbd129
3509	./tmp/cache/bootsnap/compile-cache-iseq/49/1f9bcbaf420f86
3510	./tmp/cache/bootsnap/compile-cache-iseq/49/25e8b867be27be
3511	./tmp/cache/bootsnap/compile-cache-iseq/49/35b1aac6fe0168
3512	./tmp/cache/bootsnap/compile-cache-iseq/49/3a206e8a286734
3513	./tmp/cache/bootsnap/compile-cache-iseq/49/4c434d22309d2b
3514	./tmp/cache/bootsnap/compile-cache-iseq/49/72c35a96ee1924
3515	./tmp/cache/bootsnap/compile-cache-iseq/49/b485bed959566a
3516	./tmp/cache/bootsnap/compile-cache-iseq/49/ba63ff75178059
3517	./tmp/cache/bootsnap/compile-cache-iseq/49/cc4ed1f7e086a7
3518	./tmp/cache/bootsnap/compile-cache-iseq/49/d4e0173f1f117f
3519	./tmp/cache/bootsnap/compile-cache-iseq/49/f894f53f3bdb92
3520	./tmp/cache/bootsnap/compile-cache-iseq/4a/10b279feb0253d
3521	./tmp/cache/bootsnap/compile-cache-iseq/4a/2062602fbff6cf
3522	./tmp/cache/bootsnap/compile-cache-iseq/4a/23918b2b6c07f2
3523	./tmp/cache/bootsnap/compile-cache-iseq/4a/511404e68fe07a
3524	./tmp/cache/bootsnap/compile-cache-iseq/4a/8b311077ff2d63
3525	./tmp/cache/bootsnap/compile-cache-iseq/4a/b28690b5b66bbf
3526	./tmp/cache/bootsnap/compile-cache-iseq/4a/d69c9ce09c4ec4
3527	./tmp/cache/bootsnap/compile-cache-iseq/4a/da6137c87fc3fb
3528	./tmp/cache/bootsnap/compile-cache-iseq/4a/e3032008aad822
3529	./tmp/cache/bootsnap/compile-cache-iseq/4a/fce53661537bb6
3530	./tmp/cache/bootsnap/compile-cache-iseq/4b/113c1b3c5828e6
3531	./tmp/cache/bootsnap/compile-cache-iseq/4b/2b2fffbc4b4e61
3532	./tmp/cache/bootsnap/compile-cache-iseq/4b/3366da7c668b4a
3533	./tmp/cache/bootsnap/compile-cache-iseq/4b/d3d08270acef99
3534	./tmp/cache/bootsnap/compile-cache-iseq/4c/5767a3cc67eb35
3535	./tmp/cache/bootsnap/compile-cache-iseq/4c/57bd10939674f8
3536	./tmp/cache/bootsnap/compile-cache-iseq/4c/60e07db561a76d
3537	./tmp/cache/bootsnap/compile-cache-iseq/4c/65a3504fc863cb
3538	./tmp/cache/bootsnap/compile-cache-iseq/4c/69d860cefc1c8c
3539	./tmp/cache/bootsnap/compile-cache-iseq/4c/724d99527d52a3
3540	./tmp/cache/bootsnap/compile-cache-iseq/4c/b6eb792a433284
3541	./tmp/cache/bootsnap/compile-cache-iseq/4c/bdbcbd81fee275
3542	./tmp/cache/bootsnap/compile-cache-iseq/4c/c2901be8c7690e
3543	./tmp/cache/bootsnap/compile-cache-iseq/4c/d7c755be0b1549
3544	./tmp/cache/bootsnap/compile-cache-iseq/4c/f9d50c0a6be27e
3545	./tmp/cache/bootsnap/compile-cache-iseq/4d/0f947665db9936
3546	./tmp/cache/bootsnap/compile-cache-iseq/4d/21eb331c7d548a
3547	./tmp/cache/bootsnap/compile-cache-iseq/4d/33c4af7c8a802f
3548	./tmp/cache/bootsnap/compile-cache-iseq/4d/6d1a8ed8919f7f
3549	./tmp/cache/bootsnap/compile-cache-iseq/4d/8faf6cd23234f6
3550	./tmp/cache/bootsnap/compile-cache-iseq/4d/a7400b692d03b8
3551	./tmp/cache/bootsnap/compile-cache-iseq/4d/dc518c4ec63de0
3552	./tmp/cache/bootsnap/compile-cache-iseq/4d/f16dfb14d5754c
3553	./tmp/cache/bootsnap/compile-cache-iseq/4e/02af646df40cfc
3554	./tmp/cache/bootsnap/compile-cache-iseq/4e/1a3e7e1b0a9d0e
3555	./tmp/cache/bootsnap/compile-cache-iseq/4e/2bb21d68420a17
3556	./tmp/cache/bootsnap/compile-cache-iseq/4e/3984ec820c3c17
3557	./tmp/cache/bootsnap/compile-cache-iseq/4e/3f779ad7895484
3558	./tmp/cache/bootsnap/compile-cache-iseq/4e/4fe43d652f573f
3559	./tmp/cache/bootsnap/compile-cache-iseq/4e/7a15c4269646a5
3560	./tmp/cache/bootsnap/compile-cache-iseq/4e/a18a22c4bd1171
3561	./tmp/cache/bootsnap/compile-cache-iseq/4e/d9a46be3072b7b
3562	./tmp/cache/bootsnap/compile-cache-iseq/4e/e869c503004a2d
3563	./tmp/cache/bootsnap/compile-cache-iseq/4e/fba5ee067cd4aa
3564	./tmp/cache/bootsnap/compile-cache-iseq/4f/08f1abef3214fa
3565	./tmp/cache/bootsnap/compile-cache-iseq/4f/15c2d9d8747662
3566	./tmp/cache/bootsnap/compile-cache-iseq/4f/3b07ff7f426514
3567	./tmp/cache/bootsnap/compile-cache-iseq/4f/4139cf81072a5c
3568	./tmp/cache/bootsnap/compile-cache-iseq/4f/53ac06caddd397
3569	./tmp/cache/bootsnap/compile-cache-iseq/4f/6af10f1c662353
3570	./tmp/cache/bootsnap/compile-cache-iseq/4f/ae71b764f3b8f3
3571	./tmp/cache/bootsnap/compile-cache-iseq/4f/b52e718da2b4a3
3572	./tmp/cache/bootsnap/compile-cache-iseq/4f/c22d2e83c98a11
3573	./tmp/cache/bootsnap/compile-cache-iseq/4f/ff1d5c0813a499
3574	./tmp/cache/bootsnap/compile-cache-iseq/50/08ae363326d528
3575	./tmp/cache/bootsnap/compile-cache-iseq/50/21b05e8e2cab79
3576	./tmp/cache/bootsnap/compile-cache-iseq/50/2816e9351f7ecc
3577	./tmp/cache/bootsnap/compile-cache-iseq/50/2b27d761eb6424
3578	./tmp/cache/bootsnap/compile-cache-iseq/50/4afe3f73631417
3579	./tmp/cache/bootsnap/compile-cache-iseq/50/6102227a9fe2b0
3580	./tmp/cache/bootsnap/compile-cache-iseq/50/9ca56de08d68ee
3581	./tmp/cache/bootsnap/compile-cache-iseq/50/d853ccc8bdaa78
3582	./tmp/cache/bootsnap/compile-cache-iseq/50/e0e116af26fc18
3583	./tmp/cache/bootsnap/compile-cache-iseq/51/0f88c6041dd3ec
3584	./tmp/cache/bootsnap/compile-cache-iseq/51/7e30fffe18b842
3585	./tmp/cache/bootsnap/compile-cache-iseq/51/884edd4e1f4058
3586	./tmp/cache/bootsnap/compile-cache-iseq/51/aa39f1dfc43317
3587	./tmp/cache/bootsnap/compile-cache-iseq/51/cae2bdda70a27d
3588	./tmp/cache/bootsnap/compile-cache-iseq/51/dffbaffb6984cc
3589	./tmp/cache/bootsnap/compile-cache-iseq/51/eb20cdae11d368
3590	./tmp/cache/bootsnap/compile-cache-iseq/52/15f013e79b2c21
3591	./tmp/cache/bootsnap/compile-cache-iseq/52/19717b7456a4ef
3592	./tmp/cache/bootsnap/compile-cache-iseq/52/30f9cdaf88d3a3
3593	./tmp/cache/bootsnap/compile-cache-iseq/52/75b0e4a7b48b98
3594	./tmp/cache/bootsnap/compile-cache-iseq/52/83e858ec6f7383
3595	./tmp/cache/bootsnap/compile-cache-iseq/52/91e9f0e2bcf4fe
3596	./tmp/cache/bootsnap/compile-cache-iseq/52/a0465b648bc5e6
3597	./tmp/cache/bootsnap/compile-cache-iseq/52/a09e92c86ef7f5
3598	./tmp/cache/bootsnap/compile-cache-iseq/52/b73d9ea4bb8f09
3599	./tmp/cache/bootsnap/compile-cache-iseq/52/c3fcc703955e1f
3600	./tmp/cache/bootsnap/compile-cache-iseq/52/cf4836451ae907
3601	./tmp/cache/bootsnap/compile-cache-iseq/52/dfe4f0f1bcca71
3602	./tmp/cache/bootsnap/compile-cache-iseq/52/e7c3515d6e7a2c
3603	./tmp/cache/bootsnap/compile-cache-iseq/52/f44a0fd884d60e
3604	./tmp/cache/bootsnap/compile-cache-iseq/53/0ede1869c7532f
3605	./tmp/cache/bootsnap/compile-cache-iseq/53/3babc2035725f2
3606	./tmp/cache/bootsnap/compile-cache-iseq/53/4120940708f679
3607	./tmp/cache/bootsnap/compile-cache-iseq/53/81407546abc137
3608	./tmp/cache/bootsnap/compile-cache-iseq/53/90d90ef5b8cc92
3609	./tmp/cache/bootsnap/compile-cache-iseq/53/946a20a6c32fc3
3610	./tmp/cache/bootsnap/compile-cache-iseq/53/9483b66abccb48
3611	./tmp/cache/bootsnap/compile-cache-iseq/53/9f5fd3e826954d
3612	./tmp/cache/bootsnap/compile-cache-iseq/54/2ddc2b9ab4ff44
3613	./tmp/cache/bootsnap/compile-cache-iseq/54/75d386df6d0085
3614	./tmp/cache/bootsnap/compile-cache-iseq/54/8c46872f87774f
3615	./tmp/cache/bootsnap/compile-cache-iseq/54/8e72347003367b
3616	./tmp/cache/bootsnap/compile-cache-iseq/54/931f46a7bef957
3617	./tmp/cache/bootsnap/compile-cache-iseq/54/98d9dcb9968584
3618	./tmp/cache/bootsnap/compile-cache-iseq/54/99bc5d9c3d5b43
3619	./tmp/cache/bootsnap/compile-cache-iseq/54/a5eba2993f326f
3620	./tmp/cache/bootsnap/compile-cache-iseq/54/e9c8d1a5e16606
3621	./tmp/cache/bootsnap/compile-cache-iseq/54/f4a11c705a4446
3622	./tmp/cache/bootsnap/compile-cache-iseq/55/1c7043b862c1c4
3623	./tmp/cache/bootsnap/compile-cache-iseq/55/2216acdce14208
3624	./tmp/cache/bootsnap/compile-cache-iseq/55/2ab32025e15a63
3625	./tmp/cache/bootsnap/compile-cache-iseq/55/4b1e25bb159f44
3626	./tmp/cache/bootsnap/compile-cache-iseq/55/4d49cdcc0f8db6
3627	./tmp/cache/bootsnap/compile-cache-iseq/55/6d82cb2318df44
3628	./tmp/cache/bootsnap/compile-cache-iseq/55/73ae75c3b3d12a
3629	./tmp/cache/bootsnap/compile-cache-iseq/55/96222c35158452
3630	./tmp/cache/bootsnap/compile-cache-iseq/55/a33a8f8305aac0
3631	./tmp/cache/bootsnap/compile-cache-iseq/55/d78b5e3a5cc538
3632	./tmp/cache/bootsnap/compile-cache-iseq/55/e075de8e817060
3633	./tmp/cache/bootsnap/compile-cache-iseq/56/1e3bf4dffb1fd8
3634	./tmp/cache/bootsnap/compile-cache-iseq/56/5c9ffda4c4e1e6
3635	./tmp/cache/bootsnap/compile-cache-iseq/56/6ba8e0a24947f5
3636	./tmp/cache/bootsnap/compile-cache-iseq/56/994642fda2898a
3637	./tmp/cache/bootsnap/compile-cache-iseq/56/a194ada222df16
3638	./tmp/cache/bootsnap/compile-cache-iseq/56/a1e04fc6ce35e0
3639	./tmp/cache/bootsnap/compile-cache-iseq/56/bf9e1146c91f7b
3640	./tmp/cache/bootsnap/compile-cache-iseq/56/d2c4290dff87de
3641	./tmp/cache/bootsnap/compile-cache-iseq/56/eb0172a628f5a0
3642	./tmp/cache/bootsnap/compile-cache-iseq/56/f8c09af93030d8
3643	./tmp/cache/bootsnap/compile-cache-iseq/57/0ac657467a3213
3644	./tmp/cache/bootsnap/compile-cache-iseq/57/1af05eb83d09ee
3645	./tmp/cache/bootsnap/compile-cache-iseq/57/58e5ec83bcb357
3646	./tmp/cache/bootsnap/compile-cache-iseq/57/619556b0725e61
3647	./tmp/cache/bootsnap/compile-cache-iseq/57/787b7430c3a0d3
3648	./tmp/cache/bootsnap/compile-cache-iseq/57/bfba82b360e1bd
3649	./tmp/cache/bootsnap/compile-cache-iseq/57/c1f927562caa8b
3650	./tmp/cache/bootsnap/compile-cache-iseq/57/c23322d272fcec
3651	./tmp/cache/bootsnap/compile-cache-iseq/57/e66bb8f435bfb9
3652	./tmp/cache/bootsnap/compile-cache-iseq/58/0542899690ceb8
3653	./tmp/cache/bootsnap/compile-cache-iseq/58/055891b3f54cac
3654	./tmp/cache/bootsnap/compile-cache-iseq/58/1af0191a300dce
3655	./tmp/cache/bootsnap/compile-cache-iseq/58/2f66b034bf098a
3656	./tmp/cache/bootsnap/compile-cache-iseq/58/54a8f704df3b03
3657	./tmp/cache/bootsnap/compile-cache-iseq/58/62c1922a858258
3658	./tmp/cache/bootsnap/compile-cache-iseq/58/7723c8aa6dd0a7
3659	./tmp/cache/bootsnap/compile-cache-iseq/58/798f075648b6bb
3660	./tmp/cache/bootsnap/compile-cache-iseq/58/8ca7c7219cf969
3661	./tmp/cache/bootsnap/compile-cache-iseq/58/a0bfbe58170daf
3662	./tmp/cache/bootsnap/compile-cache-iseq/58/c3583ed0783f48
3663	./tmp/cache/bootsnap/compile-cache-iseq/58/cfad88f45e9e27
3664	./tmp/cache/bootsnap/compile-cache-iseq/58/e21fdbada2a5fe
3665	./tmp/cache/bootsnap/compile-cache-iseq/59/086b7992b15cca
3666	./tmp/cache/bootsnap/compile-cache-iseq/59/1b440797acc410
3667	./tmp/cache/bootsnap/compile-cache-iseq/59/3484dae7c5d7dc
3668	./tmp/cache/bootsnap/compile-cache-iseq/59/63acf995de5c48
3669	./tmp/cache/bootsnap/compile-cache-iseq/59/6cbdb8295403e6
3670	./tmp/cache/bootsnap/compile-cache-iseq/59/724f3dac54563d
3671	./tmp/cache/bootsnap/compile-cache-iseq/59/7d71bbfe709417
3672	./tmp/cache/bootsnap/compile-cache-iseq/59/83d231cead0a99
3673	./tmp/cache/bootsnap/compile-cache-iseq/59/97d212b6bb12b7
3674	./tmp/cache/bootsnap/compile-cache-iseq/59/aaf0e82aa1b912
3675	./tmp/cache/bootsnap/compile-cache-iseq/59/b3c7be1d773da5
3676	./tmp/cache/bootsnap/compile-cache-iseq/59/bb4e4298a5820d
3677	./tmp/cache/bootsnap/compile-cache-iseq/59/cbb407dad4bec8
3678	./tmp/cache/bootsnap/compile-cache-iseq/59/dc16a91fe987b6
3679	./tmp/cache/bootsnap/compile-cache-iseq/59/e174cb549343a4
3680	./tmp/cache/bootsnap/compile-cache-iseq/59/e9c87d54e29007
3681	./tmp/cache/bootsnap/compile-cache-iseq/5a/30e1321891d87b
3682	./tmp/cache/bootsnap/compile-cache-iseq/5a/4190a35efceb5c
3683	./tmp/cache/bootsnap/compile-cache-iseq/5a/4caf1f24a50166
3684	./tmp/cache/bootsnap/compile-cache-iseq/5a/78deab77375654
3685	./tmp/cache/bootsnap/compile-cache-iseq/5a/806c0f292ad3d7
3686	./tmp/cache/bootsnap/compile-cache-iseq/5a/97a875e24484f0
3687	./tmp/cache/bootsnap/compile-cache-iseq/5a/a1606ded6ca6af
3688	./tmp/cache/bootsnap/compile-cache-iseq/5a/a8c0a0360f037f
3689	./tmp/cache/bootsnap/compile-cache-iseq/5a/c592478c1be24c
3690	./tmp/cache/bootsnap/compile-cache-iseq/5a/dd6b4dfcd4b1da
3691	./tmp/cache/bootsnap/compile-cache-iseq/5a/ee777cfffb7d97
3692	./tmp/cache/bootsnap/compile-cache-iseq/5a/eea8348f8c1f9e
3693	./tmp/cache/bootsnap/compile-cache-iseq/5b/0f570abb3c4b4a
3694	./tmp/cache/bootsnap/compile-cache-iseq/5b/14eee857a19047
3695	./tmp/cache/bootsnap/compile-cache-iseq/5b/160679f2544409
3696	./tmp/cache/bootsnap/compile-cache-iseq/5b/46c78d34ce876d
3697	./tmp/cache/bootsnap/compile-cache-iseq/5b/763eae3c65544b
3698	./tmp/cache/bootsnap/compile-cache-iseq/5b/807256f03f7eb7
3699	./tmp/cache/bootsnap/compile-cache-iseq/5b/b112357dd72b58
3700	./tmp/cache/bootsnap/compile-cache-iseq/5b/bd8a4e8a98ad82
3701	./tmp/cache/bootsnap/compile-cache-iseq/5b/cdd1baec3b5f79
3702	./tmp/cache/bootsnap/compile-cache-iseq/5b/d6f9830def0b03
3703	./tmp/cache/bootsnap/compile-cache-iseq/5b/ed64d2b720dc7f
3704	./tmp/cache/bootsnap/compile-cache-iseq/5b/ee9b0d19d758c1
3705	./tmp/cache/bootsnap/compile-cache-iseq/5c/01e5e2e88beb1f
3706	./tmp/cache/bootsnap/compile-cache-iseq/5c/1d8a70fde85be7
3707	./tmp/cache/bootsnap/compile-cache-iseq/5c/496d6f2d4664f2
3708	./tmp/cache/bootsnap/compile-cache-iseq/5c/516d56b0311e5f
3709	./tmp/cache/bootsnap/compile-cache-iseq/5c/5e9ebe4b4cca12
3710	./tmp/cache/bootsnap/compile-cache-iseq/5c/60d7d23a8aa5d5
3711	./tmp/cache/bootsnap/compile-cache-iseq/5c/912fe86e2d4975
3712	./tmp/cache/bootsnap/compile-cache-iseq/5c/a87d4879d0e113
3713	./tmp/cache/bootsnap/compile-cache-iseq/5c/cdf4f110a58b88
3714	./tmp/cache/bootsnap/compile-cache-iseq/5d/187fc14b936c48
3715	./tmp/cache/bootsnap/compile-cache-iseq/5d/39101b95dba5b0
3716	./tmp/cache/bootsnap/compile-cache-iseq/5d/3e2422f5d88ede
3717	./tmp/cache/bootsnap/compile-cache-iseq/5d/5cb9a20068077b
3718	./tmp/cache/bootsnap/compile-cache-iseq/5d/5cc72ac8538c09
3719	./tmp/cache/bootsnap/compile-cache-iseq/5d/6066b525ef90e1
3720	./tmp/cache/bootsnap/compile-cache-iseq/5d/63ea8ddc8ecdc8
3721	./tmp/cache/bootsnap/compile-cache-iseq/5d/8804e684fe2a0d
3722	./tmp/cache/bootsnap/compile-cache-iseq/5d/a3e7f43ff36252
3723	./tmp/cache/bootsnap/compile-cache-iseq/5d/a518396543794e
3724	./tmp/cache/bootsnap/compile-cache-iseq/5d/b2125f7d74c283
3725	./tmp/cache/bootsnap/compile-cache-iseq/5d/b7e746821cd54c
3726	./tmp/cache/bootsnap/compile-cache-iseq/5d/c5b397a80cdd9c
3727	./tmp/cache/bootsnap/compile-cache-iseq/5d/c9c8aa1bc1b207
3728	./tmp/cache/bootsnap/compile-cache-iseq/5d/f92815facdfd21
3729	./tmp/cache/bootsnap/compile-cache-iseq/5e/1f353d9144472c
3730	./tmp/cache/bootsnap/compile-cache-iseq/5e/296c8b4036dd69
3731	./tmp/cache/bootsnap/compile-cache-iseq/5e/2a8afb053c3fed
3732	./tmp/cache/bootsnap/compile-cache-iseq/5e/7b3e90cb60fa18
3733	./tmp/cache/bootsnap/compile-cache-iseq/5e/910cde35ee76d1
3734	./tmp/cache/bootsnap/compile-cache-iseq/5e/a95bae5c92ee41
3735	./tmp/cache/bootsnap/compile-cache-iseq/5e/b5ec0247f0fa2b
3736	./tmp/cache/bootsnap/compile-cache-iseq/5e/d7478c02e66349
3737	./tmp/cache/bootsnap/compile-cache-iseq/5e/da14df4891c8f0
3738	./tmp/cache/bootsnap/compile-cache-iseq/5e/eaae7cf711dee6
3739	./tmp/cache/bootsnap/compile-cache-iseq/5f/7b043984ef4f1f
3740	./tmp/cache/bootsnap/compile-cache-iseq/5f/a1e032867e8a4f
3741	./tmp/cache/bootsnap/compile-cache-iseq/5f/b1b47e4617f119
3742	./tmp/cache/bootsnap/compile-cache-iseq/5f/f4e11fbd47b581
3743	./tmp/cache/bootsnap/compile-cache-iseq/60/13453fdc47f4e0
3744	./tmp/cache/bootsnap/compile-cache-iseq/60/13e4c31e8f67de
3745	./tmp/cache/bootsnap/compile-cache-iseq/60/162d12d4d4f69d
3746	./tmp/cache/bootsnap/compile-cache-iseq/60/2e0c184a07eb33
3747	./tmp/cache/bootsnap/compile-cache-iseq/60/a85bc445e38cb5
3748	./tmp/cache/bootsnap/compile-cache-iseq/60/bb54089fb5e88a
3749	./tmp/cache/bootsnap/compile-cache-iseq/60/d9f3221bbd08bc
3750	./tmp/cache/bootsnap/compile-cache-iseq/60/eef8710bad2737
3751	./tmp/cache/bootsnap/compile-cache-iseq/60/ff11593284ba18
3752	./tmp/cache/bootsnap/compile-cache-iseq/61/0baef7e685df45
3753	./tmp/cache/bootsnap/compile-cache-iseq/61/317204c173b228
3754	./tmp/cache/bootsnap/compile-cache-iseq/61/c3e6a75386916b
3755	./tmp/cache/bootsnap/compile-cache-iseq/61/e63975d2a84dd0
3756	./tmp/cache/bootsnap/compile-cache-iseq/61/ffe6fc9614e1ec
3757	./tmp/cache/bootsnap/compile-cache-iseq/62/0cd539c7466500
3758	./tmp/cache/bootsnap/compile-cache-iseq/62/11b4ce9e536ec8
3759	./tmp/cache/bootsnap/compile-cache-iseq/62/1d6d17f756204c
3760	./tmp/cache/bootsnap/compile-cache-iseq/62/39a7b376fc15f0
3761	./tmp/cache/bootsnap/compile-cache-iseq/62/62338866446af9
3762	./tmp/cache/bootsnap/compile-cache-iseq/62/93e8b4e20af8c9
3763	./tmp/cache/bootsnap/compile-cache-iseq/62/9c976dc31f3d57
3764	./tmp/cache/bootsnap/compile-cache-iseq/62/d9d5ca781f0076
3765	./tmp/cache/bootsnap/compile-cache-iseq/62/fb275339a2350f
3766	./tmp/cache/bootsnap/compile-cache-iseq/62/fe036f6049b9a9
3767	./tmp/cache/bootsnap/compile-cache-iseq/63/0aba5cac8b1b50
3768	./tmp/cache/bootsnap/compile-cache-iseq/63/1e6cb5c8b06b63
3769	./tmp/cache/bootsnap/compile-cache-iseq/63/306d4e71d0b14f
3770	./tmp/cache/bootsnap/compile-cache-iseq/63/3a45a521e54477
3771	./tmp/cache/bootsnap/compile-cache-iseq/63/66dc9231b95813
3772	./tmp/cache/bootsnap/compile-cache-iseq/63/769819df31b34a
3773	./tmp/cache/bootsnap/compile-cache-iseq/63/7fe240e188ef3a
3774	./tmp/cache/bootsnap/compile-cache-iseq/63/985767e982a5d0
3775	./tmp/cache/bootsnap/compile-cache-iseq/63/9e3743b6d3c46d
3776	./tmp/cache/bootsnap/compile-cache-iseq/63/a36cd6d727b809
3777	./tmp/cache/bootsnap/compile-cache-iseq/63/b96acf70777907
3778	./tmp/cache/bootsnap/compile-cache-iseq/63/f8844c59f30360
3779	./tmp/cache/bootsnap/compile-cache-iseq/63/fec29d72cc2f6a
3780	./tmp/cache/bootsnap/compile-cache-iseq/64/0c5c1f4b246f75
3781	./tmp/cache/bootsnap/compile-cache-iseq/64/14ed5c512cf56f
3782	./tmp/cache/bootsnap/compile-cache-iseq/64/473190cadd3058
3783	./tmp/cache/bootsnap/compile-cache-iseq/64/594e1a041d2a05
3784	./tmp/cache/bootsnap/compile-cache-iseq/64/6ce3d9fc25d3fe
3785	./tmp/cache/bootsnap/compile-cache-iseq/64/7282a21f7d2904
3786	./tmp/cache/bootsnap/compile-cache-iseq/64/78cdd038753e66
3787	./tmp/cache/bootsnap/compile-cache-iseq/64/81e29fd0004910
3788	./tmp/cache/bootsnap/compile-cache-iseq/64/821e7e699cb9e9
3789	./tmp/cache/bootsnap/compile-cache-iseq/65/1fa5e7c299dd49
3790	./tmp/cache/bootsnap/compile-cache-iseq/65/6c6521d1152d70
3791	./tmp/cache/bootsnap/compile-cache-iseq/65/841599c1540b8e
3792	./tmp/cache/bootsnap/compile-cache-iseq/65/9ec0ad927bf6f9
3793	./tmp/cache/bootsnap/compile-cache-iseq/65/a9a3fe6637cd34
3794	./tmp/cache/bootsnap/compile-cache-iseq/65/bb5bd118f51f7d
3795	./tmp/cache/bootsnap/compile-cache-iseq/65/bd149c25427d31
3796	./tmp/cache/bootsnap/compile-cache-iseq/65/d4e10a8568c0e7
3797	./tmp/cache/bootsnap/compile-cache-iseq/65/edb44a27e30fea
3798	./tmp/cache/bootsnap/compile-cache-iseq/66/0729df1f13e8e0
3799	./tmp/cache/bootsnap/compile-cache-iseq/66/24b044ce176a44
3800	./tmp/cache/bootsnap/compile-cache-iseq/66/2a49cafe2ec0e8
3801	./tmp/cache/bootsnap/compile-cache-iseq/66/312af1c97afa62
3802	./tmp/cache/bootsnap/compile-cache-iseq/66/3838a865924a43
3803	./tmp/cache/bootsnap/compile-cache-iseq/66/54156932b71c82
3804	./tmp/cache/bootsnap/compile-cache-iseq/66/6234f4c2bc9007
3805	./tmp/cache/bootsnap/compile-cache-iseq/66/6c74f0c65198b2
3806	./tmp/cache/bootsnap/compile-cache-iseq/66/71417ad405ed39
3807	./tmp/cache/bootsnap/compile-cache-iseq/66/9ec9135bde1c49
3808	./tmp/cache/bootsnap/compile-cache-iseq/66/b1d8945fcbfdb7
3809	./tmp/cache/bootsnap/compile-cache-iseq/66/cae65500a3b4f3
3810	./tmp/cache/bootsnap/compile-cache-iseq/66/dba6478d1c3494
3811	./tmp/cache/bootsnap/compile-cache-iseq/67/2f580853f935c3
3812	./tmp/cache/bootsnap/compile-cache-iseq/67/64dda87275502e
3813	./tmp/cache/bootsnap/compile-cache-iseq/67/9648c841f8d38b
3814	./tmp/cache/bootsnap/compile-cache-iseq/67/a310a6aedcd218
3815	./tmp/cache/bootsnap/compile-cache-iseq/68/35a8e1c2eac9cb
3816	./tmp/cache/bootsnap/compile-cache-iseq/68/45b2bf2877c561
3817	./tmp/cache/bootsnap/compile-cache-iseq/68/64f62ff983b781
3818	./tmp/cache/bootsnap/compile-cache-iseq/68/9f5c2afe30ef43
3819	./tmp/cache/bootsnap/compile-cache-iseq/68/a55e27914dbd41
3820	./tmp/cache/bootsnap/compile-cache-iseq/68/ac568815da80db
3821	./tmp/cache/bootsnap/compile-cache-iseq/69/0dcb8eea3f343e
3822	./tmp/cache/bootsnap/compile-cache-iseq/69/3281bc44abe21b
3823	./tmp/cache/bootsnap/compile-cache-iseq/69/4a50201b12aafd
3824	./tmp/cache/bootsnap/compile-cache-iseq/69/6d7b1ca5fc2184
3825	./tmp/cache/bootsnap/compile-cache-iseq/69/82f1b375c255ea
3826	./tmp/cache/bootsnap/compile-cache-iseq/69/8605b601cdc536
3827	./tmp/cache/bootsnap/compile-cache-iseq/69/a24d0981d665db
3828	./tmp/cache/bootsnap/compile-cache-iseq/69/c54e1eed991701
3829	./tmp/cache/bootsnap/compile-cache-iseq/69/c7be89b4e0f15a
3830	./tmp/cache/bootsnap/compile-cache-iseq/69/d233b526600465
3831	./tmp/cache/bootsnap/compile-cache-iseq/69/e17f2f45c16afb
3832	./tmp/cache/bootsnap/compile-cache-iseq/69/fd02ed95dde872
3833	./tmp/cache/bootsnap/compile-cache-iseq/6a/2307ab44f615a3
3834	./tmp/cache/bootsnap/compile-cache-iseq/6a/27f7660c773e3e
3835	./tmp/cache/bootsnap/compile-cache-iseq/6a/4ee5efc32db51f
3836	./tmp/cache/bootsnap/compile-cache-iseq/6a/6d5b5f14a8cd4a
3837	./tmp/cache/bootsnap/compile-cache-iseq/6a/9870ec70ff62a3
3838	./tmp/cache/bootsnap/compile-cache-iseq/6a/a4540f9d75b365
3839	./tmp/cache/bootsnap/compile-cache-iseq/6a/cfebe30450df91
3840	./tmp/cache/bootsnap/compile-cache-iseq/6b/0fba3adc24db27
3841	./tmp/cache/bootsnap/compile-cache-iseq/6b/1f9848ee386944
3842	./tmp/cache/bootsnap/compile-cache-iseq/6b/22f94ac9aebb60
3843	./tmp/cache/bootsnap/compile-cache-iseq/6b/29621815e55056
3844	./tmp/cache/bootsnap/compile-cache-iseq/6b/55559b26c4dd2f
3845	./tmp/cache/bootsnap/compile-cache-iseq/6b/59fe05cf5aeb5b
3846	./tmp/cache/bootsnap/compile-cache-iseq/6b/7fc06a2083710f
3847	./tmp/cache/bootsnap/compile-cache-iseq/6b/8d06bde231ee2b
3848	./tmp/cache/bootsnap/compile-cache-iseq/6b/9fd22aab18519d
3849	./tmp/cache/bootsnap/compile-cache-iseq/6b/9fd5e7997cec00
3850	./tmp/cache/bootsnap/compile-cache-iseq/6b/b04cd15c19c1ba
3851	./tmp/cache/bootsnap/compile-cache-iseq/6b/b11ea231aa49c1
3852	./tmp/cache/bootsnap/compile-cache-iseq/6b/c9567c4ebb4d3f
3853	./tmp/cache/bootsnap/compile-cache-iseq/6c/05a5bfd0a97554
3854	./tmp/cache/bootsnap/compile-cache-iseq/6c/2a3c616b2ec3a7
3855	./tmp/cache/bootsnap/compile-cache-iseq/6c/33bef91d5d29d3
3856	./tmp/cache/bootsnap/compile-cache-iseq/6c/49f3ded36cfe85
3857	./tmp/cache/bootsnap/compile-cache-iseq/6c/52baf4217229a2
3858	./tmp/cache/bootsnap/compile-cache-iseq/6c/743d23a829fa3d
3859	./tmp/cache/bootsnap/compile-cache-iseq/6c/77db9bc34969a9
3860	./tmp/cache/bootsnap/compile-cache-iseq/6c/785dddfe3a9284
3861	./tmp/cache/bootsnap/compile-cache-iseq/6c/c3ad2819f45879
3862	./tmp/cache/bootsnap/compile-cache-iseq/6d/3fbc99be2aa1a4
3863	./tmp/cache/bootsnap/compile-cache-iseq/6d/5a51fb49ec3d92
3864	./tmp/cache/bootsnap/compile-cache-iseq/6d/69788c1cf00760
3865	./tmp/cache/bootsnap/compile-cache-iseq/6d/6c5f3bd3350b90
3866	./tmp/cache/bootsnap/compile-cache-iseq/6d/8294c8385463bc
3867	./tmp/cache/bootsnap/compile-cache-iseq/6d/9264dd9fbff233
3868	./tmp/cache/bootsnap/compile-cache-iseq/6d/ef644ea22765d8
3869	./tmp/cache/bootsnap/compile-cache-iseq/6d/efba09d6f3fd56
3870	./tmp/cache/bootsnap/compile-cache-iseq/6e/0146005dbe83fe
3871	./tmp/cache/bootsnap/compile-cache-iseq/6e/080a85672eadff
3872	./tmp/cache/bootsnap/compile-cache-iseq/6e/426549b4352ba1
3873	./tmp/cache/bootsnap/compile-cache-iseq/6e/48bff76d8e3e51
3874	./tmp/cache/bootsnap/compile-cache-iseq/6e/5114eae4bc2b48
3875	./tmp/cache/bootsnap/compile-cache-iseq/6e/8968886685f71e
3876	./tmp/cache/bootsnap/compile-cache-iseq/6e/af8c5889294213
3877	./tmp/cache/bootsnap/compile-cache-iseq/6e/bbd741a1c91e58
3878	./tmp/cache/bootsnap/compile-cache-iseq/6e/bfb7d3494f30ed
3879	./tmp/cache/bootsnap/compile-cache-iseq/6e/d453aac2cb2e87
3880	./tmp/cache/bootsnap/compile-cache-iseq/6e/e0ea5b15ecd632
3881	./tmp/cache/bootsnap/compile-cache-iseq/6e/eb45f52c65bf58
3882	./tmp/cache/bootsnap/compile-cache-iseq/6f/1d99924252c91a
3883	./tmp/cache/bootsnap/compile-cache-iseq/6f/260cb1834d0427
3884	./tmp/cache/bootsnap/compile-cache-iseq/6f/2e7c9106828376
3885	./tmp/cache/bootsnap/compile-cache-iseq/6f/34149bf2c4ee4d
3886	./tmp/cache/bootsnap/compile-cache-iseq/6f/418e60d8d8e873
3887	./tmp/cache/bootsnap/compile-cache-iseq/6f/50efbeec211507
3888	./tmp/cache/bootsnap/compile-cache-iseq/6f/5b264032b2a460
3889	./tmp/cache/bootsnap/compile-cache-iseq/6f/6067b7836291e2
3890	./tmp/cache/bootsnap/compile-cache-iseq/6f/80d4a8e98d28fe
3891	./tmp/cache/bootsnap/compile-cache-iseq/6f/9baeb1013af74a
3892	./tmp/cache/bootsnap/compile-cache-iseq/6f/f537c266beff0b
3893	./tmp/cache/bootsnap/compile-cache-iseq/6f/ffb65888953ddb
3894	./tmp/cache/bootsnap/compile-cache-iseq/70/0271a840fe687c
3895	./tmp/cache/bootsnap/compile-cache-iseq/70/1b953ecd72bc39
3896	./tmp/cache/bootsnap/compile-cache-iseq/70/20c4fc9a1a41b5
3897	./tmp/cache/bootsnap/compile-cache-iseq/70/2a053ec38f0261
3898	./tmp/cache/bootsnap/compile-cache-iseq/70/3ca4752386136e
3899	./tmp/cache/bootsnap/compile-cache-iseq/70/5f608cb0509c66
3900	./tmp/cache/bootsnap/compile-cache-iseq/70/6d89cc7f01178a
3901	./tmp/cache/bootsnap/compile-cache-iseq/70/75f36d4b6af7df
3902	./tmp/cache/bootsnap/compile-cache-iseq/70/8a231753d182e9
3903	./tmp/cache/bootsnap/compile-cache-iseq/70/8a3342990dbd7d
3904	./tmp/cache/bootsnap/compile-cache-iseq/70/8c2eb6cc9641d1
3905	./tmp/cache/bootsnap/compile-cache-iseq/70/a684a6bea21fd6
3906	./tmp/cache/bootsnap/compile-cache-iseq/70/c4430eae2366a7
3907	./tmp/cache/bootsnap/compile-cache-iseq/70/fa2a9685233aea
3908	./tmp/cache/bootsnap/compile-cache-iseq/71/208724b433da32
3909	./tmp/cache/bootsnap/compile-cache-iseq/71/27eec7a74c7a8c
3910	./tmp/cache/bootsnap/compile-cache-iseq/71/35f4a0aeeb1723
3911	./tmp/cache/bootsnap/compile-cache-iseq/71/65e9bb925dcf32
3912	./tmp/cache/bootsnap/compile-cache-iseq/71/81fb6fac207c8f
3913	./tmp/cache/bootsnap/compile-cache-iseq/71/bf0c7a4bca494c
3914	./tmp/cache/bootsnap/compile-cache-iseq/71/de6a91ccbfda52
3915	./tmp/cache/bootsnap/compile-cache-iseq/71/f62ba240c83e3b
3916	./tmp/cache/bootsnap/compile-cache-iseq/72/1d8b0af00f2617
3917	./tmp/cache/bootsnap/compile-cache-iseq/72/2db6ee0893f8a0
3918	./tmp/cache/bootsnap/compile-cache-iseq/72/5554ddcb11102c
3919	./tmp/cache/bootsnap/compile-cache-iseq/72/5f2367a00a8938
3920	./tmp/cache/bootsnap/compile-cache-iseq/72/6422ed41b43ad5
3921	./tmp/cache/bootsnap/compile-cache-iseq/72/84d70288508680
3922	./tmp/cache/bootsnap/compile-cache-iseq/72/a48122e875c9cb
3923	./tmp/cache/bootsnap/compile-cache-iseq/72/f831e9bf7d2ede
3924	./tmp/cache/bootsnap/compile-cache-iseq/72/f9002b36f31af6
3925	./tmp/cache/bootsnap/compile-cache-iseq/73/054c326143b427
3926	./tmp/cache/bootsnap/compile-cache-iseq/73/296e939cc069fa
3927	./tmp/cache/bootsnap/compile-cache-iseq/73/2d403e5552af3d
3928	./tmp/cache/bootsnap/compile-cache-iseq/73/50f26921014b07
3929	./tmp/cache/bootsnap/compile-cache-iseq/73/5e58e3c4fa5ce5
3930	./tmp/cache/bootsnap/compile-cache-iseq/73/66a1ce788fcb44
3931	./tmp/cache/bootsnap/compile-cache-iseq/73/77807eb5cfeef4
3932	./tmp/cache/bootsnap/compile-cache-iseq/73/8278f887e36cf7
3933	./tmp/cache/bootsnap/compile-cache-iseq/73/9026877eb620ec
3934	./tmp/cache/bootsnap/compile-cache-iseq/73/a6c179db6f68a4
3935	./tmp/cache/bootsnap/compile-cache-iseq/73/c6ee6f74a60ed5
3936	./tmp/cache/bootsnap/compile-cache-iseq/73/d4dec159df8c18
3937	./tmp/cache/bootsnap/compile-cache-iseq/73/dbe63d170cf2fd
3938	./tmp/cache/bootsnap/compile-cache-iseq/73/f5c856f614beed
3939	./tmp/cache/bootsnap/compile-cache-iseq/73/fa893c0df1072a
3940	./tmp/cache/bootsnap/compile-cache-iseq/74/0b8d925afa85e9
3941	./tmp/cache/bootsnap/compile-cache-iseq/74/612ac8532ab987
3942	./tmp/cache/bootsnap/compile-cache-iseq/74/bab353979cdf1b
3943	./tmp/cache/bootsnap/compile-cache-iseq/74/d7433504131ee2
3944	./tmp/cache/bootsnap/compile-cache-iseq/74/d773c83b29374d
3945	./tmp/cache/bootsnap/compile-cache-iseq/75/412f5f24080457
3946	./tmp/cache/bootsnap/compile-cache-iseq/75/46553597ff2ebe
3947	./tmp/cache/bootsnap/compile-cache-iseq/75/4956aaacea05b8
3948	./tmp/cache/bootsnap/compile-cache-iseq/75/4de4a76315b56b
3949	./tmp/cache/bootsnap/compile-cache-iseq/75/83c9146285d0c0
3950	./tmp/cache/bootsnap/compile-cache-iseq/75/8f49e74bb5cb70
3951	./tmp/cache/bootsnap/compile-cache-iseq/75/c3ad4ed3a2da52
3952	./tmp/cache/bootsnap/compile-cache-iseq/75/c41d63ac60f61e
3953	./tmp/cache/bootsnap/compile-cache-iseq/75/fc60d4932aba94
3954	./tmp/cache/bootsnap/compile-cache-iseq/76/080d516c44caa9
3955	./tmp/cache/bootsnap/compile-cache-iseq/76/2b89131b135749
3956	./tmp/cache/bootsnap/compile-cache-iseq/76/4beb52fd8be6aa
3957	./tmp/cache/bootsnap/compile-cache-iseq/76/5a7d08daebba23
3958	./tmp/cache/bootsnap/compile-cache-iseq/76/8e7aea1e084267
3959	./tmp/cache/bootsnap/compile-cache-iseq/76/c21640d51785f4
3960	./tmp/cache/bootsnap/compile-cache-iseq/76/c59acdba4feb8d
3961	./tmp/cache/bootsnap/compile-cache-iseq/76/e920ee40be09f5
3962	./tmp/cache/bootsnap/compile-cache-iseq/76/eded757d525336
3963	./tmp/cache/bootsnap/compile-cache-iseq/76/f91592c242ec14
3964	./tmp/cache/bootsnap/compile-cache-iseq/77/0a01bc9a2e97d1
3965	./tmp/cache/bootsnap/compile-cache-iseq/77/0c79e570f7a867
3966	./tmp/cache/bootsnap/compile-cache-iseq/77/38f7fec3461627
3967	./tmp/cache/bootsnap/compile-cache-iseq/77/3aa5762b861a9f
3968	./tmp/cache/bootsnap/compile-cache-iseq/77/604c43de20e88e
3969	./tmp/cache/bootsnap/compile-cache-iseq/77/63f44f5dbfad6f
3970	./tmp/cache/bootsnap/compile-cache-iseq/77/839c877a2643cc
3971	./tmp/cache/bootsnap/compile-cache-iseq/77/c46b4e94762d83
3972	./tmp/cache/bootsnap/compile-cache-iseq/77/c9ceaf04a694fb
3973	./tmp/cache/bootsnap/compile-cache-iseq/77/e64d78d20d4172
3974	./tmp/cache/bootsnap/compile-cache-iseq/78/0724d40ccdd591
3975	./tmp/cache/bootsnap/compile-cache-iseq/78/080f8fac581ab8
3976	./tmp/cache/bootsnap/compile-cache-iseq/78/13f3ff542301b1
3977	./tmp/cache/bootsnap/compile-cache-iseq/78/1ee99a692d1a54
3978	./tmp/cache/bootsnap/compile-cache-iseq/78/22c0d3ab268308
3979	./tmp/cache/bootsnap/compile-cache-iseq/78/4a91065fa38b16
3980	./tmp/cache/bootsnap/compile-cache-iseq/78/4c145de20f21ce
3981	./tmp/cache/bootsnap/compile-cache-iseq/78/58b4a01974ef4b
3982	./tmp/cache/bootsnap/compile-cache-iseq/78/633abbe72670db
3983	./tmp/cache/bootsnap/compile-cache-iseq/78/7ac2eb50dc621d
3984	./tmp/cache/bootsnap/compile-cache-iseq/78/82d2f6fbe0a951
3985	./tmp/cache/bootsnap/compile-cache-iseq/78/8451cf67ab9371
3986	./tmp/cache/bootsnap/compile-cache-iseq/78/8f6c0cae13bcaa
3987	./tmp/cache/bootsnap/compile-cache-iseq/78/cce2e7afe80fd3
3988	./tmp/cache/bootsnap/compile-cache-iseq/79/135bd3e02301ff
3989	./tmp/cache/bootsnap/compile-cache-iseq/79/28158c80412060
3990	./tmp/cache/bootsnap/compile-cache-iseq/79/2ddd8e2d9a37f9
3991	./tmp/cache/bootsnap/compile-cache-iseq/79/31d74d91e5446e
3992	./tmp/cache/bootsnap/compile-cache-iseq/79/41f818aadca3c5
3993	./tmp/cache/bootsnap/compile-cache-iseq/79/593335bc7bc0a2
3994	./tmp/cache/bootsnap/compile-cache-iseq/79/630e28ef865aff
3995	./tmp/cache/bootsnap/compile-cache-iseq/79/8d2acd91a87589
3996	./tmp/cache/bootsnap/compile-cache-iseq/79/a0f5b31ff340f8
3997	./tmp/cache/bootsnap/compile-cache-iseq/79/ad5029bce577f1
3998	./tmp/cache/bootsnap/compile-cache-iseq/79/b59a7b286361ff
3999	./tmp/cache/bootsnap/compile-cache-iseq/79/cf7b1d9ac5ce5a
4000	./tmp/cache/bootsnap/compile-cache-iseq/79/f980f314bfc5ef
4001	./tmp/cache/bootsnap/compile-cache-iseq/7a/0040e608775e17
4002	./tmp/cache/bootsnap/compile-cache-iseq/7a/4be08d0fac3fd2
4003	./tmp/cache/bootsnap/compile-cache-iseq/7a/5e6d74d4df64ee
4004	./tmp/cache/bootsnap/compile-cache-iseq/7a/ac8719461d5e5f
4005	./tmp/cache/bootsnap/compile-cache-iseq/7a/b5ad716ef7bf97
4006	./tmp/cache/bootsnap/compile-cache-iseq/7a/cd610359e8efcb
4007	./tmp/cache/bootsnap/compile-cache-iseq/7b/30e664c3660f72
4008	./tmp/cache/bootsnap/compile-cache-iseq/7b/452d601ec49357
4009	./tmp/cache/bootsnap/compile-cache-iseq/7b/5842206feff9f8
4010	./tmp/cache/bootsnap/compile-cache-iseq/7b/5af7393a549628
4011	./tmp/cache/bootsnap/compile-cache-iseq/7b/5b9b0c0c3552ee
4012	./tmp/cache/bootsnap/compile-cache-iseq/7b/6b496a25738234
4013	./tmp/cache/bootsnap/compile-cache-iseq/7b/9316d1c9bc055a
4014	./tmp/cache/bootsnap/compile-cache-iseq/7b/d33f785201427d
4015	./tmp/cache/bootsnap/compile-cache-iseq/7b/de938cb91b9aa0
4016	./tmp/cache/bootsnap/compile-cache-iseq/7b/dfd6469ee9a911
4017	./tmp/cache/bootsnap/compile-cache-iseq/7b/f5b4a04fc4517e
4018	./tmp/cache/bootsnap/compile-cache-iseq/7b/fce58b9d0d45ab
4019	./tmp/cache/bootsnap/compile-cache-iseq/7b/fe28bdae87b8ba
4020	./tmp/cache/bootsnap/compile-cache-iseq/7c/35b3ddcad45bd9
4021	./tmp/cache/bootsnap/compile-cache-iseq/7c/813cfcdf584480
4022	./tmp/cache/bootsnap/compile-cache-iseq/7c/a55cdb8f269b1c
4023	./tmp/cache/bootsnap/compile-cache-iseq/7c/a6cbd5cbc62e4d
4024	./tmp/cache/bootsnap/compile-cache-iseq/7c/a739d7911a5071
4025	./tmp/cache/bootsnap/compile-cache-iseq/7c/bdbe4dfdf41c76
4026	./tmp/cache/bootsnap/compile-cache-iseq/7c/d3c5ec0c42796f
4027	./tmp/cache/bootsnap/compile-cache-iseq/7c/d414bac5da2c21
4028	./tmp/cache/bootsnap/compile-cache-iseq/7c/e81a4c7b69a417
4029	./tmp/cache/bootsnap/compile-cache-iseq/7c/ff9ce6304ad736
4030	./tmp/cache/bootsnap/compile-cache-iseq/7d/01e85bd264387b
4031	./tmp/cache/bootsnap/compile-cache-iseq/7d/0531d2a391adeb
4032	./tmp/cache/bootsnap/compile-cache-iseq/7d/2338cbf087039a
4033	./tmp/cache/bootsnap/compile-cache-iseq/7d/2fd46f0d93221e
4034	./tmp/cache/bootsnap/compile-cache-iseq/7d/4e74778224b855
4035	./tmp/cache/bootsnap/compile-cache-iseq/7d/537ebbc4cc483d
4036	./tmp/cache/bootsnap/compile-cache-iseq/7d/5601ae7900213d
4037	./tmp/cache/bootsnap/compile-cache-iseq/7d/924e39fb24c500
4038	./tmp/cache/bootsnap/compile-cache-iseq/7d/9a25f72391f5c4
4039	./tmp/cache/bootsnap/compile-cache-iseq/7d/9df75fedd460df
4040	./tmp/cache/bootsnap/compile-cache-iseq/7d/f4875694d47bf3
4041	./tmp/cache/bootsnap/compile-cache-iseq/7e/0098b0737c5d26
4042	./tmp/cache/bootsnap/compile-cache-iseq/7e/332672d66c8872
4043	./tmp/cache/bootsnap/compile-cache-iseq/7e/40ea7d19b9f7c2
4044	./tmp/cache/bootsnap/compile-cache-iseq/7e/43bd50b5ba7a76
4045	./tmp/cache/bootsnap/compile-cache-iseq/7e/7527dcca692faa
4046	./tmp/cache/bootsnap/compile-cache-iseq/7e/a13362f1cbd7be
4047	./tmp/cache/bootsnap/compile-cache-iseq/7e/a80042252cd80b
4048	./tmp/cache/bootsnap/compile-cache-iseq/7e/ac58d1723b5dc2
4049	./tmp/cache/bootsnap/compile-cache-iseq/7e/ae8db1f659870e
4050	./tmp/cache/bootsnap/compile-cache-iseq/7e/b30a616800c7d0
4051	./tmp/cache/bootsnap/compile-cache-iseq/7e/d3af207183e40e
4052	./tmp/cache/bootsnap/compile-cache-iseq/7e/df91b1767e9146
4053	./tmp/cache/bootsnap/compile-cache-iseq/7e/e5a722c755fb5f
4054	./tmp/cache/bootsnap/compile-cache-iseq/7e/f9d89597423d5c
4055	./tmp/cache/bootsnap/compile-cache-iseq/7f/68de5c4a3d1a7a
4056	./tmp/cache/bootsnap/compile-cache-iseq/7f/6dbf6e1e7ba851
4057	./tmp/cache/bootsnap/compile-cache-iseq/7f/78af5a7e65c197
4058	./tmp/cache/bootsnap/compile-cache-iseq/7f/791331898d24e7
4059	./tmp/cache/bootsnap/compile-cache-iseq/7f/82dd455f6f0c11
4060	./tmp/cache/bootsnap/compile-cache-iseq/7f/a0cfb5bda1770e
4061	./tmp/cache/bootsnap/compile-cache-iseq/7f/bb3ef3418fc873
4062	./tmp/cache/bootsnap/compile-cache-iseq/7f/c097d67d12ab4c
4063	./tmp/cache/bootsnap/compile-cache-iseq/7f/d024be39b0b7c3
4064	./tmp/cache/bootsnap/compile-cache-iseq/7f/e450132cce0910
4065	./tmp/cache/bootsnap/compile-cache-iseq/80/0783143a7f7ed9
4066	./tmp/cache/bootsnap/compile-cache-iseq/80/0a7578a15634ac
4067	./tmp/cache/bootsnap/compile-cache-iseq/80/116e1527121b33
4068	./tmp/cache/bootsnap/compile-cache-iseq/80/1849f885bd0460
4069	./tmp/cache/bootsnap/compile-cache-iseq/80/333072456a70d1
4070	./tmp/cache/bootsnap/compile-cache-iseq/80/3b7ee9add80cdc
4071	./tmp/cache/bootsnap/compile-cache-iseq/80/6b39d84717900e
4072	./tmp/cache/bootsnap/compile-cache-iseq/80/88cd07fc630416
4073	./tmp/cache/bootsnap/compile-cache-iseq/80/9146959cb82ac8
4074	./tmp/cache/bootsnap/compile-cache-iseq/80/a1642a1129a0dd
4075	./tmp/cache/bootsnap/compile-cache-iseq/80/aa1e41fa6761d3
4076	./tmp/cache/bootsnap/compile-cache-iseq/80/c3f548d29c6739
4077	./tmp/cache/bootsnap/compile-cache-iseq/80/c5e1b374174c4d
4078	./tmp/cache/bootsnap/compile-cache-iseq/80/cb2759468aa330
4079	./tmp/cache/bootsnap/compile-cache-iseq/80/d0f5eb57f6c267
4080	./tmp/cache/bootsnap/compile-cache-iseq/80/dae4e4dad17157
4081	./tmp/cache/bootsnap/compile-cache-iseq/80/eafa47114f44ef
4082	./tmp/cache/bootsnap/compile-cache-iseq/80/fc9da8b69e7bd4
4083	./tmp/cache/bootsnap/compile-cache-iseq/81/035c33b8c04723
4084	./tmp/cache/bootsnap/compile-cache-iseq/81/2d1947bb415929
4085	./tmp/cache/bootsnap/compile-cache-iseq/81/73cd1d47980115
4086	./tmp/cache/bootsnap/compile-cache-iseq/81/a7e1aeb8d48504
4087	./tmp/cache/bootsnap/compile-cache-iseq/81/aaef9f398ce4df
4088	./tmp/cache/bootsnap/compile-cache-iseq/81/fe56f642b85e12
4089	./tmp/cache/bootsnap/compile-cache-iseq/82/007d1c16bca83e
4090	./tmp/cache/bootsnap/compile-cache-iseq/82/179eac3c7b4049
4091	./tmp/cache/bootsnap/compile-cache-iseq/82/1da44b78d12981
4092	./tmp/cache/bootsnap/compile-cache-iseq/82/2eefe813db71b8
4093	./tmp/cache/bootsnap/compile-cache-iseq/82/34b34519cd95c5
4094	./tmp/cache/bootsnap/compile-cache-iseq/82/37b18176dbe6e7
4095	./tmp/cache/bootsnap/compile-cache-iseq/82/5e2fa308020c41
4096	./tmp/cache/bootsnap/compile-cache-iseq/82/7bd8863ac5737d
4097	./tmp/cache/bootsnap/compile-cache-iseq/82/7ff915f9f08bf6
4098	./tmp/cache/bootsnap/compile-cache-iseq/82/87efb5750b4acf
4099	./tmp/cache/bootsnap/compile-cache-iseq/82/95c68a13b54a35
4100	./tmp/cache/bootsnap/compile-cache-iseq/82/ab147416660c6a
4101	./tmp/cache/bootsnap/compile-cache-iseq/82/c5ba06aa60b851
4102	./tmp/cache/bootsnap/compile-cache-iseq/82/e859deb057ab90
4103	./tmp/cache/bootsnap/compile-cache-iseq/83/173230dbb2c537
4104	./tmp/cache/bootsnap/compile-cache-iseq/83/1d2efeb426d303
4105	./tmp/cache/bootsnap/compile-cache-iseq/83/34aff18a5c9bc0
4106	./tmp/cache/bootsnap/compile-cache-iseq/83/544f674168dd0d
4107	./tmp/cache/bootsnap/compile-cache-iseq/83/6d7e10523aa245
4108	./tmp/cache/bootsnap/compile-cache-iseq/83/81bec058d8e32a
4109	./tmp/cache/bootsnap/compile-cache-iseq/84/25d3c60a5c5554
4110	./tmp/cache/bootsnap/compile-cache-iseq/84/4330e2e43b6650
4111	./tmp/cache/bootsnap/compile-cache-iseq/84/4484284641a5af
4112	./tmp/cache/bootsnap/compile-cache-iseq/84/81970e500d8632
4113	./tmp/cache/bootsnap/compile-cache-iseq/84/8201f0a050da9f
4114	./tmp/cache/bootsnap/compile-cache-iseq/84/a17f5e1b11bfe5
4115	./tmp/cache/bootsnap/compile-cache-iseq/84/ac7c94babdeb75
4116	./tmp/cache/bootsnap/compile-cache-iseq/84/c671ca91dc8ef4
4117	./tmp/cache/bootsnap/compile-cache-iseq/84/cf59587120f4ab
4118	./tmp/cache/bootsnap/compile-cache-iseq/84/f49007c62443d9
4119	./tmp/cache/bootsnap/compile-cache-iseq/85/36b13e2202a7b0
4120	./tmp/cache/bootsnap/compile-cache-iseq/85/561af922e27ea2
4121	./tmp/cache/bootsnap/compile-cache-iseq/85/d14752d267ed58
4122	./tmp/cache/bootsnap/compile-cache-iseq/85/ddccf9669d9756
4123	./tmp/cache/bootsnap/compile-cache-iseq/85/f7b0fbfe87c4c8
4124	./tmp/cache/bootsnap/compile-cache-iseq/86/1b811f4c6acf05
4125	./tmp/cache/bootsnap/compile-cache-iseq/86/30c36e79231f47
4126	./tmp/cache/bootsnap/compile-cache-iseq/86/74f75ec03027f0
4127	./tmp/cache/bootsnap/compile-cache-iseq/86/a18d091d9e032c
4128	./tmp/cache/bootsnap/compile-cache-iseq/86/ad4a772bfdf872
4129	./tmp/cache/bootsnap/compile-cache-iseq/86/b903ff4d703293
4130	./tmp/cache/bootsnap/compile-cache-iseq/86/dac6a56b273880
4131	./tmp/cache/bootsnap/compile-cache-iseq/86/e6aa65aa9d0782
4132	./tmp/cache/bootsnap/compile-cache-iseq/86/fb63d7b6ae2767
4133	./tmp/cache/bootsnap/compile-cache-iseq/86/ff38585dbc57a0
4134	./tmp/cache/bootsnap/compile-cache-iseq/87/164dfeaf593aee
4135	./tmp/cache/bootsnap/compile-cache-iseq/87/1b559081e54bbe
4136	./tmp/cache/bootsnap/compile-cache-iseq/87/2ee6467081d2e4
4137	./tmp/cache/bootsnap/compile-cache-iseq/87/3a9be7ef270527
4138	./tmp/cache/bootsnap/compile-cache-iseq/87/401c44affee099
4139	./tmp/cache/bootsnap/compile-cache-iseq/87/44649fb9931c2b
4140	./tmp/cache/bootsnap/compile-cache-iseq/87/571f40bfa02ce7
4141	./tmp/cache/bootsnap/compile-cache-iseq/87/5d72c4f13b5184
4142	./tmp/cache/bootsnap/compile-cache-iseq/87/abafca9f0770df
4143	./tmp/cache/bootsnap/compile-cache-iseq/87/aef21d05812b34
4144	./tmp/cache/bootsnap/compile-cache-iseq/87/b30e412316d8d7
4145	./tmp/cache/bootsnap/compile-cache-iseq/87/d12f94515b7b9b
4146	./tmp/cache/bootsnap/compile-cache-iseq/87/e17a6db98929f5
4147	./tmp/cache/bootsnap/compile-cache-iseq/87/e25e0f8fe97b1c
4148	./tmp/cache/bootsnap/compile-cache-iseq/87/fa101fe42ac948
4149	./tmp/cache/bootsnap/compile-cache-iseq/88/030962950f4741
4150	./tmp/cache/bootsnap/compile-cache-iseq/88/07e43d4ea994cd
4151	./tmp/cache/bootsnap/compile-cache-iseq/88/1e51de974a44f6
4152	./tmp/cache/bootsnap/compile-cache-iseq/88/29c32fa9d43e37
4153	./tmp/cache/bootsnap/compile-cache-iseq/88/45f0c5de6d4d5b
4154	./tmp/cache/bootsnap/compile-cache-iseq/88/99d5330b7135b8
4155	./tmp/cache/bootsnap/compile-cache-iseq/88/b013f94b773e4f
4156	./tmp/cache/bootsnap/compile-cache-iseq/88/ecbd6208e0eeeb
4157	./tmp/cache/bootsnap/compile-cache-iseq/89/2643e9d797c445
4158	./tmp/cache/bootsnap/compile-cache-iseq/89/511447610ac64e
4159	./tmp/cache/bootsnap/compile-cache-iseq/89/54a9a9d69ebbdb
4160	./tmp/cache/bootsnap/compile-cache-iseq/89/aec345d5d96b13
4161	./tmp/cache/bootsnap/compile-cache-iseq/89/d53e0dec6317a3
4162	./tmp/cache/bootsnap/compile-cache-iseq/89/fa53d0c469a953
4163	./tmp/cache/bootsnap/compile-cache-iseq/8a/01855b796f35a8
4164	./tmp/cache/bootsnap/compile-cache-iseq/8a/4544c4340e1362
4165	./tmp/cache/bootsnap/compile-cache-iseq/8a/56de9b2066465e
4166	./tmp/cache/bootsnap/compile-cache-iseq/8a/57d1d6f0e2bdd1
4167	./tmp/cache/bootsnap/compile-cache-iseq/8a/634ec69d204449
4168	./tmp/cache/bootsnap/compile-cache-iseq/8a/851715feeb3b58
4169	./tmp/cache/bootsnap/compile-cache-iseq/8a/87177bfe7fd97f
4170	./tmp/cache/bootsnap/compile-cache-iseq/8a/93c5a81562272e
4171	./tmp/cache/bootsnap/compile-cache-iseq/8a/afe2a25f9cfca2
4172	./tmp/cache/bootsnap/compile-cache-iseq/8a/d96b359e3ec18a
4173	./tmp/cache/bootsnap/compile-cache-iseq/8b/0cccbbe1de5500
4174	./tmp/cache/bootsnap/compile-cache-iseq/8b/18586f2e65b1bb
4175	./tmp/cache/bootsnap/compile-cache-iseq/8b/21648a17f85b28
4176	./tmp/cache/bootsnap/compile-cache-iseq/8b/29e0ee402d4271
4177	./tmp/cache/bootsnap/compile-cache-iseq/8b/5bf63934a90ae5
4178	./tmp/cache/bootsnap/compile-cache-iseq/8b/97bfa128a5fd78
4179	./tmp/cache/bootsnap/compile-cache-iseq/8b/a091ce63d04dbf
4180	./tmp/cache/bootsnap/compile-cache-iseq/8b/a27c82770b6394
4181	./tmp/cache/bootsnap/compile-cache-iseq/8b/a68179a38e146a
4182	./tmp/cache/bootsnap/compile-cache-iseq/8b/e5a0498a397f52
4183	./tmp/cache/bootsnap/compile-cache-iseq/8c/062577cdb0d4b2
4184	./tmp/cache/bootsnap/compile-cache-iseq/8c/1d0685f85f56e8
4185	./tmp/cache/bootsnap/compile-cache-iseq/8c/3f860afb88293b
4186	./tmp/cache/bootsnap/compile-cache-iseq/8c/63c9801f7b9dbe
4187	./tmp/cache/bootsnap/compile-cache-iseq/8c/ae5a90fdbacf89
4188	./tmp/cache/bootsnap/compile-cache-iseq/8c/b0d47b709ef63a
4189	./tmp/cache/bootsnap/compile-cache-iseq/8c/c44f6b3af740ca
4190	./tmp/cache/bootsnap/compile-cache-iseq/8c/de1867b0c7a6ac
4191	./tmp/cache/bootsnap/compile-cache-iseq/8d/02837554634f09
4192	./tmp/cache/bootsnap/compile-cache-iseq/8d/02b18b451da67d
4193	./tmp/cache/bootsnap/compile-cache-iseq/8d/11e0e3e2308923
4194	./tmp/cache/bootsnap/compile-cache-iseq/8d/3a6a2420e812f8
4195	./tmp/cache/bootsnap/compile-cache-iseq/8d/3c301b8b2f0bd1
4196	./tmp/cache/bootsnap/compile-cache-iseq/8d/4326f24e53c8df
4197	./tmp/cache/bootsnap/compile-cache-iseq/8d/4a4cff43637d6e
4198	./tmp/cache/bootsnap/compile-cache-iseq/8d/50f30a13b9e950
4199	./tmp/cache/bootsnap/compile-cache-iseq/8d/569e2340ba8ff4
4200	./tmp/cache/bootsnap/compile-cache-iseq/8d/589b47e1cefb71
4201	./tmp/cache/bootsnap/compile-cache-iseq/8d/6951ad8fba0a4c
4202	./tmp/cache/bootsnap/compile-cache-iseq/8d/86709dc5301534
4203	./tmp/cache/bootsnap/compile-cache-iseq/8d/8ca28677e06a35
4204	./tmp/cache/bootsnap/compile-cache-iseq/8d/bd3eff9662b7dd
4205	./tmp/cache/bootsnap/compile-cache-iseq/8d/c413d7c183464e
4206	./tmp/cache/bootsnap/compile-cache-iseq/8e/01791ac6fd9102
4207	./tmp/cache/bootsnap/compile-cache-iseq/8e/3483f399d7cef7
4208	./tmp/cache/bootsnap/compile-cache-iseq/8e/5a548e2f98ae15
4209	./tmp/cache/bootsnap/compile-cache-iseq/8e/621e50e47a2a53
4210	./tmp/cache/bootsnap/compile-cache-iseq/8e/9e8b03c3ce96ed
4211	./tmp/cache/bootsnap/compile-cache-iseq/8e/bf39f0e20df8c0
4212	./tmp/cache/bootsnap/compile-cache-iseq/8e/ea88806c9e32ab
4213	./tmp/cache/bootsnap/compile-cache-iseq/8e/fcf3023d2d00b9
4214	./tmp/cache/bootsnap/compile-cache-iseq/8f/3f3fd492e6820e
4215	./tmp/cache/bootsnap/compile-cache-iseq/8f/6f8e0cb5769c5b
4216	./tmp/cache/bootsnap/compile-cache-iseq/8f/7314e7ce64462e
4217	./tmp/cache/bootsnap/compile-cache-iseq/8f/9bad6e3d472400
4218	./tmp/cache/bootsnap/compile-cache-iseq/8f/b5dca1e75c3251
4219	./tmp/cache/bootsnap/compile-cache-iseq/8f/d4e41178aabc08
4220	./tmp/cache/bootsnap/compile-cache-iseq/8f/d8bba1216b4df3
4221	./tmp/cache/bootsnap/compile-cache-iseq/8f/e9574c1e598693
4222	./tmp/cache/bootsnap/compile-cache-iseq/8f/f3fd133dd01c15
4223	./tmp/cache/bootsnap/compile-cache-iseq/8f/f545ef6bb82f79
4224	./tmp/cache/bootsnap/compile-cache-iseq/8f/f7f12422ec425d
4225	./tmp/cache/bootsnap/compile-cache-iseq/90/049c6bae9754e4
4226	./tmp/cache/bootsnap/compile-cache-iseq/90/13df616c08fb7d
4227	./tmp/cache/bootsnap/compile-cache-iseq/90/3c4b9b7869cc9f
4228	./tmp/cache/bootsnap/compile-cache-iseq/90/3c756865bc4e3c
4229	./tmp/cache/bootsnap/compile-cache-iseq/90/7955d4c62fa826
4230	./tmp/cache/bootsnap/compile-cache-iseq/90/911e946cce6757
4231	./tmp/cache/bootsnap/compile-cache-iseq/90/9c092d33d047c6
4232	./tmp/cache/bootsnap/compile-cache-iseq/90/ad35795644d335
4233	./tmp/cache/bootsnap/compile-cache-iseq/90/cd705e6b19cede
4234	./tmp/cache/bootsnap/compile-cache-iseq/90/db401431c08cf2
4235	./tmp/cache/bootsnap/compile-cache-iseq/91/29a5161ab336cd
4236	./tmp/cache/bootsnap/compile-cache-iseq/91/384868207decdc
4237	./tmp/cache/bootsnap/compile-cache-iseq/91/50efd4a4dbc883
4238	./tmp/cache/bootsnap/compile-cache-iseq/91/524c12bf810555
4239	./tmp/cache/bootsnap/compile-cache-iseq/91/765d302b173a38
4240	./tmp/cache/bootsnap/compile-cache-iseq/91/83bc1c5edc6228
4241	./tmp/cache/bootsnap/compile-cache-iseq/91/851d8e1cd9fc54
4242	./tmp/cache/bootsnap/compile-cache-iseq/91/b86fa8ffa12cab
4243	./tmp/cache/bootsnap/compile-cache-iseq/91/c355f57fefbf54
4244	./tmp/cache/bootsnap/compile-cache-iseq/91/e0fc0ce30ce825
4245	./tmp/cache/bootsnap/compile-cache-iseq/92/134e48627f4bfc
4246	./tmp/cache/bootsnap/compile-cache-iseq/92/313d2480f6d420
4247	./tmp/cache/bootsnap/compile-cache-iseq/92/3a1861ce1edfe5
4248	./tmp/cache/bootsnap/compile-cache-iseq/92/557a129ba8d74a
4249	./tmp/cache/bootsnap/compile-cache-iseq/92/5aedf136a7f380
4250	./tmp/cache/bootsnap/compile-cache-iseq/92/63998220f6e4c4
4251	./tmp/cache/bootsnap/compile-cache-iseq/92/ac7e64358ea863
4252	./tmp/cache/bootsnap/compile-cache-iseq/92/b97eb9b0719beb
4253	./tmp/cache/bootsnap/compile-cache-iseq/92/d680f25d19dddf
4254	./tmp/cache/bootsnap/compile-cache-iseq/92/de48a296fe325a
4255	./tmp/cache/bootsnap/compile-cache-iseq/92/de989ba6478666
4256	./tmp/cache/bootsnap/compile-cache-iseq/92/f819bd938fd45b
4257	./tmp/cache/bootsnap/compile-cache-iseq/93/15d0a405803a5c
4258	./tmp/cache/bootsnap/compile-cache-iseq/93/510eb576c5a10c
4259	./tmp/cache/bootsnap/compile-cache-iseq/93/8c28b98b8f25ea
4260	./tmp/cache/bootsnap/compile-cache-iseq/93/913b1e7498e740
4261	./tmp/cache/bootsnap/compile-cache-iseq/93/9973e32a064243
4262	./tmp/cache/bootsnap/compile-cache-iseq/93/d5a9ebba19168d
4263	./tmp/cache/bootsnap/compile-cache-iseq/93/eeb44e975a7dbb
4264	./tmp/cache/bootsnap/compile-cache-iseq/94/015e4702544df5
4265	./tmp/cache/bootsnap/compile-cache-iseq/94/1e406e40f096b3
4266	./tmp/cache/bootsnap/compile-cache-iseq/94/1fa7dfb87ff130
4267	./tmp/cache/bootsnap/compile-cache-iseq/94/46ffc2de1b9772
4268	./tmp/cache/bootsnap/compile-cache-iseq/94/c0a1a5836c88b3
4269	./tmp/cache/bootsnap/compile-cache-iseq/94/d8534f0c515bbd
4270	./tmp/cache/bootsnap/compile-cache-iseq/94/e50fee2b841470
4271	./tmp/cache/bootsnap/compile-cache-iseq/95/1d32276db38aca
4272	./tmp/cache/bootsnap/compile-cache-iseq/95/32e7ba87b2eab3
4273	./tmp/cache/bootsnap/compile-cache-iseq/95/41567a0982ae94
4274	./tmp/cache/bootsnap/compile-cache-iseq/95/8b9d2d68798197
4275	./tmp/cache/bootsnap/compile-cache-iseq/95/b3e3d53d80e97e
4276	./tmp/cache/bootsnap/compile-cache-iseq/95/e39129543a1b83
4277	./tmp/cache/bootsnap/compile-cache-iseq/95/e9fdab8554429b
4278	./tmp/cache/bootsnap/compile-cache-iseq/95/ff4c3423ff7cfa
4279	./tmp/cache/bootsnap/compile-cache-iseq/96/54ecd352bfa55c
4280	./tmp/cache/bootsnap/compile-cache-iseq/96/6d078bdbcad59f
4281	./tmp/cache/bootsnap/compile-cache-iseq/96/6f4a6822e2cae3
4282	./tmp/cache/bootsnap/compile-cache-iseq/96/8f5b240590bea1
4283	./tmp/cache/bootsnap/compile-cache-iseq/96/95c2a05af1eab2
4284	./tmp/cache/bootsnap/compile-cache-iseq/96/c800f691412b03
4285	./tmp/cache/bootsnap/compile-cache-iseq/96/d287d637d9a094
4286	./tmp/cache/bootsnap/compile-cache-iseq/96/d6544b2e9a4508
4287	./tmp/cache/bootsnap/compile-cache-iseq/96/e64c20964433f7
4288	./tmp/cache/bootsnap/compile-cache-iseq/97/074cb3a28117e8
4289	./tmp/cache/bootsnap/compile-cache-iseq/97/39f9973efa30a6
4290	./tmp/cache/bootsnap/compile-cache-iseq/97/6b8c3ddc4840af
4291	./tmp/cache/bootsnap/compile-cache-iseq/97/7fea1512446c78
4292	./tmp/cache/bootsnap/compile-cache-iseq/97/88c1846b94db1a
4293	./tmp/cache/bootsnap/compile-cache-iseq/97/c0d8c374e7da16
4294	./tmp/cache/bootsnap/compile-cache-iseq/97/c236891a22ea22
4295	./tmp/cache/bootsnap/compile-cache-iseq/97/d4a19342f7b129
4296	./tmp/cache/bootsnap/compile-cache-iseq/98/490439188f1c10
4297	./tmp/cache/bootsnap/compile-cache-iseq/98/548f729277949a
4298	./tmp/cache/bootsnap/compile-cache-iseq/98/664b1e60c9a9c4
4299	./tmp/cache/bootsnap/compile-cache-iseq/98/693d996868518e
4300	./tmp/cache/bootsnap/compile-cache-iseq/98/c9c5a1f1fc95b5
4301	./tmp/cache/bootsnap/compile-cache-iseq/98/f9c934aa8997c3
4302	./tmp/cache/bootsnap/compile-cache-iseq/99/2c9587d5407f61
4303	./tmp/cache/bootsnap/compile-cache-iseq/99/4047751146400a
4304	./tmp/cache/bootsnap/compile-cache-iseq/99/92f7c46c22ad8f
4305	./tmp/cache/bootsnap/compile-cache-iseq/99/a5313e81ba13cb
4306	./tmp/cache/bootsnap/compile-cache-iseq/99/b5b96a15506e22
4307	./tmp/cache/bootsnap/compile-cache-iseq/99/bc395f67f34e3a
4308	./tmp/cache/bootsnap/compile-cache-iseq/99/c67059e055af9d
4309	./tmp/cache/bootsnap/compile-cache-iseq/9a/1b03c038068c1c
4310	./tmp/cache/bootsnap/compile-cache-iseq/9a/2ecc89648a2aae
4311	./tmp/cache/bootsnap/compile-cache-iseq/9a/4af5be65f48347
4312	./tmp/cache/bootsnap/compile-cache-iseq/9a/6b8afed1363b39
4313	./tmp/cache/bootsnap/compile-cache-iseq/9a/6f21b4c7805549
4314	./tmp/cache/bootsnap/compile-cache-iseq/9a/86a6285f4cb879
4315	./tmp/cache/bootsnap/compile-cache-iseq/9a/8e0fc7623f7d6c
4316	./tmp/cache/bootsnap/compile-cache-iseq/9a/ae3fd7cbf7ef6a
4317	./tmp/cache/bootsnap/compile-cache-iseq/9a/bc58a5699cdec7
4318	./tmp/cache/bootsnap/compile-cache-iseq/9a/ce0fd88ba83692
4319	./tmp/cache/bootsnap/compile-cache-iseq/9a/e37bfcb9c69fc6
4320	./tmp/cache/bootsnap/compile-cache-iseq/9a/f772f505d2d243
4321	./tmp/cache/bootsnap/compile-cache-iseq/9b/1df318d56f41a6
4322	./tmp/cache/bootsnap/compile-cache-iseq/9b/21a9e96f7c8e44
4323	./tmp/cache/bootsnap/compile-cache-iseq/9b/42ca8a3f7ff1b2
4324	./tmp/cache/bootsnap/compile-cache-iseq/9b/4a88be4f827ff1
4325	./tmp/cache/bootsnap/compile-cache-iseq/9b/6398a6d675fc7d
4326	./tmp/cache/bootsnap/compile-cache-iseq/9b/a373d842bbc50e
4327	./tmp/cache/bootsnap/compile-cache-iseq/9b/d21d5d55220389
4328	./tmp/cache/bootsnap/compile-cache-iseq/9b/f2cd11569cf956
4329	./tmp/cache/bootsnap/compile-cache-iseq/9c/1c502e8a2c7408
4330	./tmp/cache/bootsnap/compile-cache-iseq/9c/298b51d0f09175
4331	./tmp/cache/bootsnap/compile-cache-iseq/9c/3d6a67d3d3c55c
4332	./tmp/cache/bootsnap/compile-cache-iseq/9c/553f42481fe285
4333	./tmp/cache/bootsnap/compile-cache-iseq/9c/8bb511af77fb81
4334	./tmp/cache/bootsnap/compile-cache-iseq/9c/98853abd3632ee
4335	./tmp/cache/bootsnap/compile-cache-iseq/9c/b2989d7d345e06
4336	./tmp/cache/bootsnap/compile-cache-iseq/9c/be816999cbe66f
4337	./tmp/cache/bootsnap/compile-cache-iseq/9c/dcdb1c535c5cab
4338	./tmp/cache/bootsnap/compile-cache-iseq/9c/f0a80461073633
4339	./tmp/cache/bootsnap/compile-cache-iseq/9d/098fc76f4cbd3c
4340	./tmp/cache/bootsnap/compile-cache-iseq/9d/48e39bffc1522a
4341	./tmp/cache/bootsnap/compile-cache-iseq/9d/695e41f4969033
4342	./tmp/cache/bootsnap/compile-cache-iseq/9d/884488929a0ad8
4343	./tmp/cache/bootsnap/compile-cache-iseq/9d/98fc6a803ca0b0
4344	./tmp/cache/bootsnap/compile-cache-iseq/9d/9e26b183b4f554
4345	./tmp/cache/bootsnap/compile-cache-iseq/9d/a506a4f1facfce
4346	./tmp/cache/bootsnap/compile-cache-iseq/9d/b37b589c86a8a5
4347	./tmp/cache/bootsnap/compile-cache-iseq/9d/be98f921bef177
4348	./tmp/cache/bootsnap/compile-cache-iseq/9d/c8d7a44875c85f
4349	./tmp/cache/bootsnap/compile-cache-iseq/9d/cc5f6faec091f2
4350	./tmp/cache/bootsnap/compile-cache-iseq/9e/1494a4e4b67c80
4351	./tmp/cache/bootsnap/compile-cache-iseq/9e/3e791aa12aa923
4352	./tmp/cache/bootsnap/compile-cache-iseq/9e/4cd08e67a62336
4353	./tmp/cache/bootsnap/compile-cache-iseq/9e/6c0c845c057429
4354	./tmp/cache/bootsnap/compile-cache-iseq/9e/c7ae085c718cde
4355	./tmp/cache/bootsnap/compile-cache-iseq/9e/d792df155e6c79
4356	./tmp/cache/bootsnap/compile-cache-iseq/9f/2f04ce964a510e
4357	./tmp/cache/bootsnap/compile-cache-iseq/9f/2f8f0876c2670d
4358	./tmp/cache/bootsnap/compile-cache-iseq/9f/3934cfe43e8cc5
4359	./tmp/cache/bootsnap/compile-cache-iseq/9f/39c990203614c7
4360	./tmp/cache/bootsnap/compile-cache-iseq/9f/41c7b87ac5dee1
4361	./tmp/cache/bootsnap/compile-cache-iseq/9f/4e002a6b1e8381
4362	./tmp/cache/bootsnap/compile-cache-iseq/9f/5c5a983e42de8d
4363	./tmp/cache/bootsnap/compile-cache-iseq/9f/6e3a0331126586
4364	./tmp/cache/bootsnap/compile-cache-iseq/9f/bcff4566edcb51
4365	./tmp/cache/bootsnap/compile-cache-iseq/9f/dba5d8e4899a4b
4366	./tmp/cache/bootsnap/compile-cache-iseq/9f/fb37f2649bc121
4367	./tmp/cache/bootsnap/compile-cache-iseq/a0/1706cfb9a219d5
4368	./tmp/cache/bootsnap/compile-cache-iseq/a0/2a23abd886ea71
4369	./tmp/cache/bootsnap/compile-cache-iseq/a0/41bffc0ab73da2
4370	./tmp/cache/bootsnap/compile-cache-iseq/a0/51178db6d50135
4371	./tmp/cache/bootsnap/compile-cache-iseq/a0/540ce02eba74aa
4372	./tmp/cache/bootsnap/compile-cache-iseq/a0/6319e62aee23cd
4373	./tmp/cache/bootsnap/compile-cache-iseq/a0/7656d2f216f8ac
4374	./tmp/cache/bootsnap/compile-cache-iseq/a0/7e9d115dbea749
4375	./tmp/cache/bootsnap/compile-cache-iseq/a1/0e64a41551ec46
4376	./tmp/cache/bootsnap/compile-cache-iseq/a1/283f2cf9efbc7b
4377	./tmp/cache/bootsnap/compile-cache-iseq/a1/38690a038840d5
4378	./tmp/cache/bootsnap/compile-cache-iseq/a1/429fcbcac50a60
4379	./tmp/cache/bootsnap/compile-cache-iseq/a1/4d5e0b48113c6c
4380	./tmp/cache/bootsnap/compile-cache-iseq/a1/6fbba9e480456e
4381	./tmp/cache/bootsnap/compile-cache-iseq/a1/7f572e3851a022
4382	./tmp/cache/bootsnap/compile-cache-iseq/a1/b25b083f84775e
4383	./tmp/cache/bootsnap/compile-cache-iseq/a2/41cc500a5ed479
4384	./tmp/cache/bootsnap/compile-cache-iseq/a2/470805ba0494bc
4385	./tmp/cache/bootsnap/compile-cache-iseq/a2/48662044a98b7e
4386	./tmp/cache/bootsnap/compile-cache-iseq/a2/599285581623bf
4387	./tmp/cache/bootsnap/compile-cache-iseq/a2/763f327e18381f
4388	./tmp/cache/bootsnap/compile-cache-iseq/a2/7ac39ceb619fac
4389	./tmp/cache/bootsnap/compile-cache-iseq/a2/810f6357d84cb1
4390	./tmp/cache/bootsnap/compile-cache-iseq/a2/87a2473373291e
4391	./tmp/cache/bootsnap/compile-cache-iseq/a2/8ea9408d2fdca8
4392	./tmp/cache/bootsnap/compile-cache-iseq/a2/a17e5458e8cf7b
4393	./tmp/cache/bootsnap/compile-cache-iseq/a2/c3494c05bc9c0d
4394	./tmp/cache/bootsnap/compile-cache-iseq/a2/c6e805b5768b90
4395	./tmp/cache/bootsnap/compile-cache-iseq/a2/ebd772be9eec15
4396	./tmp/cache/bootsnap/compile-cache-iseq/a3/18348cab94e9fa
4397	./tmp/cache/bootsnap/compile-cache-iseq/a3/54b9a848d2b0f4
4398	./tmp/cache/bootsnap/compile-cache-iseq/a4/03110fba4f5874
4399	./tmp/cache/bootsnap/compile-cache-iseq/a4/2a68298ffaeb38
4400	./tmp/cache/bootsnap/compile-cache-iseq/a4/391998e7fe2d9e
4401	./tmp/cache/bootsnap/compile-cache-iseq/a4/3c9a55de5e51e3
4402	./tmp/cache/bootsnap/compile-cache-iseq/a4/49915755e5e684
4403	./tmp/cache/bootsnap/compile-cache-iseq/a4/733610d451d1cb
4404	./tmp/cache/bootsnap/compile-cache-iseq/a4/abbc58238a5918
4405	./tmp/cache/bootsnap/compile-cache-iseq/a4/afc682bbc2cf18
4406	./tmp/cache/bootsnap/compile-cache-iseq/a4/ca199b3bcb54b3
4407	./tmp/cache/bootsnap/compile-cache-iseq/a5/01d54005f62ca5
4408	./tmp/cache/bootsnap/compile-cache-iseq/a5/50eff394d6ae17
4409	./tmp/cache/bootsnap/compile-cache-iseq/a5/635e21df22c816
4410	./tmp/cache/bootsnap/compile-cache-iseq/a5/ba09f57729fd2b
4411	./tmp/cache/bootsnap/compile-cache-iseq/a5/eb8299e3c9368e
4412	./tmp/cache/bootsnap/compile-cache-iseq/a6/0b52400eef5583
4413	./tmp/cache/bootsnap/compile-cache-iseq/a6/0dbc68d7634f3a
4414	./tmp/cache/bootsnap/compile-cache-iseq/a6/27783c021bffdc
4415	./tmp/cache/bootsnap/compile-cache-iseq/a6/2d79f1a915b031
4416	./tmp/cache/bootsnap/compile-cache-iseq/a6/3af70e4efcac2b
4417	./tmp/cache/bootsnap/compile-cache-iseq/a6/3baa1f603f00ce
4418	./tmp/cache/bootsnap/compile-cache-iseq/a6/42e179721e1dae
4419	./tmp/cache/bootsnap/compile-cache-iseq/a6/4bef3f0e5e8ba5
4420	./tmp/cache/bootsnap/compile-cache-iseq/a6/726eb4ff3b063d
4421	./tmp/cache/bootsnap/compile-cache-iseq/a6/772a7920492492
4422	./tmp/cache/bootsnap/compile-cache-iseq/a6/89e1d2f31a700a
4423	./tmp/cache/bootsnap/compile-cache-iseq/a6/9b261d2705d904
4424	./tmp/cache/bootsnap/compile-cache-iseq/a6/a0c09f9b15795f
4425	./tmp/cache/bootsnap/compile-cache-iseq/a6/b846cb7eb8ba0e
4426	./tmp/cache/bootsnap/compile-cache-iseq/a6/e941eb0472d864
4427	./tmp/cache/bootsnap/compile-cache-iseq/a6/ed8f09c5d8c680
4428	./tmp/cache/bootsnap/compile-cache-iseq/a7/1908dd4bf03b87
4429	./tmp/cache/bootsnap/compile-cache-iseq/a7/211290e07bd42e
4430	./tmp/cache/bootsnap/compile-cache-iseq/a7/43023896f06584
4431	./tmp/cache/bootsnap/compile-cache-iseq/a7/72cbc585a87309
4432	./tmp/cache/bootsnap/compile-cache-iseq/a7/848ee05743dd8f
4433	./tmp/cache/bootsnap/compile-cache-iseq/a7/eaf39a7c21792a
4434	./tmp/cache/bootsnap/compile-cache-iseq/a7/f21c0ce91f19bb
4435	./tmp/cache/bootsnap/compile-cache-iseq/a8/7a274ebc015a39
4436	./tmp/cache/bootsnap/compile-cache-iseq/a8/83dae66e579849
4437	./tmp/cache/bootsnap/compile-cache-iseq/a8/9ee7c19abe3079
4438	./tmp/cache/bootsnap/compile-cache-iseq/a8/a8a775ceb2a00a
4439	./tmp/cache/bootsnap/compile-cache-iseq/a8/eafaa12c919c65
4440	./tmp/cache/bootsnap/compile-cache-iseq/a9/3097274fbf668d
4441	./tmp/cache/bootsnap/compile-cache-iseq/a9/36e14aa7f4cb8b
4442	./tmp/cache/bootsnap/compile-cache-iseq/a9/6647938c477f88
4443	./tmp/cache/bootsnap/compile-cache-iseq/a9/70236f9d6d0f29
4444	./tmp/cache/bootsnap/compile-cache-iseq/a9/d479e94f5d02d4
4445	./tmp/cache/bootsnap/compile-cache-iseq/a9/d7cb576fa18654
4446	./tmp/cache/bootsnap/compile-cache-iseq/a9/f9284472026c0a
4447	./tmp/cache/bootsnap/compile-cache-iseq/aa/bbc504925b9ed4
4448	./tmp/cache/bootsnap/compile-cache-iseq/aa/da7cf708a2d6c6
4449	./tmp/cache/bootsnap/compile-cache-iseq/aa/f7d2e79923ae6e
4450	./tmp/cache/bootsnap/compile-cache-iseq/aa/ffe602c119e954
4451	./tmp/cache/bootsnap/compile-cache-iseq/ab/1d4c51c1dd4f7b
4452	./tmp/cache/bootsnap/compile-cache-iseq/ab/519598efa28115
4453	./tmp/cache/bootsnap/compile-cache-iseq/ab/69b8aba9eb9edb
4454	./tmp/cache/bootsnap/compile-cache-iseq/ab/760e9a6576a8f9
4455	./tmp/cache/bootsnap/compile-cache-iseq/ab/a6b3a8f09b439e
4456	./tmp/cache/bootsnap/compile-cache-iseq/ab/ad51c43de42a54
4457	./tmp/cache/bootsnap/compile-cache-iseq/ab/cd99643c142a2a
4458	./tmp/cache/bootsnap/compile-cache-iseq/ab/ffefcdb0be9296
4459	./tmp/cache/bootsnap/compile-cache-iseq/ac/22cb0e9c2bb74b
4460	./tmp/cache/bootsnap/compile-cache-iseq/ac/2f8a99875b9690
4461	./tmp/cache/bootsnap/compile-cache-iseq/ac/3d437a7e44251e
4462	./tmp/cache/bootsnap/compile-cache-iseq/ac/4f7534bde35d59
4463	./tmp/cache/bootsnap/compile-cache-iseq/ac/7f975a8175b4c3
4464	./tmp/cache/bootsnap/compile-cache-iseq/ac/85529151660a5c
4465	./tmp/cache/bootsnap/compile-cache-iseq/ac/8c7c69312f09bc
4466	./tmp/cache/bootsnap/compile-cache-iseq/ac/a3f8f2f94d80d9
4467	./tmp/cache/bootsnap/compile-cache-iseq/ac/cdf5c3f1174548
4468	./tmp/cache/bootsnap/compile-cache-iseq/ad/08405029551265
4469	./tmp/cache/bootsnap/compile-cache-iseq/ad/0ec153cc5bef41
4470	./tmp/cache/bootsnap/compile-cache-iseq/ad/1d1be68079a383
4471	./tmp/cache/bootsnap/compile-cache-iseq/ad/2f1c4787dd9eaa
4472	./tmp/cache/bootsnap/compile-cache-iseq/ad/4b96042eae11bd
4473	./tmp/cache/bootsnap/compile-cache-iseq/ad/651b3d0889931a
4474	./tmp/cache/bootsnap/compile-cache-iseq/ad/7831b3f676d174
4475	./tmp/cache/bootsnap/compile-cache-iseq/ad/a478deaa4fc171
4476	./tmp/cache/bootsnap/compile-cache-iseq/ad/b95854bbb875fb
4477	./tmp/cache/bootsnap/compile-cache-iseq/ae/26f69c849428e0
4478	./tmp/cache/bootsnap/compile-cache-iseq/ae/4fd492758b2723
4479	./tmp/cache/bootsnap/compile-cache-iseq/ae/54a890247272f8
4480	./tmp/cache/bootsnap/compile-cache-iseq/ae/6a8b1bd5d50ad2
4481	./tmp/cache/bootsnap/compile-cache-iseq/ae/c9547d95471667
4482	./tmp/cache/bootsnap/compile-cache-iseq/ae/e2cc751c520f90
4483	./tmp/cache/bootsnap/compile-cache-iseq/ae/f0b4af07384ec0
4484	./tmp/cache/bootsnap/compile-cache-iseq/ae/f2ebc610aab8a7
4485	./tmp/cache/bootsnap/compile-cache-iseq/ae/f5b15bb0d8136e
4486	./tmp/cache/bootsnap/compile-cache-iseq/ae/f5e0f391494861
4487	./tmp/cache/bootsnap/compile-cache-iseq/ae/f7b380b8e11147
4488	./tmp/cache/bootsnap/compile-cache-iseq/af/08048db566829c
4489	./tmp/cache/bootsnap/compile-cache-iseq/af/0ab166dfdb2cd2
4490	./tmp/cache/bootsnap/compile-cache-iseq/af/0abbed7d106bbe
4491	./tmp/cache/bootsnap/compile-cache-iseq/af/0c5ec9e25716b6
4492	./tmp/cache/bootsnap/compile-cache-iseq/af/246af499c57ea0
4493	./tmp/cache/bootsnap/compile-cache-iseq/af/3deac90fae1e5a
4494	./tmp/cache/bootsnap/compile-cache-iseq/af/408d970f5de1ed
4495	./tmp/cache/bootsnap/compile-cache-iseq/af/57bde8e819566f
4496	./tmp/cache/bootsnap/compile-cache-iseq/af/5e70760c004de4
4497	./tmp/cache/bootsnap/compile-cache-iseq/af/8410767829516e
4498	./tmp/cache/bootsnap/compile-cache-iseq/af/8fcf8ea847a8eb
4499	./tmp/cache/bootsnap/compile-cache-iseq/af/a5654fef41a2a7
4500	./tmp/cache/bootsnap/compile-cache-iseq/af/c209d11d8ee717
4501	./tmp/cache/bootsnap/compile-cache-iseq/af/e975a70a4097d4
4502	./tmp/cache/bootsnap/compile-cache-iseq/b0/2d5929ebe9c3d5
4503	./tmp/cache/bootsnap/compile-cache-iseq/b0/335424b090fe15
4504	./tmp/cache/bootsnap/compile-cache-iseq/b0/3a448475a4ddaf
4505	./tmp/cache/bootsnap/compile-cache-iseq/b0/408e7c317658ea
4506	./tmp/cache/bootsnap/compile-cache-iseq/b0/48ecf12a9d5a62
4507	./tmp/cache/bootsnap/compile-cache-iseq/b0/9210bda5f170f8
4508	./tmp/cache/bootsnap/compile-cache-iseq/b0/92542d06070b16
4509	./tmp/cache/bootsnap/compile-cache-iseq/b0/92b9caee45d3d7
4510	./tmp/cache/bootsnap/compile-cache-iseq/b0/ab32eeeda683c7
4511	./tmp/cache/bootsnap/compile-cache-iseq/b0/b3624b0df5c7a2
4512	./tmp/cache/bootsnap/compile-cache-iseq/b0/bc16fb20d61edc
4513	./tmp/cache/bootsnap/compile-cache-iseq/b0/c15f75ee532ea6
4514	./tmp/cache/bootsnap/compile-cache-iseq/b0/cfeaa40e3e44d1
4515	./tmp/cache/bootsnap/compile-cache-iseq/b0/d11cbac5dde676
4516	./tmp/cache/bootsnap/compile-cache-iseq/b0/e4642ceeebfac1
4517	./tmp/cache/bootsnap/compile-cache-iseq/b1/22015b47769772
4518	./tmp/cache/bootsnap/compile-cache-iseq/b1/24d04af35de285
4519	./tmp/cache/bootsnap/compile-cache-iseq/b1/26f33dcd3ba49b
4520	./tmp/cache/bootsnap/compile-cache-iseq/b1/3f7a7fa1a709fb
4521	./tmp/cache/bootsnap/compile-cache-iseq/b1/4c9aa72c646e49
4522	./tmp/cache/bootsnap/compile-cache-iseq/b1/513178bb46fc09
4523	./tmp/cache/bootsnap/compile-cache-iseq/b1/745fab683c7289
4524	./tmp/cache/bootsnap/compile-cache-iseq/b1/94006ed2beb593
4525	./tmp/cache/bootsnap/compile-cache-iseq/b1/9cd0bf6548b46d
4526	./tmp/cache/bootsnap/compile-cache-iseq/b1/a13d113c8116fc
4527	./tmp/cache/bootsnap/compile-cache-iseq/b1/b276f29bbb1708
4528	./tmp/cache/bootsnap/compile-cache-iseq/b1/c9d58ac91e4298
4529	./tmp/cache/bootsnap/compile-cache-iseq/b1/d5a72e81e6fbf2
4530	./tmp/cache/bootsnap/compile-cache-iseq/b1/df3630c5f7b771
4531	./tmp/cache/bootsnap/compile-cache-iseq/b2/10fac030b79633
4532	./tmp/cache/bootsnap/compile-cache-iseq/b2/5dfaf8fb91a6d1
4533	./tmp/cache/bootsnap/compile-cache-iseq/b2/6aa7b6f131abb1
4534	./tmp/cache/bootsnap/compile-cache-iseq/b2/875989a0a9efe3
4535	./tmp/cache/bootsnap/compile-cache-iseq/b2/8aec31c7b3079a
4536	./tmp/cache/bootsnap/compile-cache-iseq/b2/8f7e48de8caaaf
4537	./tmp/cache/bootsnap/compile-cache-iseq/b2/a5a6305b159ed8
4538	./tmp/cache/bootsnap/compile-cache-iseq/b2/a7bf2602223df1
4539	./tmp/cache/bootsnap/compile-cache-iseq/b2/c9983e96fbde22
4540	./tmp/cache/bootsnap/compile-cache-iseq/b2/fee1196355c5c3
4541	./tmp/cache/bootsnap/compile-cache-iseq/b3/0b38a3d2b95f78
4542	./tmp/cache/bootsnap/compile-cache-iseq/b3/1dbda175cee109
4543	./tmp/cache/bootsnap/compile-cache-iseq/b3/62de998092e1ca
4544	./tmp/cache/bootsnap/compile-cache-iseq/b3/7e1ea49bd6ade8
4545	./tmp/cache/bootsnap/compile-cache-iseq/b3/9924d59ab1c202
4546	./tmp/cache/bootsnap/compile-cache-iseq/b3/9e297ad653ef96
4547	./tmp/cache/bootsnap/compile-cache-iseq/b3/b9c7831a8e088b
4548	./tmp/cache/bootsnap/compile-cache-iseq/b3/c6c12525471c0a
4549	./tmp/cache/bootsnap/compile-cache-iseq/b3/dbacc21c68f318
4550	./tmp/cache/bootsnap/compile-cache-iseq/b3/e4ede2b476c791
4551	./tmp/cache/bootsnap/compile-cache-iseq/b3/f1f3f09dab7491
4552	./tmp/cache/bootsnap/compile-cache-iseq/b4/1235417e034e7a
4553	./tmp/cache/bootsnap/compile-cache-iseq/b4/18506e6b77aad5
4554	./tmp/cache/bootsnap/compile-cache-iseq/b4/20750f8b5decd3
4555	./tmp/cache/bootsnap/compile-cache-iseq/b4/5bad467b0eaf04
4556	./tmp/cache/bootsnap/compile-cache-iseq/b4/6d2b312b8f4edc
4557	./tmp/cache/bootsnap/compile-cache-iseq/b4/72217b5cc1ee6c
4558	./tmp/cache/bootsnap/compile-cache-iseq/b4/9277ffd6508f5b
4559	./tmp/cache/bootsnap/compile-cache-iseq/b4/9c3c234c94c0b9
4560	./tmp/cache/bootsnap/compile-cache-iseq/b4/ba75c37cc8082e
4561	./tmp/cache/bootsnap/compile-cache-iseq/b4/f3aa779d408519
4562	./tmp/cache/bootsnap/compile-cache-iseq/b5/0c71347686dea5
4563	./tmp/cache/bootsnap/compile-cache-iseq/b5/36220411fa77e5
4564	./tmp/cache/bootsnap/compile-cache-iseq/b5/6631039f1cb53a
4565	./tmp/cache/bootsnap/compile-cache-iseq/b5/a4eaf3d583dec2
4566	./tmp/cache/bootsnap/compile-cache-iseq/b5/c3fa6733bf7080
4567	./tmp/cache/bootsnap/compile-cache-iseq/b5/ede21fd401aa27
4568	./tmp/cache/bootsnap/compile-cache-iseq/b5/f1310d5cf0cb66
4569	./tmp/cache/bootsnap/compile-cache-iseq/b6/23c6f3c2ff88d2
4570	./tmp/cache/bootsnap/compile-cache-iseq/b6/35067a322734e1
4571	./tmp/cache/bootsnap/compile-cache-iseq/b6/4c9ca691e5aa30
4572	./tmp/cache/bootsnap/compile-cache-iseq/b6/5de5895cef52dd
4573	./tmp/cache/bootsnap/compile-cache-iseq/b6/69204eb84179d4
4574	./tmp/cache/bootsnap/compile-cache-iseq/b6/70055a194af63e
4575	./tmp/cache/bootsnap/compile-cache-iseq/b6/837968e68f5682
4576	./tmp/cache/bootsnap/compile-cache-iseq/b6/911fa36f8d0476
4577	./tmp/cache/bootsnap/compile-cache-iseq/b7/09ac12dc6cf3a0
4578	./tmp/cache/bootsnap/compile-cache-iseq/b7/0b0066088e4798
4579	./tmp/cache/bootsnap/compile-cache-iseq/b7/10ceddaeaf622e
4580	./tmp/cache/bootsnap/compile-cache-iseq/b7/1d08696db4f58c
4581	./tmp/cache/bootsnap/compile-cache-iseq/b7/1dc742fbe7b39e
4582	./tmp/cache/bootsnap/compile-cache-iseq/b7/275995903f7ae6
4583	./tmp/cache/bootsnap/compile-cache-iseq/b7/3087bcdbd6df89
4584	./tmp/cache/bootsnap/compile-cache-iseq/b7/3dfc854c79921b
4585	./tmp/cache/bootsnap/compile-cache-iseq/b7/676cb4e56752e8
4586	./tmp/cache/bootsnap/compile-cache-iseq/b7/acaa5711e91a29
4587	./tmp/cache/bootsnap/compile-cache-iseq/b7/e18809eee0c5d3
4588	./tmp/cache/bootsnap/compile-cache-iseq/b8/0143537fb9d2d0
4589	./tmp/cache/bootsnap/compile-cache-iseq/b8/0963d9cda0ee9d
4590	./tmp/cache/bootsnap/compile-cache-iseq/b8/0d1b3c342030da
4591	./tmp/cache/bootsnap/compile-cache-iseq/b8/1cccb6047cc812
4592	./tmp/cache/bootsnap/compile-cache-iseq/b8/1f195f1d6f9c8b
4593	./tmp/cache/bootsnap/compile-cache-iseq/b8/5d51680ddfbc38
4594	./tmp/cache/bootsnap/compile-cache-iseq/b8/88aa72c524ccaf
4595	./tmp/cache/bootsnap/compile-cache-iseq/b8/99e38bec2a0650
4596	./tmp/cache/bootsnap/compile-cache-iseq/b8/bdc9c44144f8b4
4597	./tmp/cache/bootsnap/compile-cache-iseq/b8/e897b6b14ccc1e
4598	./tmp/cache/bootsnap/compile-cache-iseq/b8/eea8cda7933438
4599	./tmp/cache/bootsnap/compile-cache-iseq/b8/fb265edf52a6f8
4600	./tmp/cache/bootsnap/compile-cache-iseq/b9/1a54200f278178
4601	./tmp/cache/bootsnap/compile-cache-iseq/b9/2bdc9e12d07ea0
4602	./tmp/cache/bootsnap/compile-cache-iseq/b9/4bf74d53da7f32
4603	./tmp/cache/bootsnap/compile-cache-iseq/b9/82983dd7ee17a3
4604	./tmp/cache/bootsnap/compile-cache-iseq/b9/aa2326edf2afd9
4605	./tmp/cache/bootsnap/compile-cache-iseq/b9/e0e9789b664825
4606	./tmp/cache/bootsnap/compile-cache-iseq/b9/e672b484c68db5
4607	./tmp/cache/bootsnap/compile-cache-iseq/b9/e92652bbc44a17
4608	./tmp/cache/bootsnap/compile-cache-iseq/b9/fa5ed889d9dc5c
4609	./tmp/cache/bootsnap/compile-cache-iseq/ba/0135471df6fb0d
4610	./tmp/cache/bootsnap/compile-cache-iseq/ba/1f7b54c4210c3d
4611	./tmp/cache/bootsnap/compile-cache-iseq/ba/598050dbfb858a
4612	./tmp/cache/bootsnap/compile-cache-iseq/ba/627d65d9fd70dd
4613	./tmp/cache/bootsnap/compile-cache-iseq/ba/a22e6c12578664
4614	./tmp/cache/bootsnap/compile-cache-iseq/ba/b5c71d1b50e377
4615	./tmp/cache/bootsnap/compile-cache-iseq/ba/c393306f6b0315
4616	./tmp/cache/bootsnap/compile-cache-iseq/ba/d71f41e54ccc9c
4617	./tmp/cache/bootsnap/compile-cache-iseq/ba/d9bb766e50940c
4618	./tmp/cache/bootsnap/compile-cache-iseq/ba/e4b10065ca0115
4619	./tmp/cache/bootsnap/compile-cache-iseq/bb/2ab7daf674d1ac
4620	./tmp/cache/bootsnap/compile-cache-iseq/bb/3cc9242cc45c57
4621	./tmp/cache/bootsnap/compile-cache-iseq/bb/452746c314f33a
4622	./tmp/cache/bootsnap/compile-cache-iseq/bb/4ec308d4e1600f
4623	./tmp/cache/bootsnap/compile-cache-iseq/bb/592d7990ef9673
4624	./tmp/cache/bootsnap/compile-cache-iseq/bb/5ba144bb18aa38
4625	./tmp/cache/bootsnap/compile-cache-iseq/bb/ba63f672409389
4626	./tmp/cache/bootsnap/compile-cache-iseq/bb/d5a140106c690a
4627	./tmp/cache/bootsnap/compile-cache-iseq/bc/14eda910cb5c8f
4628	./tmp/cache/bootsnap/compile-cache-iseq/bc/18c5fcebfa06e0
4629	./tmp/cache/bootsnap/compile-cache-iseq/bc/1fecc7c85d7c8c
4630	./tmp/cache/bootsnap/compile-cache-iseq/bc/2c05bc6d6cfa7b
4631	./tmp/cache/bootsnap/compile-cache-iseq/bc/3716c65eb1c044
4632	./tmp/cache/bootsnap/compile-cache-iseq/bc/3f18d9720e88f6
4633	./tmp/cache/bootsnap/compile-cache-iseq/bc/757b9750089934
4634	./tmp/cache/bootsnap/compile-cache-iseq/bc/8f5670d016da40
4635	./tmp/cache/bootsnap/compile-cache-iseq/bc/a45bfa85a64bc2
4636	./tmp/cache/bootsnap/compile-cache-iseq/bc/b795669102889c
4637	./tmp/cache/bootsnap/compile-cache-iseq/bc/b7da36eb16bcac
4638	./tmp/cache/bootsnap/compile-cache-iseq/bc/b8d0511999ca7e
4639	./tmp/cache/bootsnap/compile-cache-iseq/bc/bbee8bc5772f48
4640	./tmp/cache/bootsnap/compile-cache-iseq/bc/c347840b657c87
4641	./tmp/cache/bootsnap/compile-cache-iseq/bc/ddf432d7407be1
4642	./tmp/cache/bootsnap/compile-cache-iseq/bc/dedc869a748089
4643	./tmp/cache/bootsnap/compile-cache-iseq/bc/ec7af3e928eb69
4644	./tmp/cache/bootsnap/compile-cache-iseq/bd/0302c1fee2e9f9
4645	./tmp/cache/bootsnap/compile-cache-iseq/bd/1060774eb68847
4646	./tmp/cache/bootsnap/compile-cache-iseq/bd/20d565e2398273
4647	./tmp/cache/bootsnap/compile-cache-iseq/bd/569465966365fc
4648	./tmp/cache/bootsnap/compile-cache-iseq/bd/5db4508a265e3f
4649	./tmp/cache/bootsnap/compile-cache-iseq/bd/5e061b35157592
4650	./tmp/cache/bootsnap/compile-cache-iseq/bd/64ff9bf2313a35
4651	./tmp/cache/bootsnap/compile-cache-iseq/bd/784d8420968c08
4652	./tmp/cache/bootsnap/compile-cache-iseq/bd/7cf8d35088dcce
4653	./tmp/cache/bootsnap/compile-cache-iseq/bd/863fe28872d1c1
4654	./tmp/cache/bootsnap/compile-cache-iseq/bd/a7965e7e6cae5c
4655	./tmp/cache/bootsnap/compile-cache-iseq/bd/a92aad0f4baa28
4656	./tmp/cache/bootsnap/compile-cache-iseq/bd/cecb68795ce1b4
4657	./tmp/cache/bootsnap/compile-cache-iseq/bd/d0c113606fc9d3
4658	./tmp/cache/bootsnap/compile-cache-iseq/bd/d57d53f3feb130
4659	./tmp/cache/bootsnap/compile-cache-iseq/bd/dc36c21ff343c2
4660	./tmp/cache/bootsnap/compile-cache-iseq/bd/e2e8bf80db6d40
4661	./tmp/cache/bootsnap/compile-cache-iseq/bd/ebb7db4c452eaa
4662	./tmp/cache/bootsnap/compile-cache-iseq/bd/ed320d6ac9f402
4663	./tmp/cache/bootsnap/compile-cache-iseq/be/222ea25210fb65
4664	./tmp/cache/bootsnap/compile-cache-iseq/be/4e47a1bd132c68
4665	./tmp/cache/bootsnap/compile-cache-iseq/be/d5791eaace3c29
4666	./tmp/cache/bootsnap/compile-cache-iseq/be/de82f93a1bbc9b
4667	./tmp/cache/bootsnap/compile-cache-iseq/bf/069c365f5d2fbf
4668	./tmp/cache/bootsnap/compile-cache-iseq/bf/0fa44f5a936bb8
4669	./tmp/cache/bootsnap/compile-cache-iseq/bf/173503297eb4cc
4670	./tmp/cache/bootsnap/compile-cache-iseq/bf/192f45c59e60e8
4671	./tmp/cache/bootsnap/compile-cache-iseq/bf/229268a42917ae
4672	./tmp/cache/bootsnap/compile-cache-iseq/bf/2bb21942510069
4673	./tmp/cache/bootsnap/compile-cache-iseq/bf/4053f089837c54
4674	./tmp/cache/bootsnap/compile-cache-iseq/bf/4f14c7910d977b
4675	./tmp/cache/bootsnap/compile-cache-iseq/bf/6509ecf8c1ff3c
4676	./tmp/cache/bootsnap/compile-cache-iseq/bf/7b02e0ad2c4d85
4677	./tmp/cache/bootsnap/compile-cache-iseq/bf/93e542bb87d665
4678	./tmp/cache/bootsnap/compile-cache-iseq/bf/b4693e5a55ca89
4679	./tmp/cache/bootsnap/compile-cache-iseq/bf/b70c604fbd03a2
4680	./tmp/cache/bootsnap/compile-cache-iseq/bf/b7f49df9635848
4681	./tmp/cache/bootsnap/compile-cache-iseq/bf/bec2dab357e4da
4682	./tmp/cache/bootsnap/compile-cache-iseq/bf/cf3b369b961438
4683	./tmp/cache/bootsnap/compile-cache-iseq/bf/d12037b8ec2536
4684	./tmp/cache/bootsnap/compile-cache-iseq/bf/dfc2066aef459d
4685	./tmp/cache/bootsnap/compile-cache-iseq/bf/e10f6617dddf84
4686	./tmp/cache/bootsnap/compile-cache-iseq/bf/f9c1baea9b70ba
4687	./tmp/cache/bootsnap/compile-cache-iseq/c0/2f5dfd9bea5b10
4688	./tmp/cache/bootsnap/compile-cache-iseq/c0/3210f4403b9743
4689	./tmp/cache/bootsnap/compile-cache-iseq/c0/33b490e6ea02f8
4690	./tmp/cache/bootsnap/compile-cache-iseq/c0/466fabdc1efa03
4691	./tmp/cache/bootsnap/compile-cache-iseq/c0/56967ade62f93a
4692	./tmp/cache/bootsnap/compile-cache-iseq/c0/59a813663294d6
4693	./tmp/cache/bootsnap/compile-cache-iseq/c0/8b9b6a1e7db44f
4694	./tmp/cache/bootsnap/compile-cache-iseq/c0/9d35862f57fd61
4695	./tmp/cache/bootsnap/compile-cache-iseq/c0/d020f293f815ba
4696	./tmp/cache/bootsnap/compile-cache-iseq/c0/ee0e5c1b4bddd3
4697	./tmp/cache/bootsnap/compile-cache-iseq/c0/f7b8762d3ba601
4698	./tmp/cache/bootsnap/compile-cache-iseq/c1/0f707f20ad25df
4699	./tmp/cache/bootsnap/compile-cache-iseq/c1/45fede05f85a9d
4700	./tmp/cache/bootsnap/compile-cache-iseq/c1/6969b6bdffa6a2
4701	./tmp/cache/bootsnap/compile-cache-iseq/c1/99bc32ebc3047b
4702	./tmp/cache/bootsnap/compile-cache-iseq/c1/fd79dc54fb7803
4703	./tmp/cache/bootsnap/compile-cache-iseq/c2/03c0ff1fe4f473
4704	./tmp/cache/bootsnap/compile-cache-iseq/c2/139d0ee3b26d9d
4705	./tmp/cache/bootsnap/compile-cache-iseq/c2/159a84cf67c8f3
4706	./tmp/cache/bootsnap/compile-cache-iseq/c2/1cb424d0dbcdc1
4707	./tmp/cache/bootsnap/compile-cache-iseq/c2/25aeff5888622f
4708	./tmp/cache/bootsnap/compile-cache-iseq/c2/da242e4a6443a8
4709	./tmp/cache/bootsnap/compile-cache-iseq/c2/df38c129809b6a
4710	./tmp/cache/bootsnap/compile-cache-iseq/c2/e518498bfd448f
4711	./tmp/cache/bootsnap/compile-cache-iseq/c2/f4a39b5518e76f
4712	./tmp/cache/bootsnap/compile-cache-iseq/c3/25f04785696d4f
4713	./tmp/cache/bootsnap/compile-cache-iseq/c3/2606a621269304
4714	./tmp/cache/bootsnap/compile-cache-iseq/c3/582c8f807f6049
4715	./tmp/cache/bootsnap/compile-cache-iseq/c3/5c230001012d58
4716	./tmp/cache/bootsnap/compile-cache-iseq/c3/65a2c6082d594a
4717	./tmp/cache/bootsnap/compile-cache-iseq/c3/71f0a154ca1be6
4718	./tmp/cache/bootsnap/compile-cache-iseq/c3/7dbdaadae0dc96
4719	./tmp/cache/bootsnap/compile-cache-iseq/c3/7f27bc64424a20
4720	./tmp/cache/bootsnap/compile-cache-iseq/c3/9babda52dbb11d
4721	./tmp/cache/bootsnap/compile-cache-iseq/c3/9e622a72ac5d38
4722	./tmp/cache/bootsnap/compile-cache-iseq/c3/b89f6d0e6fc099
4723	./tmp/cache/bootsnap/compile-cache-iseq/c3/f8ae96e7e201e0
4724	./tmp/cache/bootsnap/compile-cache-iseq/c4/1e3c004676d63d
4725	./tmp/cache/bootsnap/compile-cache-iseq/c4/28930c206c9cf5
4726	./tmp/cache/bootsnap/compile-cache-iseq/c4/415586217ea240
4727	./tmp/cache/bootsnap/compile-cache-iseq/c4/44cc531b6e755b
4728	./tmp/cache/bootsnap/compile-cache-iseq/c4/818207f3052b03
4729	./tmp/cache/bootsnap/compile-cache-iseq/c4/88a24045e02728
4730	./tmp/cache/bootsnap/compile-cache-iseq/c4/88cea254224e15
4731	./tmp/cache/bootsnap/compile-cache-iseq/c4/a6d726019fa3a8
4732	./tmp/cache/bootsnap/compile-cache-iseq/c4/c5ac5e528b4c4e
4733	./tmp/cache/bootsnap/compile-cache-iseq/c4/d68bd8a1257aa7
4734	./tmp/cache/bootsnap/compile-cache-iseq/c4/e91633cdad02fd
4735	./tmp/cache/bootsnap/compile-cache-iseq/c4/f2cc5876939748
4736	./tmp/cache/bootsnap/compile-cache-iseq/c5/01e5814c050205
4737	./tmp/cache/bootsnap/compile-cache-iseq/c5/0273bfbd327b49
4738	./tmp/cache/bootsnap/compile-cache-iseq/c5/180e6ecf7c3588
4739	./tmp/cache/bootsnap/compile-cache-iseq/c5/1fe0d02dbfc286
4740	./tmp/cache/bootsnap/compile-cache-iseq/c5/3cf9213442a3b9
4741	./tmp/cache/bootsnap/compile-cache-iseq/c5/461f3326e3e812
4742	./tmp/cache/bootsnap/compile-cache-iseq/c5/5ad34ed1f9558c
4743	./tmp/cache/bootsnap/compile-cache-iseq/c5/a227005331cb64
4744	./tmp/cache/bootsnap/compile-cache-iseq/c5/e715cbb751ac30
4745	./tmp/cache/bootsnap/compile-cache-iseq/c5/eba2bea560639c
4746	./tmp/cache/bootsnap/compile-cache-iseq/c5/fca3d07ba5c28d
4747	./tmp/cache/bootsnap/compile-cache-iseq/c6/199c85efe948a5
4748	./tmp/cache/bootsnap/compile-cache-iseq/c6/461b0c131f276a
4749	./tmp/cache/bootsnap/compile-cache-iseq/c6/709ea1d17be073
4750	./tmp/cache/bootsnap/compile-cache-iseq/c6/816d1cbf04e95c
4751	./tmp/cache/bootsnap/compile-cache-iseq/c6/9683142eeccb27
4752	./tmp/cache/bootsnap/compile-cache-iseq/c6/c249a30df989ea
4753	./tmp/cache/bootsnap/compile-cache-iseq/c6/d2058890161b14
4754	./tmp/cache/bootsnap/compile-cache-iseq/c7/23d406dcbc07e1
4755	./tmp/cache/bootsnap/compile-cache-iseq/c7/2ee114e648a3a4
4756	./tmp/cache/bootsnap/compile-cache-iseq/c7/32b33960d465d2
4757	./tmp/cache/bootsnap/compile-cache-iseq/c7/42691419b3f571
4758	./tmp/cache/bootsnap/compile-cache-iseq/c7/47d58aa5981a3a
4759	./tmp/cache/bootsnap/compile-cache-iseq/c7/55e1dac2e7c574
4760	./tmp/cache/bootsnap/compile-cache-iseq/c7/5c2b063737ccbb
4761	./tmp/cache/bootsnap/compile-cache-iseq/c7/6810da122a769b
4762	./tmp/cache/bootsnap/compile-cache-iseq/c7/86e6dd30fd06c6
4763	./tmp/cache/bootsnap/compile-cache-iseq/c7/b64138a7a3a1d6
4764	./tmp/cache/bootsnap/compile-cache-iseq/c7/babb0ca3cb36b7
4765	./tmp/cache/bootsnap/compile-cache-iseq/c7/bc0e1d611a8730
4766	./tmp/cache/bootsnap/compile-cache-iseq/c7/c665d7cc240b6a
4767	./tmp/cache/bootsnap/compile-cache-iseq/c7/c7960a815d20b0
4768	./tmp/cache/bootsnap/compile-cache-iseq/c8/055577055757f1
4769	./tmp/cache/bootsnap/compile-cache-iseq/c8/107eb3b8454f14
4770	./tmp/cache/bootsnap/compile-cache-iseq/c8/2041e36497858a
4771	./tmp/cache/bootsnap/compile-cache-iseq/c8/22f1915665d402
4772	./tmp/cache/bootsnap/compile-cache-iseq/c8/24b035f543efe3
4773	./tmp/cache/bootsnap/compile-cache-iseq/c8/2918fb3eb01de1
4774	./tmp/cache/bootsnap/compile-cache-iseq/c8/2a9ec73d23b063
4775	./tmp/cache/bootsnap/compile-cache-iseq/c8/4dc0492d256fce
4776	./tmp/cache/bootsnap/compile-cache-iseq/c8/50199e029b718f
4777	./tmp/cache/bootsnap/compile-cache-iseq/c8/55937681603597
4778	./tmp/cache/bootsnap/compile-cache-iseq/c8/799d4698c47dfa
4779	./tmp/cache/bootsnap/compile-cache-iseq/c8/8b987bb8bd0365
4780	./tmp/cache/bootsnap/compile-cache-iseq/c8/930f45281072f5
4781	./tmp/cache/bootsnap/compile-cache-iseq/c8/abd771938b74d9
4782	./tmp/cache/bootsnap/compile-cache-iseq/c8/de96e2f065022d
4783	./tmp/cache/bootsnap/compile-cache-iseq/c8/f6a9ed4d3051aa
4784	./tmp/cache/bootsnap/compile-cache-iseq/c9/1712c9eb4a6789
4785	./tmp/cache/bootsnap/compile-cache-iseq/c9/1c29dcd0da50ad
4786	./tmp/cache/bootsnap/compile-cache-iseq/c9/2af90254ba1b71
4787	./tmp/cache/bootsnap/compile-cache-iseq/c9/47e9675244beac
4788	./tmp/cache/bootsnap/compile-cache-iseq/c9/4886c2c71abe31
4789	./tmp/cache/bootsnap/compile-cache-iseq/c9/662b7334556e1d
4790	./tmp/cache/bootsnap/compile-cache-iseq/c9/73a7a1da8cd85c
4791	./tmp/cache/bootsnap/compile-cache-iseq/c9/90765fffd74339
4792	./tmp/cache/bootsnap/compile-cache-iseq/c9/a16f8f22d91f7d
4793	./tmp/cache/bootsnap/compile-cache-iseq/c9/e97de4f875743a
4794	./tmp/cache/bootsnap/compile-cache-iseq/c9/fd90beacb7b215
4795	./tmp/cache/bootsnap/compile-cache-iseq/ca/359245bc0a2698
4796	./tmp/cache/bootsnap/compile-cache-iseq/ca/506d41a279bd5d
4797	./tmp/cache/bootsnap/compile-cache-iseq/ca/5d1f9178130640
4798	./tmp/cache/bootsnap/compile-cache-iseq/ca/5f8a1b72c034bb
4799	./tmp/cache/bootsnap/compile-cache-iseq/ca/674929a5c9cf37
4800	./tmp/cache/bootsnap/compile-cache-iseq/ca/6f0fd39efe96fb
4801	./tmp/cache/bootsnap/compile-cache-iseq/ca/867cae2e5fefab
4802	./tmp/cache/bootsnap/compile-cache-iseq/ca/a2ead27e77ca15
4803	./tmp/cache/bootsnap/compile-cache-iseq/ca/b92deb6ded9636
4804	./tmp/cache/bootsnap/compile-cache-iseq/ca/c0e4fcbc758cce
4805	./tmp/cache/bootsnap/compile-cache-iseq/ca/d95e1ae371e845
4806	./tmp/cache/bootsnap/compile-cache-iseq/ca/e2eb925ffe1fef
4807	./tmp/cache/bootsnap/compile-cache-iseq/ca/e94dd3a2156bfb
4808	./tmp/cache/bootsnap/compile-cache-iseq/cb/1d758e8f4f8f19
4809	./tmp/cache/bootsnap/compile-cache-iseq/cb/2f07c38a5df91b
4810	./tmp/cache/bootsnap/compile-cache-iseq/cb/2feb9a4e408086
4811	./tmp/cache/bootsnap/compile-cache-iseq/cb/40a7a31edc5993
4812	./tmp/cache/bootsnap/compile-cache-iseq/cb/4135fc29332507
4813	./tmp/cache/bootsnap/compile-cache-iseq/cb/473fabe3fab600
4814	./tmp/cache/bootsnap/compile-cache-iseq/cb/5a08d6562bbbe3
4815	./tmp/cache/bootsnap/compile-cache-iseq/cb/6247cdbbbcbf91
4816	./tmp/cache/bootsnap/compile-cache-iseq/cb/9340265025bf5a
4817	./tmp/cache/bootsnap/compile-cache-iseq/cc/052c3696980bcb
4818	./tmp/cache/bootsnap/compile-cache-iseq/cc/6867ac89301fa4
4819	./tmp/cache/bootsnap/compile-cache-iseq/cc/748be56c321d31
4820	./tmp/cache/bootsnap/compile-cache-iseq/cc/8b20726590631d
4821	./tmp/cache/bootsnap/compile-cache-iseq/cc/938a462384c166
4822	./tmp/cache/bootsnap/compile-cache-iseq/cc/a4ac6192bbc0a7
4823	./tmp/cache/bootsnap/compile-cache-iseq/cc/b08fd92feaa1b4
4824	./tmp/cache/bootsnap/compile-cache-iseq/cc/c27332e1a72306
4825	./tmp/cache/bootsnap/compile-cache-iseq/cc/c8bef6f56217d8
4826	./tmp/cache/bootsnap/compile-cache-iseq/cc/d670e4749f4625
4827	./tmp/cache/bootsnap/compile-cache-iseq/cc/dfdcf8694a0d87
4828	./tmp/cache/bootsnap/compile-cache-iseq/cc/f6aad6cab890ba
4829	./tmp/cache/bootsnap/compile-cache-iseq/cc/fcc344a186e74c
4830	./tmp/cache/bootsnap/compile-cache-iseq/cd/1dca35fc9e1480
4831	./tmp/cache/bootsnap/compile-cache-iseq/cd/29a664e9fa9750
4832	./tmp/cache/bootsnap/compile-cache-iseq/cd/29e8b9c8f45c85
4833	./tmp/cache/bootsnap/compile-cache-iseq/cd/542c33fb7203da
4834	./tmp/cache/bootsnap/compile-cache-iseq/cd/6c25fb252c4760
4835	./tmp/cache/bootsnap/compile-cache-iseq/cd/811bd3dc3d42e5
4836	./tmp/cache/bootsnap/compile-cache-iseq/cd/85c42276e4f6ed
4837	./tmp/cache/bootsnap/compile-cache-iseq/cd/b931a7a339e8d3
4838	./tmp/cache/bootsnap/compile-cache-iseq/cd/dffed7967814d6
4839	./tmp/cache/bootsnap/compile-cache-iseq/cd/eac9ce72999e9c
4840	./tmp/cache/bootsnap/compile-cache-iseq/cd/eb90e2c12a3ef8
4841	./tmp/cache/bootsnap/compile-cache-iseq/cd/f8c66300920ace
4842	./tmp/cache/bootsnap/compile-cache-iseq/cd/f924e2c179ce46
4843	./tmp/cache/bootsnap/compile-cache-iseq/ce/16e4f3c3471334
4844	./tmp/cache/bootsnap/compile-cache-iseq/ce/350085384ea95d
4845	./tmp/cache/bootsnap/compile-cache-iseq/ce/8ccf5e073916a8
4846	./tmp/cache/bootsnap/compile-cache-iseq/ce/a010d9c785a49f
4847	./tmp/cache/bootsnap/compile-cache-iseq/ce/aaeb52ae57696a
4848	./tmp/cache/bootsnap/compile-cache-iseq/ce/d6f5526728adbc
4849	./tmp/cache/bootsnap/compile-cache-iseq/ce/e0fbd828e46ab3
4850	./tmp/cache/bootsnap/compile-cache-iseq/cf/0b044511957533
4851	./tmp/cache/bootsnap/compile-cache-iseq/cf/2cb6cc2516194d
4852	./tmp/cache/bootsnap/compile-cache-iseq/cf/34493c4f901be8
4853	./tmp/cache/bootsnap/compile-cache-iseq/cf/55101118136120
4854	./tmp/cache/bootsnap/compile-cache-iseq/cf/5687b6fd5a6e68
4855	./tmp/cache/bootsnap/compile-cache-iseq/cf/60cf92b3ab0aa6
4856	./tmp/cache/bootsnap/compile-cache-iseq/cf/6bc1ab988f39e1
4857	./tmp/cache/bootsnap/compile-cache-iseq/cf/6f241dfa6085aa
4858	./tmp/cache/bootsnap/compile-cache-iseq/cf/8b2faee0273de8
4859	./tmp/cache/bootsnap/compile-cache-iseq/cf/a890998f6b6734
4860	./tmp/cache/bootsnap/compile-cache-iseq/cf/a92eba95683efd
4861	./tmp/cache/bootsnap/compile-cache-iseq/cf/bc304fe31fd402
4862	./tmp/cache/bootsnap/compile-cache-iseq/cf/c07a17cd6d5749
4863	./tmp/cache/bootsnap/compile-cache-iseq/cf/ea6f2adb945b5f
4864	./tmp/cache/bootsnap/compile-cache-iseq/d0/26351a637bcae4
4865	./tmp/cache/bootsnap/compile-cache-iseq/d0/2fd0bb5cdf66f6
4866	./tmp/cache/bootsnap/compile-cache-iseq/d0/3b82c1c8e31dcc
4867	./tmp/cache/bootsnap/compile-cache-iseq/d0/9b4cf68726397b
4868	./tmp/cache/bootsnap/compile-cache-iseq/d0/a71eead3792709
4869	./tmp/cache/bootsnap/compile-cache-iseq/d0/b3397cce1f1429
4870	./tmp/cache/bootsnap/compile-cache-iseq/d0/b79b8c2f283b86
4871	./tmp/cache/bootsnap/compile-cache-iseq/d0/b8324f94433852
4872	./tmp/cache/bootsnap/compile-cache-iseq/d0/c27f548c0fbd28
4873	./tmp/cache/bootsnap/compile-cache-iseq/d0/d560b78b9fc984
4874	./tmp/cache/bootsnap/compile-cache-iseq/d1/02000b88ad1b25
4875	./tmp/cache/bootsnap/compile-cache-iseq/d1/0488f709f80ef9
4876	./tmp/cache/bootsnap/compile-cache-iseq/d1/0b62e3053b0648
4877	./tmp/cache/bootsnap/compile-cache-iseq/d1/2b06a0ac427323
4878	./tmp/cache/bootsnap/compile-cache-iseq/d1/40ad5a218bf47b
4879	./tmp/cache/bootsnap/compile-cache-iseq/d1/467eee1149824f
4880	./tmp/cache/bootsnap/compile-cache-iseq/d1/4e9c0ef54a0b67
4881	./tmp/cache/bootsnap/compile-cache-iseq/d1/70fa090cd4c6ee
4882	./tmp/cache/bootsnap/compile-cache-iseq/d1/98340bf6a35fc6
4883	./tmp/cache/bootsnap/compile-cache-iseq/d1/aebcf330a0c90d
4884	./tmp/cache/bootsnap/compile-cache-iseq/d1/b3d1b7f11e3f85
4885	./tmp/cache/bootsnap/compile-cache-iseq/d2/1ed511588746dc
4886	./tmp/cache/bootsnap/compile-cache-iseq/d2/7358090df567ef
4887	./tmp/cache/bootsnap/compile-cache-iseq/d2/abe3b320f51468
4888	./tmp/cache/bootsnap/compile-cache-iseq/d2/b52720599b34d8
4889	./tmp/cache/bootsnap/compile-cache-iseq/d3/1992c1d4ff3506
4890	./tmp/cache/bootsnap/compile-cache-iseq/d3/2ee6df0702c1eb
4891	./tmp/cache/bootsnap/compile-cache-iseq/d3/3f84daecca2ab3
4892	./tmp/cache/bootsnap/compile-cache-iseq/d3/5c1c7a3e1c9597
4893	./tmp/cache/bootsnap/compile-cache-iseq/d3/7b297a1be5e0f0
4894	./tmp/cache/bootsnap/compile-cache-iseq/d3/8f843563b202c6
4895	./tmp/cache/bootsnap/compile-cache-iseq/d3/ad07694e0e306a
4896	./tmp/cache/bootsnap/compile-cache-iseq/d3/c334bab96be102
4897	./tmp/cache/bootsnap/compile-cache-iseq/d3/c395314a835e82
4898	./tmp/cache/bootsnap/compile-cache-iseq/d3/eb0e8f89ac89b4
4899	./tmp/cache/bootsnap/compile-cache-iseq/d4/49ad3fcfb04d46
4900	./tmp/cache/bootsnap/compile-cache-iseq/d4/5df0e20a1228ab
4901	./tmp/cache/bootsnap/compile-cache-iseq/d4/650938e4a990f5
4902	./tmp/cache/bootsnap/compile-cache-iseq/d4/94c70cd86268a9
4903	./tmp/cache/bootsnap/compile-cache-iseq/d4/a0e2be94aff948
4904	./tmp/cache/bootsnap/compile-cache-iseq/d4/f67f0fbe8931bc
4905	./tmp/cache/bootsnap/compile-cache-iseq/d5/16542ddb4e3996
4906	./tmp/cache/bootsnap/compile-cache-iseq/d5/1b089b1b79895a
4907	./tmp/cache/bootsnap/compile-cache-iseq/d5/1c7a8c7d3d9930
4908	./tmp/cache/bootsnap/compile-cache-iseq/d5/1dd388dd780cb4
4909	./tmp/cache/bootsnap/compile-cache-iseq/d5/3548511df5acf7
4910	./tmp/cache/bootsnap/compile-cache-iseq/d5/3771ac165610f2
4911	./tmp/cache/bootsnap/compile-cache-iseq/d5/39db33eb3b4563
4912	./tmp/cache/bootsnap/compile-cache-iseq/d5/848cbbf61c5159
4913	./tmp/cache/bootsnap/compile-cache-iseq/d5/8a1c424b935c95
4914	./tmp/cache/bootsnap/compile-cache-iseq/d5/a6e573730243fe
4915	./tmp/cache/bootsnap/compile-cache-iseq/d5/b2ee928346eaeb
4916	./tmp/cache/bootsnap/compile-cache-iseq/d5/b6cd4a5bb1ace5
4917	./tmp/cache/bootsnap/compile-cache-iseq/d5/c2f18c59e3ba51
4918	./tmp/cache/bootsnap/compile-cache-iseq/d5/dee6ce9d89a6fd
4919	./tmp/cache/bootsnap/compile-cache-iseq/d5/ef4324e7c92288
4920	./tmp/cache/bootsnap/compile-cache-iseq/d6/446f9a4be8aa86
4921	./tmp/cache/bootsnap/compile-cache-iseq/d6/4f14aa5dd20603
4922	./tmp/cache/bootsnap/compile-cache-iseq/d6/6a5c6c3f5193b0
4923	./tmp/cache/bootsnap/compile-cache-iseq/d6/7f83a42992753a
4924	./tmp/cache/bootsnap/compile-cache-iseq/d6/88ffba95cd6760
4925	./tmp/cache/bootsnap/compile-cache-iseq/d6/89ae098583901f
4926	./tmp/cache/bootsnap/compile-cache-iseq/d6/90ce83a3c13fe6
4927	./tmp/cache/bootsnap/compile-cache-iseq/d6/b555610766c353
4928	./tmp/cache/bootsnap/compile-cache-iseq/d6/eedebf3fd39ff7
4929	./tmp/cache/bootsnap/compile-cache-iseq/d7/073a4370822cf2
4930	./tmp/cache/bootsnap/compile-cache-iseq/d7/13a230a71828f9
4931	./tmp/cache/bootsnap/compile-cache-iseq/d7/1dae2e37673041
4932	./tmp/cache/bootsnap/compile-cache-iseq/d7/502b54bd4b4769
4933	./tmp/cache/bootsnap/compile-cache-iseq/d7/57bc7c69137db0
4934	./tmp/cache/bootsnap/compile-cache-iseq/d7/8def02aa9d2c30
4935	./tmp/cache/bootsnap/compile-cache-iseq/d7/a5cbdc3814f074
4936	./tmp/cache/bootsnap/compile-cache-iseq/d7/aca3e92cc1f874
4937	./tmp/cache/bootsnap/compile-cache-iseq/d7/bbb03d84f773c1
4938	./tmp/cache/bootsnap/compile-cache-iseq/d8/06ce339e8951ef
4939	./tmp/cache/bootsnap/compile-cache-iseq/d8/0b028395cd8fdd
4940	./tmp/cache/bootsnap/compile-cache-iseq/d8/0eb6e6e2d991f0
4941	./tmp/cache/bootsnap/compile-cache-iseq/d8/17e5c6e49cc952
4942	./tmp/cache/bootsnap/compile-cache-iseq/d8/24d23c68ab1e2c
4943	./tmp/cache/bootsnap/compile-cache-iseq/d8/44d3f31932a0a1
4944	./tmp/cache/bootsnap/compile-cache-iseq/d8/509241c76f4429
4945	./tmp/cache/bootsnap/compile-cache-iseq/d8/7caf6476f3927d
4946	./tmp/cache/bootsnap/compile-cache-iseq/d8/835fe5f667f8f3
4947	./tmp/cache/bootsnap/compile-cache-iseq/d8/bfff4b20cdf9da
4948	./tmp/cache/bootsnap/compile-cache-iseq/d8/c39b9e7c883caf
4949	./tmp/cache/bootsnap/compile-cache-iseq/d9/1552a8a6859749
4950	./tmp/cache/bootsnap/compile-cache-iseq/d9/2bf76761a4fbc4
4951	./tmp/cache/bootsnap/compile-cache-iseq/d9/2dde4bcc56d53d
4952	./tmp/cache/bootsnap/compile-cache-iseq/d9/4770e2c03d01e5
4953	./tmp/cache/bootsnap/compile-cache-iseq/d9/5447d61ed67476
4954	./tmp/cache/bootsnap/compile-cache-iseq/d9/b06fe83ead3281
4955	./tmp/cache/bootsnap/compile-cache-iseq/d9/bdd93be6fd8d9e
4956	./tmp/cache/bootsnap/compile-cache-iseq/d9/eca44a610edb71
4957	./tmp/cache/bootsnap/compile-cache-iseq/d9/f47a1f3e994875
4958	./tmp/cache/bootsnap/compile-cache-iseq/da/1797d98d4d56d0
4959	./tmp/cache/bootsnap/compile-cache-iseq/da/2b54bf76c57406
4960	./tmp/cache/bootsnap/compile-cache-iseq/da/3c87245b9c6387
4961	./tmp/cache/bootsnap/compile-cache-iseq/da/4f721475b5225a
4962	./tmp/cache/bootsnap/compile-cache-iseq/da/5e7d9ab6249106
4963	./tmp/cache/bootsnap/compile-cache-iseq/da/7d469dc340b14f
4964	./tmp/cache/bootsnap/compile-cache-iseq/da/9d22dadce160b1
4965	./tmp/cache/bootsnap/compile-cache-iseq/da/b23ab1b3609650
4966	./tmp/cache/bootsnap/compile-cache-iseq/da/d3049185b30550
4967	./tmp/cache/bootsnap/compile-cache-iseq/da/df245c8b22185b
4968	./tmp/cache/bootsnap/compile-cache-iseq/da/edf68fc676af1b
4969	./tmp/cache/bootsnap/compile-cache-iseq/db/7d1582e3d6cc56
4970	./tmp/cache/bootsnap/compile-cache-iseq/db/a5ca0203ad960a
4971	./tmp/cache/bootsnap/compile-cache-iseq/db/d8a14e78b6c4ec
4972	./tmp/cache/bootsnap/compile-cache-iseq/db/df504f54c0ed1e
4973	./tmp/cache/bootsnap/compile-cache-iseq/db/edd67f91bc7496
4974	./tmp/cache/bootsnap/compile-cache-iseq/db/fc62fc1e3a5f0a
4975	./tmp/cache/bootsnap/compile-cache-iseq/dc/048648e4e5e2ae
4976	./tmp/cache/bootsnap/compile-cache-iseq/dc/09f6441a7fb566
4977	./tmp/cache/bootsnap/compile-cache-iseq/dc/1f3feb5b9843cb
4978	./tmp/cache/bootsnap/compile-cache-iseq/dc/32362e417fb27f
4979	./tmp/cache/bootsnap/compile-cache-iseq/dc/329aafd9738aa0
4980	./tmp/cache/bootsnap/compile-cache-iseq/dc/493fa888b9af1a
4981	./tmp/cache/bootsnap/compile-cache-iseq/dc/79ac6ede6fdb73
4982	./tmp/cache/bootsnap/compile-cache-iseq/dc/7bf57589a8d0ef
4983	./tmp/cache/bootsnap/compile-cache-iseq/dc/7cafb26c1b4dc8
4984	./tmp/cache/bootsnap/compile-cache-iseq/dc/a2ca4bea5642ae
4985	./tmp/cache/bootsnap/compile-cache-iseq/dc/e1d1218234dc36
4986	./tmp/cache/bootsnap/compile-cache-iseq/dd/642ba29b4ee1fa
4987	./tmp/cache/bootsnap/compile-cache-iseq/dd/a32f76012b4676
4988	./tmp/cache/bootsnap/compile-cache-iseq/dd/aecdd373d63196
4989	./tmp/cache/bootsnap/compile-cache-iseq/dd/d2f93d565c0208
4990	./tmp/cache/bootsnap/compile-cache-iseq/dd/f94c6814d3c695
4991	./tmp/cache/bootsnap/compile-cache-iseq/de/0bbbcafe062418
4992	./tmp/cache/bootsnap/compile-cache-iseq/de/125ee5675508f7
4993	./tmp/cache/bootsnap/compile-cache-iseq/de/226711279f30e2
4994	./tmp/cache/bootsnap/compile-cache-iseq/de/2e47610e924ae0
4995	./tmp/cache/bootsnap/compile-cache-iseq/de/39644519852917
4996	./tmp/cache/bootsnap/compile-cache-iseq/de/8155ca86217775
4997	./tmp/cache/bootsnap/compile-cache-iseq/de/8b49c3a4e0d820
4998	./tmp/cache/bootsnap/compile-cache-iseq/de/a5a2dccf514b43
4999	./tmp/cache/bootsnap/compile-cache-iseq/de/bad48ceba8e8bb
5000	./tmp/cache/bootsnap/compile-cache-iseq/de/bf48e0714e4cfe
5001	./tmp/cache/bootsnap/compile-cache-iseq/de/f61b780036a4c6
5002	./tmp/cache/bootsnap/compile-cache-iseq/df/0f969397006256
5003	./tmp/cache/bootsnap/compile-cache-iseq/df/1802a9bbaa4e8a
5004	./tmp/cache/bootsnap/compile-cache-iseq/df/a5563c89be6f06
5005	./tmp/cache/bootsnap/compile-cache-iseq/df/ea8c8d84d28c7f
5006	./tmp/cache/bootsnap/compile-cache-iseq/e0/258c08e131a6b1
5007	./tmp/cache/bootsnap/compile-cache-iseq/e0/3a1339aced2ae9
5008	./tmp/cache/bootsnap/compile-cache-iseq/e0/4c7a8008706e4a
5009	./tmp/cache/bootsnap/compile-cache-iseq/e0/5cac7cfb6e8290
5010	./tmp/cache/bootsnap/compile-cache-iseq/e0/7b7b9a7e66b278
5011	./tmp/cache/bootsnap/compile-cache-iseq/e0/993581d825e34e
5012	./tmp/cache/bootsnap/compile-cache-iseq/e0/a17d1bb6b33a2a
5013	./tmp/cache/bootsnap/compile-cache-iseq/e0/a928cb31f67999
5014	./tmp/cache/bootsnap/compile-cache-iseq/e0/b56e33f4374fdf
5015	./tmp/cache/bootsnap/compile-cache-iseq/e0/f6b1d2ee1592ad
5016	./tmp/cache/bootsnap/compile-cache-iseq/e1/07e99f783f2ba1
5017	./tmp/cache/bootsnap/compile-cache-iseq/e1/1824a7636605be
5018	./tmp/cache/bootsnap/compile-cache-iseq/e1/1fb574e65a4135
5019	./tmp/cache/bootsnap/compile-cache-iseq/e1/36d90514c85776
5020	./tmp/cache/bootsnap/compile-cache-iseq/e1/46229b1b7374fb
5021	./tmp/cache/bootsnap/compile-cache-iseq/e1/6d87a01c3d6006
5022	./tmp/cache/bootsnap/compile-cache-iseq/e1/82ce7067594786
5023	./tmp/cache/bootsnap/compile-cache-iseq/e1/a2e69b6a4104b1
5024	./tmp/cache/bootsnap/compile-cache-iseq/e1/a7b20aea315911
5025	./tmp/cache/bootsnap/compile-cache-iseq/e1/b5a7af177e602d
5026	./tmp/cache/bootsnap/compile-cache-iseq/e1/bf1c51ebe5999a
5027	./tmp/cache/bootsnap/compile-cache-iseq/e1/cc536736e255eb
5028	./tmp/cache/bootsnap/compile-cache-iseq/e1/fdcb705d6e3116
5029	./tmp/cache/bootsnap/compile-cache-iseq/e2/2f86897e17028b
5030	./tmp/cache/bootsnap/compile-cache-iseq/e2/3f1e29e15dc9f9
5031	./tmp/cache/bootsnap/compile-cache-iseq/e2/453e42e1268741
5032	./tmp/cache/bootsnap/compile-cache-iseq/e2/6a9740886eb3f2
5033	./tmp/cache/bootsnap/compile-cache-iseq/e2/a1b5a0f12a271b
5034	./tmp/cache/bootsnap/compile-cache-iseq/e2/c4c8243fefef7e
5035	./tmp/cache/bootsnap/compile-cache-iseq/e2/d0c0ca346d7294
5036	./tmp/cache/bootsnap/compile-cache-iseq/e2/d41eb967fb4e03
5037	./tmp/cache/bootsnap/compile-cache-iseq/e2/e03e374167e743
5038	./tmp/cache/bootsnap/compile-cache-iseq/e3/08f92f3f4ee638
5039	./tmp/cache/bootsnap/compile-cache-iseq/e3/0b8c50b3fb88b8
5040	./tmp/cache/bootsnap/compile-cache-iseq/e3/0d3c408bfba9a9
5041	./tmp/cache/bootsnap/compile-cache-iseq/e3/2419f7f012f6b8
5042	./tmp/cache/bootsnap/compile-cache-iseq/e3/3272f4170751b5
5043	./tmp/cache/bootsnap/compile-cache-iseq/e3/3bdd5c68cb89aa
5044	./tmp/cache/bootsnap/compile-cache-iseq/e3/43088f478fd5e1
5045	./tmp/cache/bootsnap/compile-cache-iseq/e3/4d8522c6332536
5046	./tmp/cache/bootsnap/compile-cache-iseq/e3/4e4133a99ca0ea
5047	./tmp/cache/bootsnap/compile-cache-iseq/e3/750d63aa345fce
5048	./tmp/cache/bootsnap/compile-cache-iseq/e3/96d7f539272f65
5049	./tmp/cache/bootsnap/compile-cache-iseq/e3/9a029c697f9cfc
5050	./tmp/cache/bootsnap/compile-cache-iseq/e3/b14fac3f819179
5051	./tmp/cache/bootsnap/compile-cache-iseq/e3/cbe011ba024f69
5052	./tmp/cache/bootsnap/compile-cache-iseq/e3/d7d177baee8b97
5053	./tmp/cache/bootsnap/compile-cache-iseq/e3/dae4eb39fda35f
5054	./tmp/cache/bootsnap/compile-cache-iseq/e3/e5e8ad78eab73b
5055	./tmp/cache/bootsnap/compile-cache-iseq/e3/fa29ffab404dbe
5056	./tmp/cache/bootsnap/compile-cache-iseq/e4/1433aa43b14ae8
5057	./tmp/cache/bootsnap/compile-cache-iseq/e4/46b3fbcbdc0d8f
5058	./tmp/cache/bootsnap/compile-cache-iseq/e4/4adc5e084bac25
5059	./tmp/cache/bootsnap/compile-cache-iseq/e4/6e851f810a2ca3
5060	./tmp/cache/bootsnap/compile-cache-iseq/e4/94efdbdcd2daf2
5061	./tmp/cache/bootsnap/compile-cache-iseq/e4/a9c5b8ee7cb034
5062	./tmp/cache/bootsnap/compile-cache-iseq/e4/b35563131f7fdd
5063	./tmp/cache/bootsnap/compile-cache-iseq/e4/f8333eda4d2ff8
5064	./tmp/cache/bootsnap/compile-cache-iseq/e5/04e1534d059fa9
5065	./tmp/cache/bootsnap/compile-cache-iseq/e5/141487f925d91f
5066	./tmp/cache/bootsnap/compile-cache-iseq/e5/25a28d48ea61f3
5067	./tmp/cache/bootsnap/compile-cache-iseq/e5/2f28724f73fc96
5068	./tmp/cache/bootsnap/compile-cache-iseq/e5/652c231cf8371b
5069	./tmp/cache/bootsnap/compile-cache-iseq/e5/72ce84d2f1f0a9
5070	./tmp/cache/bootsnap/compile-cache-iseq/e5/7321395fbc67f7
5071	./tmp/cache/bootsnap/compile-cache-iseq/e5/764420784c6b93
5072	./tmp/cache/bootsnap/compile-cache-iseq/e5/9c9dccec6aeac4
5073	./tmp/cache/bootsnap/compile-cache-iseq/e5/a3e08851533972
5074	./tmp/cache/bootsnap/compile-cache-iseq/e5/b01588080a431b
5075	./tmp/cache/bootsnap/compile-cache-iseq/e5/c8118138d4a74d
5076	./tmp/cache/bootsnap/compile-cache-iseq/e5/caacaae9e98fda
5077	./tmp/cache/bootsnap/compile-cache-iseq/e5/dfd32a50c1197d
5078	./tmp/cache/bootsnap/compile-cache-iseq/e5/f34c6a2d6f723e
5079	./tmp/cache/bootsnap/compile-cache-iseq/e5/ff8547ae84c765
5080	./tmp/cache/bootsnap/compile-cache-iseq/e6/0d94f4adaf9c12
5081	./tmp/cache/bootsnap/compile-cache-iseq/e6/3f2a49bb72894b
5082	./tmp/cache/bootsnap/compile-cache-iseq/e6/41b340ac482f48
5083	./tmp/cache/bootsnap/compile-cache-iseq/e6/5e3d688fc2106e
5084	./tmp/cache/bootsnap/compile-cache-iseq/e6/6619839f1e8d3b
5085	./tmp/cache/bootsnap/compile-cache-iseq/e6/7d9cc48a0c019b
5086	./tmp/cache/bootsnap/compile-cache-iseq/e6/b0251b546c1b61
5087	./tmp/cache/bootsnap/compile-cache-iseq/e7/817af28cd9eefc
5088	./tmp/cache/bootsnap/compile-cache-iseq/e7/89ea67437924c8
5089	./tmp/cache/bootsnap/compile-cache-iseq/e7/959df11fb8b722
5090	./tmp/cache/bootsnap/compile-cache-iseq/e7/a11cbe91f8c167
5091	./tmp/cache/bootsnap/compile-cache-iseq/e7/ac7628c8b58508
5092	./tmp/cache/bootsnap/compile-cache-iseq/e7/b279d001f8329f
5093	./tmp/cache/bootsnap/compile-cache-iseq/e7/be87ff77a13dbf
5094	./tmp/cache/bootsnap/compile-cache-iseq/e7/c843bbd28d69ca
5095	./tmp/cache/bootsnap/compile-cache-iseq/e7/cdbce08c4bf0da
5096	./tmp/cache/bootsnap/compile-cache-iseq/e7/d8f82378c0df71
5097	./tmp/cache/bootsnap/compile-cache-iseq/e7/eae9fe03ede7a9
5098	./tmp/cache/bootsnap/compile-cache-iseq/e7/f9aa13ca52d7d8
5099	./tmp/cache/bootsnap/compile-cache-iseq/e8/0482a772ac5647
5100	./tmp/cache/bootsnap/compile-cache-iseq/e8/0963e5212bc231
5101	./tmp/cache/bootsnap/compile-cache-iseq/e8/0e3dbad9ba7aca
5102	./tmp/cache/bootsnap/compile-cache-iseq/e8/125ff7cd436312
5103	./tmp/cache/bootsnap/compile-cache-iseq/e8/2560d2956ab290
5104	./tmp/cache/bootsnap/compile-cache-iseq/e8/42465edb8d32df
5105	./tmp/cache/bootsnap/compile-cache-iseq/e8/43f9739555847e
5106	./tmp/cache/bootsnap/compile-cache-iseq/e8/a3c2d942450930
5107	./tmp/cache/bootsnap/compile-cache-iseq/e8/a72b6bcc982494
5108	./tmp/cache/bootsnap/compile-cache-iseq/e8/b4864a02fc5e62
5109	./tmp/cache/bootsnap/compile-cache-iseq/e8/c1f3a639084c26
5110	./tmp/cache/bootsnap/compile-cache-iseq/e8/c5760ce63d42f4
5111	./tmp/cache/bootsnap/compile-cache-iseq/e8/e0061bd95eb3a5
5112	./tmp/cache/bootsnap/compile-cache-iseq/e9/1c114056884d20
5113	./tmp/cache/bootsnap/compile-cache-iseq/e9/2bf4529361bf6f
5114	./tmp/cache/bootsnap/compile-cache-iseq/e9/39db84cd310830
5115	./tmp/cache/bootsnap/compile-cache-iseq/e9/dd24bec03645c2
5116	./tmp/cache/bootsnap/compile-cache-iseq/ea/2b52d5849f2b56
5117	./tmp/cache/bootsnap/compile-cache-iseq/ea/57079dd3eacbfa
5118	./tmp/cache/bootsnap/compile-cache-iseq/ea/8a4e1f0ea7ebab
5119	./tmp/cache/bootsnap/compile-cache-iseq/eb/12ae3019b06f44
5120	./tmp/cache/bootsnap/compile-cache-iseq/eb/575cf07e33b239
5121	./tmp/cache/bootsnap/compile-cache-iseq/eb/73216ec348c54f
5122	./tmp/cache/bootsnap/compile-cache-iseq/eb/94c3187482b331
5123	./tmp/cache/bootsnap/compile-cache-iseq/eb/b8d2e7775ec7c5
5124	./tmp/cache/bootsnap/compile-cache-iseq/eb/cc57e6e9fa800b
5125	./tmp/cache/bootsnap/compile-cache-iseq/eb/cda1a90f3fb644
5126	./tmp/cache/bootsnap/compile-cache-iseq/eb/ceebe932f437c6
5127	./tmp/cache/bootsnap/compile-cache-iseq/eb/f03897d55e0e7b
5128	./tmp/cache/bootsnap/compile-cache-iseq/eb/fa9d9971154784
5129	./tmp/cache/bootsnap/compile-cache-iseq/ec/19c0a2135ce0db
5130	./tmp/cache/bootsnap/compile-cache-iseq/ec/1a2c13ab9304a7
5131	./tmp/cache/bootsnap/compile-cache-iseq/ec/23dd273e2f989d
5132	./tmp/cache/bootsnap/compile-cache-iseq/ec/28475d4feb645c
5133	./tmp/cache/bootsnap/compile-cache-iseq/ec/3c8b511038092a
5134	./tmp/cache/bootsnap/compile-cache-iseq/ec/4af90ef5e55be1
5135	./tmp/cache/bootsnap/compile-cache-iseq/ec/79ea56adf3b8d9
5136	./tmp/cache/bootsnap/compile-cache-iseq/ec/942dafcdea8b69
5137	./tmp/cache/bootsnap/compile-cache-iseq/ec/c9d2af9af7a5e3
5138	./tmp/cache/bootsnap/compile-cache-iseq/ec/ce31889efde0e2
5139	./tmp/cache/bootsnap/compile-cache-iseq/ec/d7242e51323f65
5140	./tmp/cache/bootsnap/compile-cache-iseq/ed/2450cb74f7c255
5141	./tmp/cache/bootsnap/compile-cache-iseq/ed/36b2409cbc0019
5142	./tmp/cache/bootsnap/compile-cache-iseq/ed/47bece4b578a86
5143	./tmp/cache/bootsnap/compile-cache-iseq/ed/84fc40fafa28a6
5144	./tmp/cache/bootsnap/compile-cache-iseq/ed/98a1620b5d0abe
5145	./tmp/cache/bootsnap/compile-cache-iseq/ed/b15159f47852b5
5146	./tmp/cache/bootsnap/compile-cache-iseq/ed/e8f6c73224ba59
5147	./tmp/cache/bootsnap/compile-cache-iseq/ed/fdb0c2b2c5525a
5148	./tmp/cache/bootsnap/compile-cache-iseq/ee/08b6e6c922e824
5149	./tmp/cache/bootsnap/compile-cache-iseq/ee/15415f4f91a8b6
5150	./tmp/cache/bootsnap/compile-cache-iseq/ee/2aef6c61461ab6
5151	./tmp/cache/bootsnap/compile-cache-iseq/ee/2e10ec948403cd
5152	./tmp/cache/bootsnap/compile-cache-iseq/ee/358929f10a7edd
5153	./tmp/cache/bootsnap/compile-cache-iseq/ee/4664e8ed1c4ac7
5154	./tmp/cache/bootsnap/compile-cache-iseq/ee/4f10490a7dd64e
5155	./tmp/cache/bootsnap/compile-cache-iseq/ee/904e5d1248b74f
5156	./tmp/cache/bootsnap/compile-cache-iseq/ee/97e661fb9aa391
5157	./tmp/cache/bootsnap/compile-cache-iseq/ee/a191fc9562251b
5158	./tmp/cache/bootsnap/compile-cache-iseq/ee/b14924c0452a0a
5159	./tmp/cache/bootsnap/compile-cache-iseq/ee/bbf4f3f922f8af
5160	./tmp/cache/bootsnap/compile-cache-iseq/ee/cd17b910666dad
5161	./tmp/cache/bootsnap/compile-cache-iseq/ee/e12588522031af
5162	./tmp/cache/bootsnap/compile-cache-iseq/ef/0a1df814eadaa9
5163	./tmp/cache/bootsnap/compile-cache-iseq/ef/102eee3215cd08
5164	./tmp/cache/bootsnap/compile-cache-iseq/ef/40c401df1e0d41
5165	./tmp/cache/bootsnap/compile-cache-iseq/ef/558587e7501922
5166	./tmp/cache/bootsnap/compile-cache-iseq/ef/731046927f94dd
5167	./tmp/cache/bootsnap/compile-cache-iseq/ef/763b564f977256
5168	./tmp/cache/bootsnap/compile-cache-iseq/ef/8cbf7cdcd8349f
5169	./tmp/cache/bootsnap/compile-cache-iseq/ef/a58916b7139aa3
5170	./tmp/cache/bootsnap/compile-cache-iseq/ef/ad91bc13ab1dc7
5171	./tmp/cache/bootsnap/compile-cache-iseq/ef/b8ded853dace37
5172	./tmp/cache/bootsnap/compile-cache-iseq/ef/d799699fad184b
5173	./tmp/cache/bootsnap/compile-cache-iseq/ef/f8857a836037a3
5174	./tmp/cache/bootsnap/compile-cache-iseq/ef/fe97ba5c47a426
5175	./tmp/cache/bootsnap/compile-cache-iseq/f0/041b311284fc0e
5176	./tmp/cache/bootsnap/compile-cache-iseq/f0/0ebf972d6a3687
5177	./tmp/cache/bootsnap/compile-cache-iseq/f0/1da9fac1534790
5178	./tmp/cache/bootsnap/compile-cache-iseq/f0/79f2546d358fb3
5179	./tmp/cache/bootsnap/compile-cache-iseq/f0/83d51fd9594059
5180	./tmp/cache/bootsnap/compile-cache-iseq/f0/876779104f5df1
5181	./tmp/cache/bootsnap/compile-cache-iseq/f0/88ca541da81795
5182	./tmp/cache/bootsnap/compile-cache-iseq/f0/b7aa7d48e1c99c
5183	./tmp/cache/bootsnap/compile-cache-iseq/f0/bb681aa6eff3ed
5184	./tmp/cache/bootsnap/compile-cache-iseq/f0/e43c7a8f81c231
5185	./tmp/cache/bootsnap/compile-cache-iseq/f1/2915e63648345e
5186	./tmp/cache/bootsnap/compile-cache-iseq/f1/46b88d6ad87e85
5187	./tmp/cache/bootsnap/compile-cache-iseq/f1/5f0cf5e5e67178
5188	./tmp/cache/bootsnap/compile-cache-iseq/f1/737516a351039a
5189	./tmp/cache/bootsnap/compile-cache-iseq/f1/7d270e9492d5dd
5190	./tmp/cache/bootsnap/compile-cache-iseq/f1/9a208dabdaef51
5191	./tmp/cache/bootsnap/compile-cache-iseq/f1/b9f48479997666
5192	./tmp/cache/bootsnap/compile-cache-iseq/f1/c997b37c19c525
5193	./tmp/cache/bootsnap/compile-cache-iseq/f1/cb1e996d48ee27
5194	./tmp/cache/bootsnap/compile-cache-iseq/f1/d6b331a03d4c9d
5195	./tmp/cache/bootsnap/compile-cache-iseq/f1/e6d9b9c81969e0
5196	./tmp/cache/bootsnap/compile-cache-iseq/f2/762e4cc0166ca4
5197	./tmp/cache/bootsnap/compile-cache-iseq/f2/ce0b268fc3b91b
5198	./tmp/cache/bootsnap/compile-cache-iseq/f2/d3fdcb21ae7a23
5199	./tmp/cache/bootsnap/compile-cache-iseq/f2/d70ac83a632fba
5200	./tmp/cache/bootsnap/compile-cache-iseq/f2/d9ce1d07ff8c67
5201	./tmp/cache/bootsnap/compile-cache-iseq/f2/e12c8a2d457c6c
5202	./tmp/cache/bootsnap/compile-cache-iseq/f3/00616d5f999e21
5203	./tmp/cache/bootsnap/compile-cache-iseq/f3/0ee2eea54f4f1d
5204	./tmp/cache/bootsnap/compile-cache-iseq/f3/0f030955184e85
5205	./tmp/cache/bootsnap/compile-cache-iseq/f3/0fc856dbad25fd
5206	./tmp/cache/bootsnap/compile-cache-iseq/f3/22b5f6ad5b3bdb
5207	./tmp/cache/bootsnap/compile-cache-iseq/f3/2ae841dc99a253
5208	./tmp/cache/bootsnap/compile-cache-iseq/f3/30b0ae0b2b06ea
5209	./tmp/cache/bootsnap/compile-cache-iseq/f3/4c8a1839ccde71
5210	./tmp/cache/bootsnap/compile-cache-iseq/f3/52e007c3bae880
5211	./tmp/cache/bootsnap/compile-cache-iseq/f3/5a9b0c80f4e60a
5212	./tmp/cache/bootsnap/compile-cache-iseq/f3/5b215580854370
5213	./tmp/cache/bootsnap/compile-cache-iseq/f3/677b888ff06d9b
5214	./tmp/cache/bootsnap/compile-cache-iseq/f3/7559610ea12544
5215	./tmp/cache/bootsnap/compile-cache-iseq/f3/b96e42bfcfc246
5216	./tmp/cache/bootsnap/compile-cache-iseq/f4/020b96cf50159e
5217	./tmp/cache/bootsnap/compile-cache-iseq/f4/1a83fc6d3d58d2
5218	./tmp/cache/bootsnap/compile-cache-iseq/f4/3fa2d51a73b435
5219	./tmp/cache/bootsnap/compile-cache-iseq/f4/582c7268670adc
5220	./tmp/cache/bootsnap/compile-cache-iseq/f4/5bfe40a0e24b3f
5221	./tmp/cache/bootsnap/compile-cache-iseq/f4/78f08a4728b198
5222	./tmp/cache/bootsnap/compile-cache-iseq/f4/ab3c06d1f0de55
5223	./tmp/cache/bootsnap/compile-cache-iseq/f4/acbd6409fbb230
5224	./tmp/cache/bootsnap/compile-cache-iseq/f4/b27ef1cae89ccf
5225	./tmp/cache/bootsnap/compile-cache-iseq/f4/baf3878695abb3
5226	./tmp/cache/bootsnap/compile-cache-iseq/f4/c5ef9adc377f9c
5227	./tmp/cache/bootsnap/compile-cache-iseq/f5/033c5c5b07bcbc
5228	./tmp/cache/bootsnap/compile-cache-iseq/f5/0e284f085944d8
5229	./tmp/cache/bootsnap/compile-cache-iseq/f5/1aa8a0837df168
5230	./tmp/cache/bootsnap/compile-cache-iseq/f5/452d55fe584022
5231	./tmp/cache/bootsnap/compile-cache-iseq/f5/7d27802298d929
5232	./tmp/cache/bootsnap/compile-cache-iseq/f5/9b78570ce351f7
5233	./tmp/cache/bootsnap/compile-cache-iseq/f5/b5fce1bf604752
5234	./tmp/cache/bootsnap/compile-cache-iseq/f5/c2fcbec287b127
5235	./tmp/cache/bootsnap/compile-cache-iseq/f5/fe069b2ca954e5
5236	./tmp/cache/bootsnap/compile-cache-iseq/f6/06b60e54a594d9
5237	./tmp/cache/bootsnap/compile-cache-iseq/f6/13ca1fb203b9c4
5238	./tmp/cache/bootsnap/compile-cache-iseq/f6/19b8dc1fd4385b
5239	./tmp/cache/bootsnap/compile-cache-iseq/f6/1e918d05736304
5240	./tmp/cache/bootsnap/compile-cache-iseq/f6/325cb6f62038b4
5241	./tmp/cache/bootsnap/compile-cache-iseq/f6/43b4a2f8b15b0d
5242	./tmp/cache/bootsnap/compile-cache-iseq/f6/595898a3bbe8d7
5243	./tmp/cache/bootsnap/compile-cache-iseq/f6/5b0123c061c2a0
5244	./tmp/cache/bootsnap/compile-cache-iseq/f6/91d110f34f9e68
5245	./tmp/cache/bootsnap/compile-cache-iseq/f6/b048805868e6c9
5246	./tmp/cache/bootsnap/compile-cache-iseq/f6/cb0604c98b8961
5247	./tmp/cache/bootsnap/compile-cache-iseq/f6/cb7ebe8c439492
5248	./tmp/cache/bootsnap/compile-cache-iseq/f6/dc946a41dbc108
5249	./tmp/cache/bootsnap/compile-cache-iseq/f7/13bfd162a173c8
5250	./tmp/cache/bootsnap/compile-cache-iseq/f7/1b00d383177661
5251	./tmp/cache/bootsnap/compile-cache-iseq/f7/1bf32d04dbe92c
5252	./tmp/cache/bootsnap/compile-cache-iseq/f7/2b496019c3b143
5253	./tmp/cache/bootsnap/compile-cache-iseq/f7/2c0380e2c36a8b
5254	./tmp/cache/bootsnap/compile-cache-iseq/f7/4f6b2f3f2d79b8
5255	./tmp/cache/bootsnap/compile-cache-iseq/f7/6b6c0bc6cbc796
5256	./tmp/cache/bootsnap/compile-cache-iseq/f7/7df5e387571478
5257	./tmp/cache/bootsnap/compile-cache-iseq/f7/8eba669b52ef94
5258	./tmp/cache/bootsnap/compile-cache-iseq/f7/cc10502f5e1f63
5259	./tmp/cache/bootsnap/compile-cache-iseq/f7/d2a03eb5014bc0
5260	./tmp/cache/bootsnap/compile-cache-iseq/f7/d4fbf29a162e30
5261	./tmp/cache/bootsnap/compile-cache-iseq/f7/dc382779e2a317
5262	./tmp/cache/bootsnap/compile-cache-iseq/f8/03c392ec2dc1d2
5263	./tmp/cache/bootsnap/compile-cache-iseq/f8/3dc81afb9dfbec
5264	./tmp/cache/bootsnap/compile-cache-iseq/f8/430837c9ed5437
5265	./tmp/cache/bootsnap/compile-cache-iseq/f8/58536b5ec10692
5266	./tmp/cache/bootsnap/compile-cache-iseq/f8/b250e70b835b9e
5267	./tmp/cache/bootsnap/compile-cache-iseq/f8/d2be7adbd532c4
5268	./tmp/cache/bootsnap/compile-cache-iseq/f8/f414df072cf8c3
5269	./tmp/cache/bootsnap/compile-cache-iseq/f9/056f34b0429606
5270	./tmp/cache/bootsnap/compile-cache-iseq/f9/0894f4b8d9e9d3
5271	./tmp/cache/bootsnap/compile-cache-iseq/f9/0a464315be7188
5272	./tmp/cache/bootsnap/compile-cache-iseq/f9/0aef2e5b75c393
5273	./tmp/cache/bootsnap/compile-cache-iseq/f9/1f6880d700eb89
5274	./tmp/cache/bootsnap/compile-cache-iseq/f9/20a74a136e7403
5275	./tmp/cache/bootsnap/compile-cache-iseq/f9/490277e120f742
5276	./tmp/cache/bootsnap/compile-cache-iseq/f9/a23d53245c4e69
5277	./tmp/cache/bootsnap/compile-cache-iseq/f9/fa717826f1f123
5278	./tmp/cache/bootsnap/compile-cache-iseq/fa/1eb88b2a9b5c94
5279	./tmp/cache/bootsnap/compile-cache-iseq/fa/242a50a7bb2d8f
5280	./tmp/cache/bootsnap/compile-cache-iseq/fa/3e0008ab1ac7f8
5281	./tmp/cache/bootsnap/compile-cache-iseq/fa/44b129c2caec9b
5282	./tmp/cache/bootsnap/compile-cache-iseq/fa/8a3e72eb6ee3bc
5283	./tmp/cache/bootsnap/compile-cache-iseq/fa/9eac13a94b2bc3
5284	./tmp/cache/bootsnap/compile-cache-iseq/fa/a7268a5c729ec7
5285	./tmp/cache/bootsnap/compile-cache-iseq/fa/a9eca386de88bf
5286	./tmp/cache/bootsnap/compile-cache-iseq/fa/acdbbef3eba23c
5287	./tmp/cache/bootsnap/compile-cache-iseq/fa/b27e4df58b346d
5288	./tmp/cache/bootsnap/compile-cache-iseq/fa/b6a53b72a1e041
5289	./tmp/cache/bootsnap/compile-cache-iseq/fa/cc35736972a478
5290	./tmp/cache/bootsnap/compile-cache-iseq/fa/ebb3d82357f36f
5291	./tmp/cache/bootsnap/compile-cache-iseq/fb/5301a8ea586db9
5292	./tmp/cache/bootsnap/compile-cache-iseq/fb/5e00cfd964fc38
5293	./tmp/cache/bootsnap/compile-cache-iseq/fb/9817b58f0b2ccc
5294	./tmp/cache/bootsnap/compile-cache-iseq/fb/b7f03ea13693be
5295	./tmp/cache/bootsnap/compile-cache-iseq/fb/bd05a940bccc2b
5296	./tmp/cache/bootsnap/compile-cache-iseq/fb/e9592be6e9475c
5297	./tmp/cache/bootsnap/compile-cache-iseq/fb/ecf9a020162c5e
5298	./tmp/cache/bootsnap/compile-cache-iseq/fc/12473ec6867fdb
5299	./tmp/cache/bootsnap/compile-cache-iseq/fc/1294966450419c
5300	./tmp/cache/bootsnap/compile-cache-iseq/fc/1df13fac734c0c
5301	./tmp/cache/bootsnap/compile-cache-iseq/fc/39630ada532ad8
5302	./tmp/cache/bootsnap/compile-cache-iseq/fc/59232325752c76
5303	./tmp/cache/bootsnap/compile-cache-iseq/fc/5f6a0391f5d3a7
5304	./tmp/cache/bootsnap/compile-cache-iseq/fc/64ae9bdc6bd57f
5305	./tmp/cache/bootsnap/compile-cache-iseq/fc/73475c6f929d43
5306	./tmp/cache/bootsnap/compile-cache-iseq/fc/7ca4b495fb245a
5307	./tmp/cache/bootsnap/compile-cache-iseq/fc/8e3b80ae417857
5308	./tmp/cache/bootsnap/compile-cache-iseq/fc/c2e2fa5470f1b0
5309	./tmp/cache/bootsnap/compile-cache-iseq/fc/d33403892fc9fe
5310	./tmp/cache/bootsnap/compile-cache-iseq/fd/2a29cba9dc9099
5311	./tmp/cache/bootsnap/compile-cache-iseq/fd/7b03063f46a650
5312	./tmp/cache/bootsnap/compile-cache-iseq/fd/83482bf83997cb
5313	./tmp/cache/bootsnap/compile-cache-iseq/fd/a9276d212645a7
5314	./tmp/cache/bootsnap/compile-cache-iseq/fd/d04e71369fea3e
5315	./tmp/cache/bootsnap/compile-cache-iseq/fd/e4cc2c53dca57c
5316	./tmp/cache/bootsnap/compile-cache-iseq/fd/e741a3674eae8e
5317	./tmp/cache/bootsnap/compile-cache-iseq/fd/f05a588a066c02
5318	./tmp/cache/bootsnap/compile-cache-iseq/fd/f4522f40ffafb9
5319	./tmp/cache/bootsnap/compile-cache-iseq/fe/78d76e8deb55c0
5320	./tmp/cache/bootsnap/compile-cache-iseq/fe/b278191f494ba2
5321	./tmp/cache/bootsnap/compile-cache-iseq/fe/b790adb2e27f7a
5322	./tmp/cache/bootsnap/compile-cache-iseq/fe/c466c5513c3218
5323	./tmp/cache/bootsnap/compile-cache-iseq/fe/ccc1307e2339d9
5324	./tmp/cache/bootsnap/compile-cache-iseq/fe/deb0c32d43765c
5325	./tmp/cache/bootsnap/compile-cache-iseq/fe/eb97377e949fd6
5326	./tmp/cache/bootsnap/compile-cache-iseq/ff/1885f37b7803f4
5327	./tmp/cache/bootsnap/compile-cache-iseq/ff/2c08479bfffce9
5328	./tmp/cache/bootsnap/compile-cache-iseq/ff/4d41c4e9faafeb
5329	./tmp/cache/bootsnap/compile-cache-iseq/ff/5b269b538866c6
5330	./tmp/cache/bootsnap/compile-cache-iseq/ff/642d15d73b89e3
5331	./tmp/cache/bootsnap/compile-cache-iseq/ff/6f8de66db6773f
5332	./tmp/cache/bootsnap/compile-cache-iseq/ff/706296555c3938
5333	./tmp/cache/bootsnap/compile-cache-iseq/ff/7bf09d261fd334
5334	./tmp/cache/bootsnap/compile-cache-iseq/ff/e61a323d10cd8b
5335	./tmp/cache/bootsnap/compile-cache-yaml/0d/4c72da0c4b3f04
5336	./tmp/cache/bootsnap/compile-cache-yaml/26/699d9c6c7d98f6
5337	./tmp/cache/bootsnap/compile-cache-yaml/3a/f307305fe062e6
5338	./tmp/cache/bootsnap/compile-cache-yaml/4b/8f78b7d2afbb0d
5339	./tmp/cache/bootsnap/compile-cache-yaml/4c/8cec26070b23b1
5340	./tmp/cache/bootsnap/compile-cache-yaml/6e/a712433c8c0660
5341	./tmp/cache/bootsnap/compile-cache-yaml/85/9836e5e729a477
5342	./tmp/cache/bootsnap/compile-cache-yaml/a7/24a204ed68d227
5343	./tmp/cache/bootsnap/compile-cache-yaml/cf/d279e0e0b0f19a
5344	./tmp/cache/bootsnap/compile-cache-yaml/d7/7e8c2697abd0a4
5345	./tmp/cache/bootsnap/load-path-cache
5346	./tmp/local_secret.txt
5347	./tmp/pids/.keep
5348	./tmp/pids/server.pid
5349	./tmp/restart.txt
5350	./tmp/screenshots/failures_test_empty_list_keeps_a_dragover-catching_area_so_drops_remain_possible.png
5351	./tmp/screenshots/failures_test_enter_blank_on_existing_row_reverts-_enter_or_escape_blank_on_new_rows_deletes.png
5352	./tmp/screenshots/failures_test_settings_content_window_opens_from_app_toggle.png
5353	./tmp/storage/.keep
5354	./vendor/.keep
5355	./vendor/javascript/.keep
