path	bytes	lines	mime	sha1
./.DS_Store	   10244	       7	application/octet-stream	df6fa340c1a916e309312568860a5249597d3f1e
./.bundle/config	       4	       1	text/plain	29e0c3615294958e3ca433eeab7a7199be318946
./.dockerignore	     874	      51	text/plain	81fa4fb424bdf54a81615afa468cb8fc791b1ea6
./.git/COMMIT_EDITMSG	       6	       1	text/plain	b06ffaf1aa63f8a795177c402e5f940d4629de43
./.git/FETCH_HEAD	      96	       1	text/plain	73c642b7bd9bf1c222143379974bff359b079c01
./.git/HEAD	      21	       1	text/plain	9f1df7eea4156be8a871c292b549b3325e425aa2
./.git/ORIG_HEAD	      41	       1	text/plain	0ca1eda3ff6f20f68ee3a47d44c332973182cf2e
./.git/config	     294	      12	text/plain	7f0af39b0c8e4939484123f3c4a19ac3a6a7b8d1
./.git/cursor/crepe/1ab7bbf97549a3ef3f9ba41edbcdf3caaa8a3d1b/index.bin	 1448056	   16790	application/octet-stream	3139e9f976c25323ff6bb68d945d84e690011beb
./.git/cursor/crepe/1ab7bbf97549a3ef3f9ba41edbcdf3caaa8a3d1b/metadata.json	      31	       0	application/json	741bd8c334b631161f915fc21c270a4efa5eac75
./.git/cursor/crepe/1ab7bbf97549a3ef3f9ba41edbcdf3caaa8a3d1b/postings.bin	  928762	    8958	application/octet-stream	0709fcfb4e11ff38c63e91344dc37c9eb888f720
./.git/description	      73	       1	text/plain	9635f1b7e12c045212819dd934d809ef07efa2f4
./.git/hooks/applypatch-msg.sample	     478	      15	text/x-shellscript	4de88eb95a5e93fd27e78b5fb3b5231a8d8917dd
./.git/hooks/commit-msg.sample	     896	      24	text/x-shellscript	ee1ed5aad98a435f2020b6de35c173b75d9affac
./.git/hooks/fsmonitor-watchman.sample	    4726	     174	text/x-perl	0ec0ec9ac11111433d17ea79e0ae8cec650dcfa4
./.git/hooks/post-update.sample	     189	       8	text/x-shellscript	b614c2f63da7dca9f1db2e7ade61ef30448fc96c
./.git/hooks/pre-applypatch.sample	     424	      14	text/x-shellscript	f208287c1a92525de9f5462e905a9d31de1e2d75
./.git/hooks/pre-commit.sample	    1643	      49	text/x-shellscript	a79d057388ee2c2fe6561d7697f1f5efcff96f23
./.git/hooks/pre-merge-commit.sample	     416	      13	text/x-shellscript	04c64e58bc25c149482ed45dbd79e40effb89eb7
./.git/hooks/pre-push.sample	    1374	      53	text/x-shellscript	a599b773b930ca83dbc3a5c7c13059ac4a6eaedc
./.git/hooks/pre-rebase.sample	    4898	     169	text/x-shellscript	288efdc0027db4cfd8b7c47c4aeddba09b6ded12
./.git/hooks/pre-receive.sample	     544	      24	text/x-shellscript	705a17d259e7896f0082fe2e9f2c0c3b127be5ac
./.git/hooks/prepare-commit-msg.sample	    1492	      42	text/x-shellscript	2584806ba147152ae005cb675aa4f01d5d068456
./.git/hooks/push-to-checkout.sample	    2783	      78	text/x-shellscript	508240328c8b55f8157c93c43bf5e291e5d2fbcb
./.git/hooks/sendemail-validate.sample	    2308	      77	text/x-shellscript	74cf1d5415a5c03c110240f749491297d65c4c98
./.git/hooks/update.sample	    3650	     128	text/x-shellscript	730e6bd5225478bab6147b7a62a6e2ae21d40507
./.git/index	   40265	     377	application/octet-stream	6c1da00fc45f218afcaa74e0941324429f7eef4d
./.git/info/exclude	     240	       6	text/plain	c879df015d97615050afa7b9641e3352a1e701ac
./.git/logs/HEAD	   13593	      85	text/plain	703c62e2a8369d2ad4f56c1a428cb9da95f4c949
./.git/logs/refs/heads/main	   10908	      68	text/plain	d8678b62e977c1bd6d7721bde28c726eff4ce297
./.git/logs/refs/remotes/origin/HEAD	     181	       1	text/plain	6b8a22cc9bad6e8edcfe307f01b7ae2ed229d4cd
./.git/logs/refs/remotes/origin/dependabot/bundler/kamal-2.11.0	     156	       1	text/plain	afe159ff9adb4db4704ab2c52f54f79846066070
./.git/logs/refs/remotes/origin/dependabot/bundler/rails-8.1.2.1	     155	       1	text/plain	5251c4d9f334cac81edcca0d8036fecf4d324819
./.git/logs/refs/remotes/origin/dependabot/bundler/rails-8.1.3	     155	       1	text/plain	7521757da138192e2b1f4d790e2a51884549faf9
./.git/logs/refs/remotes/origin/dependabot/bundler/solid_queue-1.4.0	     156	       1	text/plain	c8d2e614c56a2bb6760a8d6642f3ea80669d9970
./.git/logs/refs/remotes/origin/dependabot/bundler/thruster-0.1.19	     156	       1	text/plain	34643e9283ffa26c25da2ee6d169d1131f4957e2
./.git/logs/refs/remotes/origin/dependabot/bundler/thruster-0.1.20	     155	       1	text/plain	c6b4b877d3d3808fe391e6a28c59a223ec9e5ae2
./.git/logs/refs/remotes/origin/dependabot/github_actions/actions/cache-5	     156	       1	text/plain	0d8108c36ada275d8bf7e7e0f7ef8b435fbad4e4
./.git/logs/refs/remotes/origin/dependabot/github_actions/actions/upload-artifact-7	     156	       1	text/plain	a4b552bce444c83757662869d47a2b11e84c82ad
./.git/logs/refs/remotes/origin/main	   10284	      67	text/plain	1536330746e65247e9a34b1a6d1bf95322d4f077
./.git/logs/refs/stash	     151	       1	text/plain	dc77aa0a8c57337cb6fc7022074ea21d79e3f042
./.git/objects/00/050045bafc74fe43da3eef64a75ab8e637b1eb	    9426	      33	application/zlib	906213f5f37c35bdf5720276b42f3c0d4a1f1ab6
./.git/objects/00/9fb938cfbf34ce78321624254aff2f5fa05536	     196	       1	application/zlib	edadacc929d963f2d4065acc104a2309f64750ba
./.git/objects/00/be93d1bdf3d626971eaafc8c6551602d4ae390	      58	       0	application/zlib	71b7762f0120c4d5ed65312fc8da8bd24af6bbb2
./.git/objects/00/cd963f0386e89ab4dcd82244d53f4fc3078e4c	     816	       4	application/zlib	4ba7cffac5baedde72651df4a038a63ddd51cf0f
./.git/objects/00/d70959eadcfec7f7d3d267b87776d4bf00b7bf	     106	       0	application/zlib	372a72a06067aadea19d899ce7f0242f56594b86
./.git/objects/00/dd897ff60a8561178e5501197beeba38c16091	    1056	       2	application/zlib	e74de2395d682968f7c7dfa56d15d09c6c35ae0c
./.git/objects/01/2b81a65238ec11a9dfb421150f5abf0a373511	     241	       0	application/zlib	60d7a5e1c33f3c00fe97de2bc9ac6bf5ee55f3ea
./.git/objects/01/87d60aa7bba298b237c69ce83b1794040e4f83	     833	       4	application/zlib	360e5bb83eb137f3e402b07333aa7e3575b70660
./.git/objects/01/94ec2ea0b0cf80e7b7f507f7cf04ef92896a08	     528	       1	application/zlib	0f2653726d9a690e9934402648f049f2089002fa
./.git/objects/02/007d5ff571e65cd84909d113799bf4f1f4b507	    7647	      25	application/zlib	60675ac8b08aea1cb1b5c31275241bd77514dd7f
./.git/objects/02/07478b311c2d41d366b0f0143c0b79033fd7cc	    4539	      22	application/zlib	2e4cc49ce7de972b18108f9545ab1adcbdce2b9a
./.git/objects/02/1c8ede59eb1b0d157411c84b9c01326e6dbc1f	    1097	       9	application/zlib	497fb3caa72f17683a3ef4f68b3d4e689f608c72
./.git/objects/02/418f392fca722763742e90e8440cc7a64cf120	     109	       0	application/zlib	fff81d6be9aef739a48ce88187d81ca978381cd5
./.git/objects/02/4590aa4503ea44c86ad8d1fd5fca32ac3ee48d	    3186	      17	application/zlib	83fea6d92a601857aa53a8e622be739d0b866159
./.git/objects/02/7053aa0fdf707c10b80253783e884998707312	     258	       0	application/zlib	bd0f265c0c29eb6aace956f983e2cbede9ba8fab
./.git/objects/02/f82dfd28b6d8eb19e40c4c7454cd0d92963969	    1727	       6	application/zlib	47bc69da4467131f76ad58139fe3996644aa3f6e
./.git/objects/03/fc658c339ce7ad6a067cc219a50446a2133b69	    1835	       7	application/zlib	b9855bf61258b66d153617b45e891985f1d350c1
./.git/objects/04/5aaaac8e73790eef1d5b94115c18183932ef3d	    2414	       9	application/zlib	a3056961df94f5c20687c16f8b1d961885fe3981
./.git/objects/04/7643453427ba2e8dee715087c5e314a14d5302	     401	       4	application/zlib	b84b37b53b96f1165784b2329b2b7e5ab1b55524
./.git/objects/04/a0dc3a1a27fe797766de954aac8f0023b34ac1	    2043	       9	application/zlib	7def4a0afd6fa55f6f76f1b0a25fb9fdbe29f51c
./.git/objects/04/da7ef7cc5ff8c044b8fc6bb792d7667968c63e	     646	       0	application/zlib	1c24b2286d5463ab802fedc7b3d8829f8821eca4
./.git/objects/05/3e7607caaa3c0ff1ce85b2d9925f8269afd80b	     310	       3	application/zlib	5a521e8bbcde33073bb23fe2bfb7ec004da2a924
./.git/objects/05/8f37db90ddf522956be8a6adae80e5d8cd52e4	    4376	      13	application/zlib	a8064e69b43b9d42fea3c1c46e08cab8a02fa144
./.git/objects/05/a718c3fae0492aaebb69d49843b7b2e2128d74	     139	       2	application/zlib	4b172db05f1300bf58911afd0a352c7671c19998
./.git/objects/05/b687ae2409e82769a52e67c4b2e88820c0d461	    1198	       5	application/zlib	09b830753964c64890f87657b67053c4c8cdb92c
./.git/objects/05/c5cf7c3f986d011f3c4d81138350f6c823e029	     108	       0	application/zlib	531b2d8031b46088a495811371b6bfbc14b51be9
./.git/objects/05/cf72c0fcc46257ddbc5820b6551d36213664d1	     293	       2	application/zlib	ad91b4ce6e517333600d5890efffa03fe7c01f14
./.git/objects/06/00ded3d747cbdeda523e1c8e6b8a023ade7978	      58	       0	application/zlib	6fedb398d3c56ebec802292556c8a74b6e13163b
./.git/objects/06/79055b58e87b71d0be7942f3ccfa0f7f44381d	     212	       2	application/zlib	4f93bad18b5f15e4ba4880713511a8f126083947
./.git/objects/06/796ad3a8fb918ba1de73abbb10ca2c320c0070	    1854	       3	application/zlib	f401b09c5c3e8bb8dfb8d6184e4b5267e6eb1330
./.git/objects/06/903fe17a6f6d9c6d443065443844da243246ed	     293	       1	application/zlib	1aa7e42db57d5c55da70657a1a74c855fe1b9716
./.git/objects/06/a05af260dd25764747cf39cf74df2f370d46b2	    1933	       6	application/zlib	b5fea8c5d933a2a42ee170b2343505cce9f62259
./.git/objects/06/e95399f7bb299589a32ddf78a2d2318f2de1e7	    5643	      18	application/zlib	0fee6efa79cb04e336651b80a32122caec9597b9
./.git/objects/06/ea368474937ab5cd4b15529f73f73d289f8455	     859	       4	application/zlib	f5d2e4b8a90fc10cb9c341aae21bfff5c324b48f
./.git/objects/06/f96e14abd362c4c177756c1c911cbcd687aa43	    3067	      17	application/zlib	848ebb55363112349061c6114953c1129a586ef5
./.git/objects/07/0ab0f452c33aa7febe9fcf2e9591449627589e	    1905	       5	application/zlib	71ec7e62a84369a75cd4a86ccf6d1a1845960acc
./.git/objects/07/8062b582e6f32962ba7a94630ad1e5378b50f4	     165	       0	application/zlib	9d37ff5b2b40b0dc83aafe0c6ae53f9252c61abe
./.git/objects/07/b537472d876e20fbe6dbeaa52528d87a243018	     391	       1	application/zlib	96bd4aa3369c511473e5f746c5b6b1353aeffd3e
./.git/objects/07/c97362ec5480611580ba08df620eda5f48bfe4	     159	       2	application/zlib	c277887cd1b52aa47eac2ec52842b4667e6b7789
./.git/objects/07/dab3abe98abf1dad7a37fc007cc5a8d7b74471	     273	       0	application/zlib	745b2f44ae1d43190b313f0ab6b8cbbe919928a5
./.git/objects/07/df25e80bd5a15a5463a95dd79d90dfb08e8ee4	     111	       0	application/zlib	5a76c66c4956008a9a22760440de01f270942ea6
./.git/objects/08/2734273428415d55a410a01bd7a33222caf2e3	     124	       0	application/zlib	50a5ea898a0f537fba1ecf9cded897c42f94fa43
./.git/objects/08/2e9f433bfac9dd236b061b7e04e22526a5c416	     166	       0	application/zlib	04d3b1f002046a6174c1b894ec123bf7367a74ef
./.git/objects/08/3bf9c8ce1e55df2cf5a00c75f09f1e6bd49c58	     294	       0	application/zlib	e9bb2784007a71871d601addb4c43723e390996b
./.git/objects/08/50d8479ac38d37a995ed808336912a29528429	     296	       1	application/zlib	1ab317e8f2b2f08d10604ac095117cdd0421478d
./.git/objects/08/6ce68b47f1fe1ed79d4c530d4221f451e15d81	    5090	      21	application/zlib	f3c04d3f815c8c4de681168fb3072a22103d3bd2
./.git/objects/08/935c0224780073d9f2e58217bd219975051a65	     126	       0	application/zlib	3867d114b89c827669150578c55caaeb395b34af
./.git/objects/08/9f4da0f2c10fe5ebda71a41e1c30d5c8205d4c	     293	       0	application/zlib	165fd83793fea33bf584765171f3f083fec20068
./.git/objects/08/b1f28d7a4195159b62749dff7595255eb9484f	     109	       0	application/zlib	83c1cdaa2502a4f9f5150a1fae94ddf5627878ed
./.git/objects/08/f84ce12ebac0ea670b9266ef57a77ad480b547	    1427	      10	application/zlib	b5d22836076621affc11ddd51c5a984fe8171cf7
./.git/objects/08/fa085a9ee7dac19a7574cb23ae8b6b6ba5484f	     340	       3	application/zlib	e8830349fcdb70e9d15d9ffbd5b03c890f8da9e3
./.git/objects/08/fc004dc33647fdd67cda35dbc456258dfc7786	    2820	       7	application/zlib	3a5f20a9fde510d1ecdd409d8ef8df4379014c93
./.git/objects/09/0b37ff49c963c70989189c183cfec0b9858fd2	    2611	      11	application/zlib	393c7e85dceb1e41521c5a920fcbe72975e67ae3
./.git/objects/09/6d7b31bcdc36a67352a3c479c4622b59546675	    1739	       6	application/zlib	3a63d8e6ca9e5a2409b013246ef20ac32b42ebc1
./.git/objects/09/a9d4dca88abd302a0b87bdd7b0fb178965b468	     859	       3	application/zlib	484416ef642e4161a8cdcc00eff572253f75b82c
./.git/objects/09/b480beebca106c7b4ccdef428516e00ee05c5f	     330	       0	application/zlib	2bd2f7ee60895ce37d3d1f8963f6713934a97b4b
./.git/objects/09/c95bc845661fa46ac3855cc8e206dc0db8e86f	     235	       0	application/zlib	f14ad7ad31ca13d8e9bfce5363957cbf6f09b1e0
./.git/objects/09/fbce09fb1432f74ba77b6e555428f988adf956	     673	       2	application/zlib	b7b5d3e98120211192541b0c251d0bc9fcc7858c
./.git/objects/0a/4b27e0cf7a26e9a0e59875b7faf483c2cfa796	     258	       0	application/zlib	4d7f639d943a54a38d45de9874f255802cda1816
./.git/objects/0a/537a178ae8210baa2a0ce4f98016b9f2c9c510	    5915	      24	application/zlib	b92b5f33fa004281f8b2ec7f96280c7db12aa979
./.git/objects/0a/86e078801cd7da5d4d41ade0ebb3546c6b06bb	  120359	     501	application/zlib	b1ea7a89c740c778b9c7754591b2645eb4dad265
./.git/objects/0a/9928cd3c4b596fe9fb9afd3003a1613a0fda12	     198	       0	application/zlib	dd6c3bb3471eccac77f3efb2ac9034b2c1d27467
./.git/objects/0a/9e64c24f7d9e24ae4015aede852fa3d430f5b6	   11114	      32	application/zlib	4b44415aec5b02e3805184eb33fdb265ece7b177
./.git/objects/0a/b3210eb775d7a3bb3005ba60edb8a9b6554280	     293	       0	application/zlib	06c960d7a285848ee7fb91226dd25e4805d471c4
./.git/objects/0a/ba9f67d9ca4dcb8630fd95c8c324c4d660a54a	   47863	     194	application/zlib	6869c355bb93e80d775328f7b9c42080a51f3f2c
./.git/objects/0a/c092b07fb590e2114c3923c42a0b410c0057a6	    2102	       6	application/zlib	d66806befd2567714192e13d74810bb3bdee51c8
./.git/objects/0a/e3d9a7793db510b3a14356ddabb1cdcc958965	    1832	       7	application/zlib	ad895810482bbe3e38d5f7eb092b9cde04684623
./.git/objects/0a/eb090385373566c66907e23382775f3c357796	     146	       2	application/zlib	6e09c390914b630121f3698aba8be34b56165b96
./.git/objects/0a/f010e4b9821f1e03f26c7836f71f28b3d0cebc	     741	       2	application/zlib	a49e480738b7dcfe97316d2d0581d1985b150df1
./.git/objects/0b/037e1b85bb3023a67d78f521c45e4b50aa6ad0	     537	       3	application/zlib	2ad10d16beebf6e4d6b1f629a08f0c9994a589a3
./.git/objects/0b/0460007a5ccad64c348f2b420befc01fb0a25e	     346	       1	application/zlib	0c694e7bff17e1a9a6e1da1760df5494f096b1de
./.git/objects/0b/33b652699da59ef0687c07964c99fc4a5dc59a	     124	       0	application/zlib	d3de49071006fd34baa5146031eb90f6eaa3f92c
./.git/objects/0b/3e56f0aae9557ee3e4eb0fbb4599435ebe0e6c	     159	       1	application/zlib	668652d23421b84f143c31cc80e89d0ea2a60f75
./.git/objects/0b/4fbd2715792624df45e2bd374843db2c148f3d	     294	       2	application/zlib	0386abfe5c7b468ae600b64fe1172c48355052a8
./.git/objects/0b/5a7ede609f13d26a5eeb43bf0eb6d7c61be5f1	   46261	     204	application/zlib	eb9876ec06c164a90caeb6be8f64a090c5b96ded
./.git/objects/0b/70192b02ae663ffe330fcd842078e7e1975691	     941	       4	application/zlib	c8a99fb0ec50ea44a736d85180c65ff4f4323434
./.git/objects/0b/7baaeb18f7295a1b24a7f251e3ec36a4c6e7be	     157	       0	application/zlib	761934e47dfe5c7ebc28f11afa33b18e27534373
./.git/objects/0b/913eea8466819f866b2a0c01be9355fe872ca4	    1897	       6	application/zlib	0e69287e6ccb1cb045c4a9f0388ce9e8c33dcbcf
./.git/objects/0b/ac99a787991fc071b1a178f834ce82bce972cf	     194	       1	application/zlib	4758acbfbcc46fc905b9b34acccebe53c65624a2
./.git/objects/0b/adfc1bfe1d581ddb1d389508ea0b0c9a7d268b	    2066	      11	application/zlib	6fa48fddac69f755f672e2db110cb49fc82a3b4f
./.git/objects/0b/bdd3edc7b51404588bb75d8084abfb941aa658	     109	       0	application/zlib	899adab47be06edc015b6d349b10b45a313f6494
./.git/objects/0b/e974061b0e376e02af34c5162257487f05d1af	     414	       0	application/zlib	af920f980ba20221e6ca467a7cf4b578b94c659f
./.git/objects/0c/4cc7084eaa97457d5bce3546f6e6ff2ccb2d66	     906	       5	application/zlib	4386d2d4993762f139233457f647567a3ac23f0d
./.git/objects/0c/b3b521e67217a2be49da17a961a512163f5789	   16056	      69	application/zlib	4a0740f24125d71cac5c0db0268c787681e05c67
./.git/objects/0d/196717f8fa3c282953f4e72bddfa999f16c185	     124	       0	application/zlib	77fb95fcd9687b20db099c6c1aa37a5c1380971e
./.git/objects/0d/284281f00d0b14579e15760765025d22ac0209	     108	       0	application/zlib	b916aa5e2b6c21522036488c82308425b871ac89
./.git/objects/0d/40560fb9221f39b51649817c25fcb82885bdf3	     326	       2	application/zlib	ac848f69c2341369d78dda489817047e4eb4f10c
./.git/objects/0d/58b0b279161a9fb75487839991f5bb5bd1140b	     863	       5	application/zlib	b7246aed662a711a59af1a68698f19a1d781f7de
./.git/objects/0d/65e7f51ac8555f550775a21033992c13760a58	     206	       4	application/zlib	14184b3a09a849b817d48b5de4719a1cf629ddeb
./.git/objects/0d/666b796c8885b9a2bf5cbcb0cb1804189b4870	     973	       2	application/zlib	375633a9581505993fbdd8fd5bc64d25610a4419
./.git/objects/0d/a32c4f3c43aa3c85c60b5698b8ca524e77e4db	    1180	       2	application/zlib	51a518a27ce39df9b5cf147cf133429262f80bb9
./.git/objects/0d/ce4bf18ad5b94aa5ebfcf035cbebfd0cf35d28	     678	       0	application/zlib	44dcbf98bda45be7e8aae313f443cdf6102832bc
./.git/objects/0d/efd66c6b9992136b8c82a0b2cecfade3ff0726	     636	       1	application/zlib	470d69a482c6e738aa9773e97f6c304ca49bb0df
./.git/objects/0e/07d4ae588db86aac3e54c86b5ba8213a33e6f5	    1178	       1	application/zlib	a8af08e172ef3188ea9ecaf8213c485946eb6aa4
./.git/objects/0e/7c881e3d56143c2392fea535f2e9f851d287c6	    1215	       5	application/zlib	92fd3f3ab2e5f7bd3d6117e39d83ab67f2fd68fd
./.git/objects/0e/f08e60c819e3b6f9f9ac09bc4854bcf48530bd	     490	       1	application/zlib	e407a25fd6d13e4989a0b84c5087d3bd7d03a0e5
./.git/objects/0f/1635008079e295f986a7b3e3eb7b4dc372428a	    1751	       6	application/zlib	36ca7d51bcbf8b910fe6ac6500a538dc9f92367e
./.git/objects/0f/192b678a6b8327ebc5d655810813b3d30b0383	     124	       0	application/zlib	328655beab0d94a8500b5e3c4a762809f309f23d
./.git/objects/0f/521cb78e26e2f49594d84b10b9d1b1e36ecba1	     124	       0	application/zlib	d72fa1f6083f684b17e6fcbe24bb323bf4c7c6d1
./.git/objects/0f/b62065fce115c28dd753f326879270b97898ed	      47	       0	application/zlib	a50cca15a5458f6b3cb68f75efe99931d58727d9
./.git/objects/0f/d7c9c6f3543024ff8fd0847ff04c2f5807a3cc	     261	       0	application/zlib	3cae1a293d70fae7fa49f7a4b670f582b178d40f
./.git/objects/0f/da20e447376a47c7fb7490cd1eecf4bb499044	     205	       4	application/zlib	137c1681f10f42c73a5f5b10c1da53ad2bf05fa1
./.git/objects/10/08500c76f971ec21c773f7d8fec3b1b157fa28	     207	       3	application/zlib	16e515af1d058be732c8ff056b1b13cb173b2898
./.git/objects/10/224caef244e112f3c497c08f2ecc766ee24a07	    5089	      17	application/zlib	8fd0d3a84effae48ef2ff1ae40fb04ba294be91e
./.git/objects/10/2a58af2b88161fc3a3022210cf034b331d2d4e	     294	       1	application/zlib	4fcf69ecbb977a5f2e1a56842498132a60555dfc
./.git/objects/10/2f9118ddf806c23d28c71e235b023fbaf2211b	     478	       1	application/zlib	b8daf125d8fd853ea2ed9ae144994f1e827a7f16
./.git/objects/10/46933da5811e6c94bfe0de73b63ac3e7a96427	    6096	      33	application/zlib	f56358b8a62bd661e442b29c311d958ba60e5315
./.git/objects/10/51f59541e1d8a95f07cf1013ae7b5ff653af50	    6039	      20	application/zlib	e2f99bae2b7d48b90583f1780ccfecddf5d20daf
./.git/objects/10/5509d2a3640a24759855e88eeec56594297b92	    1580	       6	application/zlib	55602e232954033f53fdbc6416f529203db3f5e3
./.git/objects/10/6150b793527f5a5e8a9979984fd88c70180507	    2934	       7	application/zlib	5c385fa11684a5a085f5ee474a26918a1ab5066b
./.git/objects/10/9918df62298a2b162ab9980bffdaa1232ce9cf	      58	       0	application/zlib	a022da8d73f971b7976b106f2e9ab837958296ac
./.git/objects/10/a676e9beb3e9dc0e74d361136d4d5a579d6b45	     513	       2	application/zlib	8ef15d130a641431c330df2e06f360372949f6ab
./.git/objects/10/bf594bb9bb801ca68ff30265e92fcb78d1c184	     356	       2	application/zlib	516652aea4c67e814d64a7bef1cd89992dc15026
./.git/objects/10/d78c52b68c38c19811342ccdb2fa1667f5f195	     192	       1	application/zlib	63d704cb878344647ba99daa967009a8dee44f65
./.git/objects/11/115ed84eb075b5cb091cbdf358b6db36d4f6bd	     161	       3	application/zlib	ca3a5ca4f951cedc450d9a6c2c0b8ae6f46ae464
./.git/objects/11/58c6d5cb01678621f1994ae638fda9361d7813	     713	       3	application/zlib	9f85c96673252bc52bff4467e079e2fa76fe24ef
./.git/objects/11/75184e059a9afcdb9a4cc93ed073398f61e26f	    1405	       7	application/zlib	0050d646fe5717c59a6dd4cc7c714c2e55cbfd05
./.git/objects/11/e4b22d34c5acd4617cadf4641811bddc24985b	     140	       1	application/zlib	76b3e258d17355aa3a03a0e56823d250fcf35b55
./.git/objects/11/f19e7c70ae8be6998fc7718fde77947f8d7dcd	     197	       0	application/zlib	8f3db65342b10ea360f1c9ef94c7b2ed493afdd9
./.git/objects/12/2bf00d1856f4d698518174f7ea4fd6a67b5fd7	     124	       0	application/zlib	ce8af9c181095802f41637d00f861b1d8d15fa6b
./.git/objects/12/3b4b8c53493b9f83ee155c39aa157e880f40e5	      58	       0	application/zlib	20ae0e7f6fdd59276075aa542d4a9d5cfddef7f2
./.git/objects/12/426503b66a20ed67af59762921d1ff28cd50d4	     431	       0	application/zlib	f83835cd19fea26e03bb6b2d0431387b3da7921e
./.git/objects/12/7f4da6c1ec7f5f2c584d790eb7c24a73af69b3	     130	       1	application/zlib	61747529ad5a17baf8a0d93a99e6317e5f58e1d5
./.git/objects/12/832b78f0d3ee86381f3aad61b83f5ac7cf9d7f	     556	       2	application/zlib	c4eaa040103ed82ee7a15441be9563709f08e12e
./.git/objects/12/ab7c4d3d160cabe410c4a1af6a69ccb8b608db	    1565	       8	application/zlib	98998d935772e7b343dc3b3fdefaee3595960cf2
./.git/objects/12/f73953513991ae1e1440007d1cd5fbe41cd197	   15835	      67	application/zlib	4a31852d3f3aa94456ebc7d41f2e92660e0cca6f
./.git/objects/13/18411ffecd98e6edd52ddffd438194662c242c	     112	       0	application/zlib	9c7ecb1173c5d02ccc355b0543465ae2b0fcf46e
./.git/objects/13/577664b0a64aebd097d121170487fcf7a67c80	     973	       3	application/zlib	e53bdec760475f0e3694a067ee76d13cf7794941
./.git/objects/13/7bc2bd3d0692eb8724fdf3d2c1c295b6f3c56d	     517	       2	application/zlib	ecf981a6502d84f1d0ed75d52a07c0e3d0488f6e
./.git/objects/13/9f0449e39a9546e4bb4efaf252cdbc1f2ffc05	     124	       1	application/zlib	ce6ae4767e391c2a8f6d5d20936af179da5ff034
./.git/objects/13/e1d462396c75485efe486099b3840d241bf2d6	     294	       1	application/zlib	c8eb341660981c28ab62436a23378d69a5b0b4b2
./.git/objects/13/ff311c95b3ae09c4e27524c841edcec8dd410c	     109	       0	application/zlib	42ab1a70c4e41f057877e99c459f4804683ba48c
./.git/objects/14/173e22d7f93b38bc0cec52f4549fef6be6a604	    1271	       6	application/zlib	9941b46ae8ae0ff8c8b779684a349d768266d352
./.git/objects/14/5a63ae4a9d1634c44724c5cf3edcf9546acce6	     192	       0	application/zlib	bb78337df97427ee6577c6103e81cafd347576a6
./.git/objects/14/6f696300792d69b11522b237a851b19a58787e	   10844	      46	application/zlib	24ea073bbdb505aaeeddac8246f1ceec69c07565
./.git/objects/14/e94134601b3d9036bd978a512d9b844ced6ccc	     179	       1	application/zlib	d01757fe6533ec294f37e9c2286307a1c5002fa8
./.git/objects/14/e94384132deb261b0e9923f3296db68c653220	   50942	     216	application/zlib	30494d058bdb88762c7e7b841ba241bcad75fcea
./.git/objects/14/e9af7c3124639a58ed68638af9d17951fad21b	     112	       1	application/zlib	360d864b2a2fdfe441478e4a83d68d3137237784
./.git/objects/14/f3b209321998caa9ea05cb52cd63cbfa16bc14	     862	       5	application/zlib	5ba5d3d0004c7ecb6d883b27d461a5dbfe926680
./.git/objects/15/0a397570478459aca8e4434ce02ef151fa7306	    2116	       7	application/zlib	d65fc3f2150913c651ed48958c56b72ba20f7350
./.git/objects/15/1f62a50f5286fddf722dc79059774ec6be1cf4	     316	       2	application/zlib	6ccf54747bad94f192ab47aeafe371df5b9f7c7f
./.git/objects/15/4b4558ea30e0471e26f5965d75705c40883f75	    1101	       5	application/zlib	d5ed2568ff76166ff8e4d02990212e253f63e106
./.git/objects/15/6196c6a81f689a769f0462fc6887f31a088ef7	     755	       3	application/zlib	b031cbfdbb262b3977ac0447b99d4903ba5b2aee
./.git/objects/15/fd8887965cc1af2efc82649609324ee43bdcd5	     857	       3	application/zlib	94189394789eef7337df1a86769ce67e12f498ce
./.git/objects/16/1399ce5646cacd29c069da9fc893b648eda430	    1017	       2	application/zlib	1b502a8f5336ba38918c9012d1da3b80a8a0a2c2
./.git/objects/16/55302077f63eb7df2a2a48db1ca1492909ff06	     103	       0	application/zlib	598cf7ed2b2f1ab3a3baa8e0131ff70291c5f42d
./.git/objects/16/7de6b86bdc0c02fcc7a5f83c3fc60c5b8e0e1b	    2708	       7	application/zlib	9cf2d838f1f1e78a0fe9524f81cd996d8e4c21f4
./.git/objects/16/84881943e8ecb0a262d30ad0948cd38f661017	     112	       0	application/zlib	62585c1ed228304d0902f870766b3ebbbbdb6fd1
./.git/objects/17/163ae7c0d5838e8622d2dbb31af2d69be53c48	    2642	       8	application/zlib	03d4ef6d51fcb88183b502b14e24a4b1451746af
./.git/objects/17/6328f4d7254f04d6a8dc5ab098dd9f63ebdb2e	    5277	      28	application/zlib	df2af3999a932061edccfa0aaf4d4b8872485583
./.git/objects/17/7d07e4c463dfed8b3d2c46066e377057dae279	     775	       1	application/zlib	d76de157d7691b39a7d5cbf71393466af167b3db
./.git/objects/17/a4db6574af2a7d8f85285a3492acf1c9a3bc40	     859	       2	application/zlib	aac24e46573576150ed48b775a699ba9c97f1970
./.git/objects/17/eb338d7e856f95e36267e0c64a6a896ff9d593	     671	       4	application/zlib	82a8caf3195f0c4e8ed7a81deaeb6a64f70922a4
./.git/objects/18/0c5784c3ef6983efea4f03690215566a11c3da	      58	       0	application/zlib	f66b3954853a11a7c92558874bbfd27057713fa7
./.git/objects/18/112b80db7cb13ea6eeeb9b6d99df1323415526	    6054	      21	application/zlib	b067cfe7343be0190e8a816561393863e1a99939
./.git/objects/18/1471e6db3dd46e4f10be185c4eb76cf904f623	     124	       0	application/zlib	674df5498e7a08ad62327b41864d9faa2a0d5484
./.git/objects/18/446e5c62eee39afe6b57827692334a6270809e	     860	       5	application/zlib	4593cf8d2aa3b828322e7746a739938dbd83cba3
./.git/objects/18/71103bb24a1200eae3601a15a5fbe189009368	      63	       0	application/zlib	d7485777b5fdfbc4456f3f7f73a6194c97d634d7
./.git/objects/18/a69c32cf7a1c86f8926ff9e0f42c31faded308	     124	       0	application/zlib	2df397fbbbc498ab04404e3bd6f56ec521efde45
./.git/objects/18/b8eaf677a20c50e1f1dfc2f07c09b46d4bcd50	     448	       1	application/zlib	00ad7d25557e225dc8ed3f98db8636dfe666214a
./.git/objects/18/d5221d8f4b2b67a602c80d2190590417890b9c	     409	       0	application/zlib	20d5650d8dfc4b33477d38eae731207bd94f28e8
./.git/objects/18/ea363603dacd331dcc749448828644216d611f	     129	       0	application/zlib	98e193ca0621497a31b6cd20c9d1629c819f9f7f
./.git/objects/19/642dfb4395b7d1a0eb5b66746f047dbc40a940	     193	       0	application/zlib	554d9454d4bd8ba17a6c3a8566ccb0056b6775ef
./.git/objects/19/65198ba52c9b3ff9344a45c75232d312f347f0	     112	       0	application/zlib	53725d1bf7c0661df0d881a2adfbb93bbce640d8
./.git/objects/19/67295ad897019ffa633a7c45bb98bf213c8d16	   21660	      92	application/zlib	0dfe3946d92fa839bcdb7434ddeb2ddb761fc239
./.git/objects/19/6852a8a599f17e6f3fed1cae87fada54a37f5a	    1647	       6	application/zlib	6de1b44e4999c785f9b2c3364da90e3ec6f10950
./.git/objects/19/d8ecc21a9dda229c3ee58d5e8e2937a68d3c35	     503	       2	application/zlib	d4b64192c755db1cf52072ac248ca3f4992a08dd
./.git/objects/19/f9b8cbaaed8a544ade7096b1e236a195eeab21	     264	       1	application/zlib	3a522379c123f59adc878d312d0adaaed470c8a4
./.git/objects/1a/b7bbf97549a3ef3f9ba41edbcdf3caaa8a3d1b	     195	       0	application/zlib	04c422feb716bf6fbc96f6b01b93227f8675bf18
./.git/objects/1b/00e9899909a057e02d86025635e7abe8a4c357	    2113	       6	application/zlib	b06f3f7a53c1f069f9b88d3a4c270ab91fa74f11
./.git/objects/1b/169e77686e68b12fa2893765d935d80346103a	      58	       0	application/zlib	b343f98725a9aaa8aa36ca72046175dc2fe5990a
./.git/objects/1b/41c93caf7aaf35345650e47321bcd7ad2f7a4c	     109	       1	application/zlib	a53c4f12e7cc2756650f047f1a5e2510a3242323
./.git/objects/1b/48a754b70fa737f88b39ec653b539fe1f7e85f	     915	       1	application/zlib	5ca82f37218fb02ea9ced3af74e4213c8cad74ec
./.git/objects/1b/b9903f490cd73df88390c652ccea9422bc1663	     454	       2	application/zlib	e4f0ab6823a435afcbd897e11d314a95c46ca883
./.git/objects/1b/d691d806c5ace62fcdbcbda3f02aa1b4d0a711	    5823	      12	application/zlib	1f3ab24d6891fabe9b2bac0e42216ae70984c3b8
./.git/objects/1b/d8fd393515b1c520e041e3c6b7b946b1f3a074	    1567	       9	application/zlib	eadcb8fe7db21dda2e9e5b906924b27bc07e26fa
./.git/objects/1c/2b21bf668fd405d79e202aeff01a841daaa49b	     233	       3	application/zlib	68611548e9d42b423483b70e20397b0c13985109
./.git/objects/1c/3065be8f803a9ed708d4f680a340c655092836	    3684	      11	application/zlib	284f3a4e60da5631daf09d31848979285e628c7b
./.git/objects/1c/3d5acabb84d6e23a7230814e36823147d8e23e	     124	       0	application/zlib	15a3dfc47e689c76259893b789058e41c400eedf
./.git/objects/1c/52e860a07c37e0646570121def46ffa24411be	    1579	       8	application/zlib	ffdfd689912731b65959fff9bbbc57c317decece
./.git/objects/1c/85cb80456fc9384a89244c727e98dcb473703c	     709	       4	application/zlib	71ed365e0868f5a67d3931e10a6e4bc863e3b501
./.git/objects/1c/d76bc2057329154bc6c5c42e1752941d80be21	     282	       0	application/zlib	46956bb22849ffa8744fc3cefbd7dca8f996c783
./.git/objects/1c/eb2ee170e1bc99b9d5e3431842a41fffe86dd3	    7250	      23	application/zlib	8603cbb035599080ef3e4ae9529c30fc2e30f382
./.git/objects/1d/0b74d99fed9f6f151ca1a259311d22fe76386a	     914	       4	application/zlib	2761f14facf9d85312e32474c6bd407ae2001b7d
./.git/objects/1d/accb6ac0efea738ba0a67b5bea53a3aa64c984	   21233	      83	application/zlib	ee46825a98edab3774ca8e86eefcdb8fca55075c
./.git/objects/1e/4610c11b4797ded9b0a7806ba37f7bf7f31825	    1592	       8	application/zlib	74f6754adb975abe78eccc7b4d43cc6b1c864320
./.git/objects/1e/6c3d2da84c0d5df6bb138956a9829d0d484425	     231	       0	application/zlib	ab5c9ddd24303986179a26c814afeca1153e2a20
./.git/objects/1e/8c8cc7827d1072aa1aae83b20e3c20c65859a3	     934	       3	application/zlib	996cbf37a69948e18d09ff3e73f25328fbc2a057
./.git/objects/1e/d9182671ef056fb62f5629a9d1c40d3a17028b	     339	       3	application/zlib	9027599e2c1a813ffc31cd5ffa273b1b2c71d83b
./.git/objects/1f/12790839906572ae4cf6f25dd69bbeca789f9a	    1272	       3	application/zlib	71059e2d757d7a9ccabb3bc12988430d78bf040b
./.git/objects/1f/176fb307f16892c99f0490f9391ed334dba4c5	     470	       1	application/zlib	1bd2e3fe40c36e83784adeeeeca2b586a20df974
./.git/objects/1f/455f18ddaab43f018edb70d17acb0d2c46f369	    4939	      24	application/zlib	fb60e63b4f67d29c774cdf0baed60e493fd00803
./.git/objects/1f/491200207e5d75b3bc48ac04d976e61b9b708e	     159	       2	application/zlib	62d141e9dd484792f84fba01274f32b5f3b32824
./.git/objects/1f/a78f1cfda115062ca928b6217c2e87545800c0	   21225	      75	application/zlib	5184cdce570e0ef78bb2c60c94ac60b5b252eb7d
./.git/objects/1f/ac1888b1eac5f0863d9cf761976d63cd3d17f2	     203	       0	application/zlib	bba775552099a519a3893cc13ec3012709ab7e17
./.git/objects/1f/f5e460c2fda86370ce6b82fbfda3ba232c6b3e	     109	       0	application/zlib	4664e031c980c2f90def0274519a0d2fd2618dbf
./.git/objects/1f/f7e6acf2a43d2d983d98837a0a446c5add244f	     193	       0	application/zlib	6c3a3abdad67f0da08a12724a74566e93c7481fa
./.git/objects/20/2fb5bc5edc0f316be7a88a2558bdb7404fbeab	    1050	       4	application/zlib	8da30dec6520ddd79e30122fc79d64f69b438579
./.git/objects/20/422b15399fc482df53d8cbe3637ef6955c53a5	    3080	      15	application/zlib	a5055138abcd325b485bab6e9d3a66ca667a93d6
./.git/objects/20/6b068932f3e11d0b51e3fbc19c823ec7dc2b99	     890	       3	application/zlib	3b67559444bee5496f23d2ad8205a4214e87c3e0
./.git/objects/20/d22d8ab2cddad8c41e7c6970d954683dbf322c	     325	       2	application/zlib	0aea98d4219cbffc5609e8161ef99b01be8a40ff
./.git/objects/21/5b802585f027d75f9d1191e0b30a4963f22855	     104	       1	application/zlib	cf6bbd454e0255eaadc62440ada63ed415f8bf65
./.git/objects/21/e963aca69a4aad6f64fda3afb23a7d623c2c9c	    1068	       5	application/zlib	b9ba03d421aac92a551dafee569e9a13d38057ec
./.git/objects/22/3ab1fa456888bc0b9d76c75da16e5b107dc16c	     989	       2	application/zlib	58b8037b79e2abbdeab85791f618b83d493708a5
./.git/objects/22/717127ad4e732606e267b4818e69fd97270897	    1180	       7	application/zlib	062b622953b53bf6a6d3748bbc3c16618620e743
./.git/objects/22/8fc3f59fdde61639adc884c954b6688feeed01	     251	       0	application/zlib	894b4f016fe4e6797490d5809cbea1dde9103686
./.git/objects/22/8ff46b0ce5a198d668c25f4daaacc2b4d13963	     104	       1	application/zlib	cf0511487ab959dfbd70f3d755b08b1b5ea80568
./.git/objects/22/e87a62caba9d6ef918d7abc8857238f624b00d	     164	       0	application/zlib	e557ffdd021780a848b7c631884c3ce3a6ba4219
./.git/objects/23/1d5371d5706fef7671f56cddd684fda210c87e	     112	       0	application/zlib	75d74997b89f4861e7a6d50e51545ce3c7620941
./.git/objects/23/69e5ab1527488fcfa752766235178c57ac7f00	    1757	       9	application/zlib	9cfd504ab4f3c5b994933b22c9584938151d3247
./.git/objects/23/8f75a845cbad5b8ead96c42bc6d522c3fb5ff3	    2461	      10	application/zlib	31dad131985fab72d0d87b2cf5ae39097027539b
./.git/objects/23/96ddbd5d61618062bb7b313aae8d3a36aeeb02	     268	       1	application/zlib	1410344a445d34755d717608128761e5088a26ec
./.git/objects/23/a22def18fa0bc5aed2295e74e7e9b220502cea	     435	       3	application/zlib	7392c56820334c9f8bfa0bba323e758a1d97678f
./.git/objects/23/a70c4aef94471ed124dde3a752fee258e6ae7d	     109	       0	application/zlib	88ef2e38f0630e7e0e6dc45153f7d313cc0b30e4
./.git/objects/23/ab0038952ed151a051f512ad7b8360d7d3ac23	     634	       2	application/zlib	b09f7f2c1f24af53665cc890d0c83ac969784122
./.git/objects/23/ae013b26efefb0eaaca7de701cbacf9c5d8145	     166	       1	application/zlib	aa4d6cae58cfd258fd274dd831c66a092b38675b
./.git/objects/23/c104fdba79dfd8af2dfbd04cbb6e217adc8646	     294	       1	application/zlib	d93d0c559753e064a4830acb8a05276271dbdbfd
./.git/objects/23/edccabc315627deaac1aec298d042eac860367	    2316	       9	application/zlib	d48e6d85f998264d081728c24f86e892f6341182
./.git/objects/24/73450145413b7b46d72cc6c5733738fe3d38d8	     265	       0	application/zlib	7df5bde38ea41cd51f21098451ab56fb2733b6d9
./.git/objects/24/ab7db6186fbc96f4244f78971c4d441fe92440	     293	       0	application/zlib	97ef3e5722d048cc58e9024dc06e841eca67f35b
./.git/objects/25/2726e16e7d7a7da3ff6c0ca38d65c8c25cdfd0	     112	       0	application/zlib	97626c0912b333438d23be9812688894caefc1ed
./.git/objects/25/4d034050f286b0ad25e6d62dc16694af694e7a	    1194	       5	application/zlib	9cd20aa462ba2cdacc5b385342f040704b72d320
./.git/objects/25/548bfa97821daaee7368513aef3260767a7795	    1205	       1	application/zlib	b21a34e46c5ba207219bb24e4a52f57c2fdb8188
./.git/objects/25/94c2ba968c37550bbe328d89d891f97d646a51	    2546	      10	application/zlib	a919188b838dbbd0428137b481e402deda6373fc
./.git/objects/25/9d55cac7bdbd42f6d072bbcaf08cda42c226a0	   47702	     173	application/zlib	156950f8e803f3180bba3daf92e060b18c5aeef6
./.git/objects/25/ad332b8d2d7f2b12bb2cbaf3cd36af4c1b3a2f	    1018	       1	application/zlib	15baffc65f4f5555cdda882ca3f42f969b36b290
./.git/objects/25/ca0a9ab9afd46078cef1211bda48b5e0d8a20f	     945	       5	application/zlib	e8834b76bfd66e4f50843127385657963eaab060
./.git/objects/25/efa0889f03bc138539d0f6c8273020b4e8dc5a	     217	       1	application/zlib	684881f7fa59f8d3c8ae28c4682a2e5ba845fae2
./.git/objects/25/f416bef5597b2021be7b011062b12dbec3cc82	     989	       5	application/zlib	135b684145315384090c9936a68b908a11a47521
./.git/objects/25/f6aa2855a94c25eacae75afdf92257fa2b7e79	     197	       0	application/zlib	bf388fbdd167c4391f31a7978854ae8542d32123
./.git/objects/25/f8a8e08994d5e4bf9142ec66376df8ca63460f	    8497	      24	application/zlib	3eed4ce859413c33a4d54b367869c19da4d6db70
./.git/objects/25/feaa783b9a83fdb2a42bfa01e1f03f25cc779c	     349	       2	application/zlib	9decc42b2b7c93edbb22d5a78995b56f9004c340
./.git/objects/26/050a7a0aaeaad766665037cf74ed65f28c9057	     127	       0	application/zlib	c7878af294a067b1100e55868d2836bd262697e5
./.git/objects/26/796fcb25c92d1be7abbc3ab929eb7d179a5f61	     185	       1	application/zlib	30de1cb5031bae0f5995a6ce5f583a983b01f8e9
./.git/objects/26/c3fa367c8def6e1252e80b561225c86c67ee2f	     300	       1	application/zlib	ae287ada3249640f63ad848a843f66408b64756a
./.git/objects/26/e6bfcf8e5e65c95a85d1d2d9aa2c14bc9275df	   18608	      88	application/zlib	2bd5462bcf2ccf12fdaf0118ecf77e21ea21de49
./.git/objects/26/f26bf44a990f2e68b6e80a9a417a7fb538dc7d	    2182	      11	application/zlib	db7ccad2dc7e0810a59c943eee73fe7c8c74668d
./.git/objects/27/0e35eab90d5ea6e00dae6f7816979c7da1f4dc	     160	       1	application/zlib	828d3864e379776765eee83574ecb0c1f375e80f
./.git/objects/27/25a385f875ecbc1278e36af6c5f08f98a02bd3	     465	       1	application/zlib	3af36ef4692bb2d2369cb0c66f5bd6edb3b6ac2c
./.git/objects/27/9e2863b53ac8a87c14c1b8a1eb287bca96469f	    2070	       6	application/zlib	51c7d5915d3006b705a9d0425e5988a9bce5ffaa
./.git/objects/27/adab5050b31d8f91cd6e014d81d929aecd0105	    5949	      22	application/zlib	8eb736f678e8dc7bd94b4093bf6e2cd9749a865a
./.git/objects/27/c2f295db1a5ebbf8a6252b6fce409e747dba78	     351	       1	application/zlib	7cba3c83a94d62eb54cd7462a3868ce0d6f26143
./.git/objects/28/3823e6908dc225f93403e94d5ab839ff232f34	    1447	       3	application/zlib	ed2131e9282b27ad3179aa5c72fb0a363b3e6a3d
./.git/objects/28/3ace2b5323327c52186a1a71088b27f109c321	     758	       2	application/zlib	f51a42853adf0acf0af194ace8473ef8ceb5655b
./.git/objects/28/4c6c103d8338287c2902d14310b275fefd4044	     323	       2	application/zlib	6078e9914ae44fbe3d11531ca242231603182e9d
./.git/objects/28/50ee6b7343ef72ec5ced32458babdfa118ecf5	     293	       1	application/zlib	bc4cb9fc87e62f432d37e6bd1d542e6f681319c1
./.git/objects/28/5c4a0d92fbc03a6abc5aaa0be93a02a77372db	     862	       4	application/zlib	49c8cdfe05f0bee153b88a62892764f5509c9891
./.git/objects/28/962c34b4add02cbd5e6744336bb2369d4c30da	    3520	      14	application/zlib	31dc3a503b5708fa8fdc7afc636c05a755051cd7
./.git/objects/28/ad9ffb6bcff4ae16df9f747a393c2c77f40c90	     198	       0	application/zlib	dae714809e6de27a853f249e1265bd47b20fe3a8
./.git/objects/28/e80c0ea1c85f81774368832c2600d5b2fe0a3e	     576	       1	application/zlib	9791c45d721abca18c745953339151adeabe375b
./.git/objects/29/3562223054ea24d69b3a3ba784afd2bfa7e057	     162	       2	application/zlib	3f934dcb46f1523872aef6e54da73172f978ac25
./.git/objects/29/7a234fb5f0cbff80380964f5c0d9c4a1bfb61b	     581	       1	application/zlib	d14f8c2315a7050f36f5cc35adc9e0e9142c6a02
./.git/objects/29/891c8cc9ddc41221eface1620f85049911bb5f	   50142	     184	application/zlib	c5c97536ab7e73e12d9abb75db7e9dfcb797fd45
./.git/objects/29/8e1d44f6d27c4ccbcc1cd737164cf9556e257f	     970	       6	application/zlib	60bc4521c9cd31484e956a2132b29de5d958c624
./.git/objects/29/a840376cc309724524e1f5b3a4d7c13c909498	    1674	       5	application/zlib	77bbcf5321489bdae12432b9c281298dbd183473
./.git/objects/29/c277c22005f9946647614c503cc9074e37ecb4	     127	       0	application/zlib	a85372919fa3154476fcbfb15ae2314c6beed883
./.git/objects/2a/1e18fb6744b4f491fb0aa9f0110d4cac8076a6	     857	       3	application/zlib	6b016199557af0502c0f184b94d6518647574c19
./.git/objects/2a/2b82e4ed108552d69ffaf35d339ce77cc3d04e	     902	       5	application/zlib	0297153f627979c411faded44bcb23c5b1c6061d
./.git/objects/2a/4b73a1be392990c971fb5bfd04eba8f533b3d2	    5861	      15	application/zlib	8a550567286621782a699eebd2c78899410b54ec
./.git/objects/2a/5bf9ecf2ed216923b22f2f35894d700cee597a	     429	       0	application/zlib	6a18f6b814bc73f3a6bcd0e639eb7ac2361f4a66
./.git/objects/2a/7f5b3efc8f9ad903f7ded90df10a1a9ce65039	   46605	     188	application/zlib	0c7f13e73be46db1b077a6903280d46f458a93d2
./.git/objects/2a/b3cd87913949f6c112abad51f03aadfb8afd80	     293	       1	application/zlib	83450096620ca74f79fd9ecf7434f2073d42e9a1
./.git/objects/2b/109a46a6f0b832857e8eb792b31be99a5787fa	     261	       0	application/zlib	4f77b55e591cc39f15e034fe21388b318d967871
./.git/objects/2b/189faf02e3b0a0dade7d05be672b10ed5be1bb	     294	       0	application/zlib	05359fa28d082357f96bda9aa0f258fa434108e2
./.git/objects/2b/227c78f7bfb22aafb2fb2c3567f04bb8b1d6e3	     294	       2	application/zlib	8fee95637b579daa487860248d00c08c561f7d8c
./.git/objects/2b/4941bcf4135a0d47f9e77f10967576a505c4f8	     109	       0	application/zlib	f3ee59e2c35ca27ef38be77fac75a773ea0e8bca
./.git/objects/2b/736479892f202f1c2468e74f5198d38348039c	     274	       0	application/zlib	6a036be965d6c28ca9ca6703e1618ad8b2d1c200
./.git/objects/2b/a85343b6182e5be81f7a1324627c590080b592	     294	       0	application/zlib	f2a1324a2a8c6d1352418be570da7c58e2cff670
./.git/objects/2b/d0eb3875527e3dc34cafc896b98af12557545b	     196	       0	application/zlib	aaa8358b7ef2f90f675f430ef937fdbda8a2be99
./.git/objects/2b/d2c1895a18afe86369dc24cabbbe987511f696	     305	       0	application/zlib	42b364e0b775952f61a72749b8ef560858f1d306
./.git/objects/2c/5cae6a654ba944fd82886abf3e204350f7942a	     109	       0	application/zlib	4163e4211533f3272c4ac794626c70b6dbbb758e
./.git/objects/2c/5f9fc7889928b7471167fa7a0eda5f541192ad	    1924	      12	application/zlib	3fba308aad4a922a0987618d24d5fae46543b554
./.git/objects/2c/a0dee2b00e4db8f6053ab48accd90e01a34745	    5621	      28	application/zlib	d8b40e6af066ce140eca6cd7a6bdc9cf63d23bef
./.git/objects/2c/df045f82f7d7d80f4758c7cf2d350e8c63762a	    2383	      11	application/zlib	7cca913e87c61de52ee2b124acfaaeccc75403c1
./.git/objects/2d/0d61eadde2c2f49b01d380e4844aa24861caf2	     839	       3	application/zlib	5e25c9c5be79839babe4306eaba678750141a110
./.git/objects/2d/1bbf63245f1d9c16dec5997092276d2df893b6	     109	       0	application/zlib	511f13a3e9070d10dfff2c620a1ab8feba2246ca
./.git/objects/2d/1dc8e9bb1cd14000ccc654d0411bfde16addc7	     647	       2	application/zlib	653143f92cd1676a3a82328f89f3b15fc39ff3ca
./.git/objects/2d/352040bfdc1cdd2e7d231246a43d06d5faa5c2	      84	       1	application/zlib	a3e9aba48af2afe72f66c6c7f819120dfc4bec28
./.git/objects/2d/823ba3f13ff835d24dfa1f28f9dbe11d345855	     124	       0	application/zlib	28fd8c93283a807d1c219290ce39da21429d2d34
./.git/objects/2d/ee790c0e5c823b9a799ea56a4316288fe8891e	     109	       0	application/zlib	4b28399e4ff51812423ca836184f4a2ad27e0774
./.git/objects/2e/26d987e0d8d5732b2e66468d028efdbb671b36	    5017	      19	application/zlib	d4eb3ce8c02ac416a7e2c3358b516eae7e949341
./.git/objects/2e/26e419e2685d9e489945dd618b7b6c01ab144d	    2055	       8	application/zlib	d00fef584cbeafa61c94889f362adab37caf0017
./.git/objects/2e/783ff4aafef067c0dd1a1a9abe61b2fa64df32	    1139	       7	application/zlib	bcbe00a0f6844891c695c633639a6d0e87e8ad58
./.git/objects/2e/b586924aba0ca39daf1b4033e72aa1cd9a881c	     320	       0	application/zlib	05b866241cf1dc27f832599d895b2ec3942a2b27
./.git/objects/2e/e086d227de33ea3d7bcf57a7b111847e1511ed	    3655	      11	application/zlib	a4d7f14c67db8d5c0d7c44c7bd629c68a923b490
./.git/objects/2e/fd80315aa0872ae9021d127fa724244fe4c6db	    5192	      19	application/zlib	90a78b052f833032869ea1a840bd1c2f8000ef20
./.git/objects/2f/7255e64eee58dc7809143862fb095424762c37	     310	       3	application/zlib	22ec23c6d80bd659b845a3a88ed45c12ae2686fd
./.git/objects/2f/a294325d5ca1da42c1377dc550c8c9270c9f14	    1367	       3	application/zlib	42e73145e8a93ad4ec8265be0cf5418967ab1533
./.git/objects/2f/b3d0de90f0cce7670c30a15ec2f6eab0bd89b0	      57	       0	application/zlib	28e511be047068fbc80a35266b7d4c5fba1cf7df
./.git/objects/2f/c405bbeed25af2ff52e09f34385edc49b6932e	     140	       0	application/zlib	3d60af574224b9f5a573aa3e4e1e91383ba616a6
./.git/objects/30/116f812a646e9170887f05a0df94988bd0a945	     942	       4	application/zlib	f98df17edc565abf5a0cdd77da425cc2f3760e7d
./.git/objects/30/25c30a9729413460335513e8b395daaac5ba92	    1380	       3	application/zlib	afc3e2d749bb3927ce9b83b983c86451281a6bd2
./.git/objects/30/912179d2141d716a467c2c1902b87de6bcba72	     680	       1	application/zlib	4748c25f37cf715a270b488bfa663758dac37a94
./.git/objects/30/a2cba90bfc0368888116dbf8427d2a259b32e1	     310	       2	application/zlib	3b6cbcad4705e6f171db9132ba6dfa2941e163e6
./.git/objects/30/cb5df44e309b26ac4fa057d99061c0658f6d82	     192	       1	application/zlib	05aebbba8c98663a58c9d4ef8686c20b33f303d6
./.git/objects/31/18e3e3a782f5a098bca6c4f2b9ad9fe90cd307	     274	       0	application/zlib	e1572ccc7edd3b08931133bda2fcce0dd384f2b5
./.git/objects/31/2842a8387edadb5bf8a0f1e6726e8d6e8d145e	      96	       0	application/zlib	1c2f1e43d363a26c236aaf419d73cb5386e0b01a
./.git/objects/31/28b800456d2859aeb834b2db61ac7448a1c2b4	     262	       0	application/zlib	d40fb52d57a549635f0d7c5b195d3eb31551b368
./.git/objects/31/4b72fd15862e9ebb41e1d5d8876f653aa76c3a	    3991	      11	application/zlib	bae57c373c4454d36ff7935902aa2ae337f24cd1
./.git/objects/31/53119938fc34c2e5638850708542a74178009a	    3889	      16	application/zlib	7071414dc0cca97e23c577067767bc821fb50525
./.git/objects/31/6f39cd9e89704ea79d0bdda8863c2a9ece6c74	    1600	       7	application/zlib	9014d811d9b6aad3a680b989c1e80fe452f1bb29
./.git/objects/31/8f9461a4af0be415b3814fb748f6b78ea07d70	    4875	      23	application/zlib	176aaf12dc6eafd52c1a5edd4265f80e5cae9214
./.git/objects/31/c16f33431d81b3f88c16df60588298f41d37f1	     877	       3	application/zlib	bad9fe9c1ff419ae945a8036a99d0535b73b114f
./.git/objects/32/292e75aaf1441e320a473287942ed041e8556d	     372	       1	application/zlib	591b10521bd7d28cb64780abbd6ca58683bd68c4
./.git/objects/32/8522c50ec0c9bb89f2cfcaf6510669eee32943	    2229	       8	application/zlib	d05e62ddabcf182aff860a231497ea54ecff767d
./.git/objects/32/85a44b6a2730052c08bb0c68bc9dd7bbe82d07	     110	       0	application/zlib	a5d4c74bcfa1808396b71b319bb42ee5f7df8d4c
./.git/objects/32/9d5fa5c8b13186500ae77b397ce0bc3fbb1d50	     479	       1	application/zlib	f28283b0e91464318aba4c9ec91d714610c4b188
./.git/objects/32/a6bb2e1c3e32e20785327467d93b1ccab6c86b	    1553	       9	application/zlib	9161c53a639b5f7e3a996989d02f4d5d21e59620
./.git/objects/32/aace7b8f42012895d9bf88182c6ac1d7c99c4e	     130	       0	application/zlib	d2e9fcb54d552b648b11f1f79e177d8654dbed37
./.git/objects/32/b8edc6e9b7c1b703aa7a67eb4a65f5b9b75aeb	     211	       0	application/zlib	6922eec4d7c22602d126e5f1f1f353331d36aaec
./.git/objects/32/beabd701f07c85b9168e6f499ab0e9dd0e5c7a	     611	       1	application/zlib	7c62bc6ce7e0a770d995ad0a3e0c093fac6670e4
./.git/objects/32/c40301991b2e85fa8b1cc7d7b1328e94851ce2	     326	       2	application/zlib	0ee67fca99d9919972b7213c71220288c5f2c134
./.git/objects/33/52f701bf7faea1f4577ae342623f5bd6d1022f	    2085	       4	application/zlib	c8461eeabe18e95c10b1242600f9329828ff266c
./.git/objects/33/5f7b69eb75e8504a0167240e1e8ebce8b03a23	    1681	      12	application/zlib	88decb5d544a1d941b2a02d9e9c7a24efb3d1a92
./.git/objects/33/8730d1601c84a9473146a2f4f12b402e2b3285	     261	       2	application/zlib	eda20a6f84d90778473a59e43e1b58469453bf60
./.git/objects/33/b1b9e924c3c209b1f6e70686e6e1fe395525be	     265	       0	application/zlib	9a50d6fe196e3af7bb4580c76093b4168f763ff1
./.git/objects/33/d7be32395a71af4ddfa4529f1fd9d111ba640d	     198	       0	application/zlib	5fc854a34cecf867074e89d7161730d09d542b34
./.git/objects/33/e088a2aeaedfca385c207d67329ce4db39c5ec	     223	       1	application/zlib	501718e03dda589ad756b0e72d9a9cc6cc744db7
./.git/objects/34/11ae94a1a5179762fd001b31c898665e517ffa	     478	       1	application/zlib	d67a9315a5e5309cc7175047e3e580a3642c61db
./.git/objects/34/2d8e8bd611d0b6a3d47640e5bfb7435c4a3625	      84	       0	application/zlib	3ba1216c3a793bd0a3b45817b722d41ee6dd040e
./.git/objects/34/63272e8b03875a3d1d29ccc53123b7cc30950d	     192	       1	application/zlib	e36452411d5c2cb75425162ee002e2afcb1b48e5
./.git/objects/34/6f13d75af08be6042683a3c527d2eb61ab569d	     251	       0	application/zlib	4fdb0f3de9b710130a7c8fabeb4d973ad73fc549
./.git/objects/34/a46e8ae9caec77aa9d38d697fb7604aef7a485	     124	       0	application/zlib	a1edb46d81b59baa4293a1950c2398068694ae28
./.git/objects/34/b8aecbd83510287dd8965770c35b3b8fde09c1	     124	       0	application/zlib	ad045f2bb523b721d66385d0757ce786ea94e470
./.git/objects/34/be4a375870bfb0580ac2adc608a00f183ff51d	    3519	      17	application/zlib	728f58440279ab68cf857de3870c82200c20b1b5
./.git/objects/34/c19fc007af5ddd9362729419d5d526b5d7f116	    3048	      11	application/zlib	9b1714b0023dcf83c2b30137bb1efb386b0b71b5
./.git/objects/34/e1be801124f6d53bad00b4079f4af73509b5af	     440	       5	application/zlib	23e6547c990570f8cc67e8f4800644256cedbc0b
./.git/objects/34/f1653c7d39dc35e3908dc9ed7d45b1128c5823	    1630	      11	application/zlib	edd1af212e6a7836a17b6ae8a0d9c86d87e5c2f1
./.git/objects/34/fb354d320b8fda4a64df286c4bde2339206f50	    3567	      12	application/zlib	6f4af47bf21ddb6626ae8a63b8b011cbfa954896
./.git/objects/35/3daf6552a179d1d33c9514ebc57bf568295ccd	     859	       4	application/zlib	d8a03dc5986342d8f7c58fd8b9d4472a4463b2e0
./.git/objects/35/44528fe87cdd463e93d79685eba92648f414d0	     787	       2	application/zlib	b6e3716737bd84677cbf2c89d85f05e0c2e969e3
./.git/objects/35/52c73488bc48aab8c7e5df9fdebfe9a970bb80	   34976	     131	application/zlib	26be44d2bd4c176b12c5c837a8d17c8fe538e751
./.git/objects/35/6fa0acf3f7ee85f3f47a560f8a716f4abadf5e	     197	       0	application/zlib	c3e13735fc23fd6fc40c6bc0b94647d85a4e63f4
./.git/objects/35/c1e30bc2a8a88b4acef20e6ff9dfcf74fa716d	     293	       2	application/zlib	a111d2a344b3c546c4c912805b8b0c99dbb5e331
./.git/objects/36/161e06ff63a82019da6ad56615ff74f9599085	     501	       0	application/zlib	9993449b61cdfa74ad335c0e56c96cfa545ccaae
./.git/objects/36/16afe7d004f1cdd6492d5c5d157f0515ba241a	     431	       1	application/zlib	bbafd774ed7c37de163b6b2330901c7d03a8ae46
./.git/objects/36/23c2a2ea53516eaa0de327611a331d9ecfee4f	     198	       0	application/zlib	d4c14a8f338e63e1fb4233a38294973de0270816
./.git/objects/37/cecb5014f58e8f6a72837547a664b26fad0e57	     636	       1	application/zlib	e3be29f8c56f2f74e61e4923446059e9e336d840
./.git/objects/37/e13ee3561f8e5ba41432a1da27f9a04c81a005	    1179	       2	application/zlib	271a1497ef6209dc789637738c887f1824b5e634
./.git/objects/37/eadf1b5738778bd172610a7baa982ea9fb133b	     261	       1	application/zlib	f1feeda7f2908be8f62005339853bb7655dd0b25
./.git/objects/38/5299ab1483db6af96a311315c46ab767a9cff5	    5113	      17	application/zlib	212a2daf3843064446b4b4383ffb7c2497cc4d35
./.git/objects/38/73237e4c485067121a0297853390bc0066e574	      84	       0	application/zlib	d275748eb09b47559d955bbb737abfe5a2201f75
./.git/objects/38/7e14029b0f7cbe8217d6a26811baad15a5ee34	    3918	      15	application/zlib	08a8c27d331684b5ae704232e52986d4b2f5d64a
./.git/objects/38/af0f54509d66ff8dab6891a16008b569358f0f	      61	       0	application/zlib	f51a9f428fc546bb29d2b5361bbbd9d0eadef52f
./.git/objects/39/0bb58d635a656a881ed3decc9693c1c3ea7ba4	     127	       0	application/zlib	ab7ceb2f08bb60c58e68c4ae8e5ecdcc26d34000
./.git/objects/39/2158dba0139d80b8906096d85a168257b1753e	     166	       1	application/zlib	e34f400c5c9a052ba8ab314a2c55a103fd36e510
./.git/objects/39/264a384c848bca3ce11392d719922b1d74268a	    3061	      14	application/zlib	998c6b112e8054d5f43f62584457baad19e57f22
./.git/objects/39/642192a94b975e15eab1b23554d9ec0477371f	     839	       3	application/zlib	1697b8dddec46384abb98f40eb5c4ee1c82a6917
./.git/objects/39/9cac00b2dc9d345b045e6c83ca4a3f239847c1	    2240	       7	application/zlib	c2491d7f2f48efd3e4616a4e260222d16e70dc9a
./.git/objects/39/d4426e2d8d66724dfdc7c6f6f84be610747171	     112	       0	application/zlib	42cc3f341efcfa5b229d3d2e748cd41130ccc893
./.git/objects/39/f33a2142f1c074f70c083b36113ff63676e2d4	     310	       3	application/zlib	b04d114f48ef62acd6f67342c15579753fbc091d
./.git/objects/3a/194e172934bac243319044aa2c757dd52b3c2d	   20844	      88	application/zlib	0086ea0f53a54f0c04f3abb49dc7bb51625fd2be
./.git/objects/3a/7bf8746caaf88cf652d542b3d340adb830ad67	     840	       5	application/zlib	929730f3a287e3aec74bcc9c68d4e49fd4f6b60c
./.git/objects/3a/7f5b278972c2b000b89d7b8b0ac4131d90bf7a	   48708	     187	application/zlib	73feb43e06133c06f523796e3986e48e2bf58eee
./.git/objects/3a/8e3aaa015e7ee1b89d490f21ed678632e4d49f	    1120	       3	application/zlib	acdbf130c91190defc278d21d7d39b998709ee09
./.git/objects/3a/c8ba24853864eb6377c1a3880ba0dacd785192	    1668	       4	application/zlib	b12bfbe66e32ef01d867b663d86ad6a04092d30f
./.git/objects/3b/1d8841c8491f07bcd29bde1a5f71ca50fdcb67	    4803	      20	application/zlib	700d9e5e0673f5025a6c2590a328382c4c137a65
./.git/objects/3b/226239ed7b305f02ac3c33b7fc520e536f9a20	    1121	       4	application/zlib	f7c108eb515e133e82b161ddbea36956a8980bad
./.git/objects/3b/5b2a4802f5509a84c3970c53c014ab77f35fa8	    1138	       0	application/zlib	e926ca68cbf9d4d1ac6f165053feedf413cf0374
./.git/objects/3b/bb436586c505a311c4e82fb3f35f5765f09102	     140	       0	application/zlib	e59df82dda35f9510136135234abcd2594a8e5f4
./.git/objects/3c/0aafb81f23e34f5888ea90b88551cc314cf657	    1180	       3	application/zlib	4bf0e0165b7ad77c33dc0e63ffca0c204856d156
./.git/objects/3c/25c14f506ac7ebbb7353b0e02650eba239ff91	     109	       1	application/zlib	54e2d0c2690a8b716699b89c2f0695073395ad35
./.git/objects/3c/336337b3de77a5c3d8d4b9a98faba68f59280c	     833	       4	application/zlib	4264f3884b289f5a0107af469a9291da7533cad5
./.git/objects/3c/7aa500fd69cdb1b595cf3ead62b3d6cd807012	     860	       6	application/zlib	902950c7766ff5a29724df28708eb246cb8bdb09
./.git/objects/3c/a5c9a2a66cbe2f29245f9203300aa0918f5c57	    7108	      35	application/zlib	42dc83b8a94a5d1bb1cfaf99d17677f78ec4e56c
./.git/objects/3c/e9c0ff961231c5faf004110190a87aef5b06ed	     794	       4	application/zlib	df9f780477a891b681be0675954bc289a533db45
./.git/objects/3d/4fae0c8122d5127735c57e9c51da12cd65be9e	   11115	      30	application/zlib	a60aae73bf00a01234bafb573c23327c270e704a
./.git/objects/3d/6d73856ac5acf67da06e3171bf4ef379998678	     836	       4	application/zlib	b152db40adeb4be65cd222d2e7c88c582708b2a6
./.git/objects/3d/8881706e02c6b1ab4331b12fbdad84ad5bf35c	     282	       1	application/zlib	79b39b580d9dc4e6984e044c89080d2ecc49aa04
./.git/objects/3d/af3a5d5ede251d6a5285c3a15d73bc479b0611	     313	       1	application/zlib	811cfe95a22117e54302568449db193f9a563db8
./.git/objects/3d/dc65dc8b8af72631733dd023710427ed36193b	     160	       2	application/zlib	31768f9b467caffac757d151de294b4f9c3d6164
./.git/objects/3d/fd768969251c24586147fa1642f943cfb05e7f	      92	       1	application/zlib	4645ee4891c1465db02cb780e8848f30aac833fc
./.git/objects/3e/440e32d51e0f915b09f225093b4c49a54c9278	    6204	      23	application/zlib	993162e0055e28c07f7cc81765ec5e42973ed810
./.git/objects/3e/620a61ebfe03bc8044ccc8004df187d11d6ae8	     635	       1	application/zlib	edca4a16744081f7e0394ecbc320a003b39ef113
./.git/objects/3e/b178f90972fa85f614fb6ac4a8a18d65097b4d	      63	       0	application/zlib	9df4c791fe3b66a9297f0681ae34e625023b559d
./.git/objects/3e/e24266bc67bed84df26a88db3c2bf79d109abe	     124	       0	application/zlib	d1732856df04b41eb9d247d1ccea469ad2cb04f9
./.git/objects/3e/fe32d3c6ac3e613ecfbf54233da2043189927f	     109	       0	application/zlib	ebe3311bce8f42685c0616f0ea70ec01d29ee5df
./.git/objects/3f/02d320666166992b771c6caf355e15dd391bde	     291	       2	application/zlib	56344c4b49cdadc036a4fc9384886f5dee5214e3
./.git/objects/3f/aee20167f712bacc2181fd712de6f4706f95a1	    5166	      19	application/zlib	0f4cae2e9cab4b08032acc5069a3fe0690b30d2d
./.git/objects/3f/b0ae7ded2f0b008946106a63ddcbb89670655a	    3417	      14	application/zlib	165e3e11431a58a34345195886f8a969ee4d7e0a
./.git/objects/40/0a31763adb2e816335a5e62f03283f5fa3f949	     158	       2	application/zlib	2aff8da67459b980f329e5a8e5a8d39783a0adf0
./.git/objects/40/1af015da063b9c1cc471c358faf7017665fff4	     440	       5	application/zlib	1ed94b010a59a13d4e0ee2f8c18cca4d2ee7c623
./.git/objects/40/84298e5602f7eacc7203aa47225de90a60f2de	      58	       0	application/zlib	dad1270f61625b110fa30daa7bce3f3c0d08076f
./.git/objects/40/9f8f0afc9141076d0fa77cf391969c11cf15b9	   45935	     196	application/zlib	8dfbdf1df69a816fc2b2a31eed94827fab9feb94
./.git/objects/40/cea9bbe2d2b7ee412cd1c8cb572fcdf8dbd7e4	    1074	       3	application/zlib	2da697bcb35f5db726867087278e43d3c8fb302b
./.git/objects/40/e16445986a5f6785e33fecedfbde75f030377b	     159	       3	application/zlib	85e173301b9f70467eb643b3aa62eff172f7a4ae
./.git/objects/40/fe7821a8f5b90ecc8e66a3d566ccfa2ec159c2	     694	       1	application/zlib	62f92e8896084475bc1ea739ad5c20946012b7b2
./.git/objects/41/4cc41e83469abb5b2488a64564f56706dadb1f	     263	       0	application/zlib	2c0daef6f8a25aaa334786e82ef4f7cc1f88b96d
./.git/objects/41/59826b94b5a7cfda2fa95b32703978b09ec0da	    1211	       7	application/zlib	926089f1297beab9590d21e8407ffb8b1f3e2d96
./.git/objects/41/834946223205a5d1570a18e3bda5147756e828	     285	       0	application/zlib	d599673fd2b8fedf2586610270d2d7522a49151b
./.git/objects/41/a2c74c2adbe996fd98d59ea1f1cee1e544b6c8	    1566	       6	application/zlib	fa9908183945b2e4eed232badba6a76db7c68c59
./.git/objects/41/d664495295ba28b5440432c973a0b4177d0c6a	    2249	       5	application/zlib	862df6ee37c21003e25c4e9c7dc7ebd5227367ac
./.git/objects/41/de3b7cb086ba6db1b0f523d043787842aa34dc	    1535	       7	application/zlib	a27d61e3cf656258b60488cd92b4ba9bd906baf5
./.git/objects/41/ff4ed4c93c08fb8fc217ad3140391888b4032b	      90	       0	application/zlib	c5cacbe9cb5c867032aee77d24175c1515d95915
./.git/objects/42/206a1517930bfc7dc94a7ae1aa09c0ea1c8044	     310	       3	application/zlib	627feb26e954d1cc85049e9a4bc53372ba504900
./.git/objects/42/26fab0278168b53a34314dea64d12f42f1d06e	     839	       5	application/zlib	f4e22c863c85c19ea197c9cfd93b227e99dfab29
./.git/objects/42/3d6367106918b608566dd468a3f6bbbc46e71c	    3260	      14	application/zlib	bbba3ce401fd3f43933694127084a4875316c73e
./.git/objects/42/419dbb776000382577e3d4e8b0e65398e122a2	    3558	       9	application/zlib	7313eeef49e5ac25f475049ad8834f21eafb0156
./.git/objects/42/50eeccb115b17e37d737cf8e6827d1eff96ea2	     759	       3	application/zlib	b68562d9085bde118b520fc450d3f044f2331af9
./.git/objects/42/d91bdd4159ade8f44be773b524d3f11bf7c6b7	    5683	      21	application/zlib	f2b85d5ded69e6b464e6e7402f3414d0613496b7
./.git/objects/42/f195b9ba74c88762e2f627f5d99f785c98943e	     329	       0	application/zlib	95e184ccae8363096986f92c7c0a62a9b2907d8a
./.git/objects/42/f470d10c0ca30390b0679a84ce5e8ba8f38aaf	     239	       1	application/zlib	71988aede6e2fcef91f708ead76b4f68d202313d
./.git/objects/43/1f36d28dc1d896e047fb19416f258f85f69e75	    1844	       7	application/zlib	94209be12854cd01517d5ab818882420598dfa2e
./.git/objects/43/5b2c3b0e3d89ed049aa20a8369b1d17fabca73	     159	       3	application/zlib	8b58435f7dbd70a1c76d0ec9eb97e7145e4ada83
./.git/objects/44/0886fa5abfcf5516e131476ebf533d439d8e80	    4068	      18	application/zlib	8dbb492fb0716c006f290543ae601c43bb0402a9
./.git/objects/44/09a0c3929aae8c2cfd05376e2459e77a58a6ec	     324	       1	application/zlib	f3a76bc8dc0d7b60d7b812ba6c94eba95a2ee90a
./.git/objects/44/18107e280a9913be128daae718d397ef7eeded	    1178	       8	application/zlib	5fa9ed29d98215c6783eff9d07b839735ed1c9a6
./.git/objects/44/90637dac0d515dca16204a785bedf7bbe0504a	    5183	      17	application/zlib	414ebae66a97ad79f7012b044638aab75746d056
./.git/objects/44/c495a97136afd4e935a8587fd3d7dd5f6c986c	    1167	       4	application/zlib	2fab9ec861211ed23add94e770d7d3f67727b755
./.git/objects/44/dbc171a21faf8b8d7700f74ed3c0fee39d46e6	     988	       6	application/zlib	05e260da985c11424c97d5d5993a640f20b8e02b
./.git/objects/44/de4261ffb44d460023d9a79bd487ca47bf27b7	     165	       0	application/zlib	2af988607ae3704e6a72dd2387512994c683d28e
./.git/objects/44/e672a7641eaf82c602d74387e1c65090dbdf81	    2909	       8	application/zlib	7b0bea91dec4b31ddf6de39e5054a36f5b979856
./.git/objects/45/240920528a4f6fa57e75efd33508a2b804264d	     709	       5	application/zlib	5cf46886d853dce1ebaee93a66a6c29b36685495
./.git/objects/45/4dd69d10506ad4416f9d44297a91199f04d98b	     318	       1	application/zlib	6213bd61ae79007fdd5774cfcf5c2df0fb4f1d4e
./.git/objects/45/f162f907985d8989f37754403c173e21e5b2a1	    5159	      21	application/zlib	25721ed3389cd350d6dea35ed34acf4500cd094e
./.git/objects/46/57f3e885e263771fa77e3994d97f7fbb8f6991	   59750	     225	application/zlib	4e5535068ed785cb0e8c05b284b5e241e4b2c3af
./.git/objects/46/c7c1c7dcfdca2b28270ee8eacbd31cafa86770	     195	       1	application/zlib	d124ffb8ec64edabbf13a366b299447206fbc60a
./.git/objects/46/fcf0d3b8256770caed3ea50559a5b222ef4e8c	     414	       2	application/zlib	667819e76b610ef9ab243d25ec5d16d68f027a5d
./.git/objects/47/1ce4ba4a73b028b70912eb94c9e6b7b2c48183	     636	       1	application/zlib	c00b2de49840f0c6fa335875590e58eea689a295
./.git/objects/47/6d7314a68652a15057ee7267d19cdfaa4e8492	      58	       1	application/zlib	cba4b6f59ce266749ad99d9514df8d52d4e798c4
./.git/objects/47/9135f0c4ec947de55fd193e4bfa2b184d3d9d8	   29669	     103	application/zlib	e09a454a96dc11f3ada98ddb6f8ef6145adf2f7a
./.git/objects/47/b3b33e3e91f37370a885b3ac03e7b13baad991	     241	       1	application/zlib	cdf3b95da92968be08688e6a59b7c33a36c2d236
./.git/objects/47/e69901922c559a9e12d601934c9a713478d055	     859	       2	application/zlib	7b1acf1bfedccc1daf1c7ad5445c974ba01857d1
./.git/objects/48/56c92b0aa5c396ec62faa91154b8aec0876edb	     124	       0	application/zlib	4d75d4fe8c09120d835479573e63c1f3c654519f
./.git/objects/48/a22d069a90f3a2f464dc20c79b03be06ecd737	     839	       3	application/zlib	04f03b249c51cdfd093396e871b468f0fa02bfbb
./.git/objects/48/ab09c0ea214a929d8d32660a91cbb13bb6fddf	    1097	       3	application/zlib	c4a798e1a64e5e81e767a81adb3ba96d086c4978
./.git/objects/48/ea41ad56adc1b57dd46ccd343278dc7004a1aa	    1663	       5	application/zlib	31adfbf8fe595e96d550ab7043509f15f00e562d
./.git/objects/48/fd96a2551ae8b81e55fa1d3e712b15a0f5558c	    1087	       6	application/zlib	4191d73fee875b780d1a2154619d2d441018eb0b
./.git/objects/49/2a9a382cd8fdb372aa4f402d0eeb6e7a72f41f	     171	       1	application/zlib	67b219dd7efc40b71af630cc550aed6cbb5dc603
./.git/objects/49/93f7cab0a9716e0f38924d42ed4ea62ea00e18	     839	       4	application/zlib	d197f68686b468d2471268d7da5f13d166da713c
./.git/objects/49/cd8cbc0bfd2df69b348eaa2182d4cfcd639bc8	    2882	       7	application/zlib	0f7c5f3a956dcf19110be0f5b05580790b632e36
./.git/objects/49/d298d8bf7727f202c6f44163b793d47ec0c4be	      62	       0	application/zlib	14d2a5d40e0c9c3d8040ed8bd659b032179af77c
./.git/objects/4a/7d48faae73f56a029002cbd196bdfc4c4f0240	     109	       0	application/zlib	3d2b45af5d5f05d176feef4ef5344be9e3a04d43
./.git/objects/4a/8c4bea31dd1caea95db69938b4c1aecdf5567f	     636	       1	application/zlib	b6136d17e14f5ad9f01e0fb50dfa8a1060c3574e
./.git/objects/4a/9032c0d7688e01d135a49124d803f542f8a0a9	   26893	     111	application/zlib	d1a072819cd224db59e8df9a4dd0fbe27317c5d5
./.git/objects/4a/a042ac341f0eb1a44bcba4c40f693b9d6f21f8	     193	       0	application/zlib	a5348c9ec193d247468fe29deaca7cf57417fc02
./.git/objects/4a/b8e93ce40d0dd41576edd7e571717957819a80	     860	       4	application/zlib	8b1ff74881ec780c7fb7c457dbe3e558ac41f676
./.git/objects/4a/d183b658aeb201fcd2553f9ba287c2bd807a92	     321	       1	application/zlib	9fed8cd45980e4eb9136697796fdfe4ae7fdf7e8
./.git/objects/4a/fbcbc4f25b6681fa25c9bcb286afb6be97080f	     162	       2	application/zlib	23772b066528f471cfcb3b35c3eb3b106b911120
./.git/objects/4b/0e8cbf9f541013e4ce9cd870ea80a49aa32909	     260	       3	application/zlib	6a3734104160ec24baf03e49c58fb8d29dbc77d7
./.git/objects/4b/0f4fec217bfcc5c338cc1b806ce3e80e72b598	     198	       0	application/zlib	e8937f758959ebf4708e1fd055d4f4f6477f8698
./.git/objects/4b/3b5e0ed0df8d721e05791411eb6f3e9df50cee	     475	       2	application/zlib	b0f119fd364d2e874c21ef79b11526f269579b0b
./.git/objects/4b/aa05784ed170741ebb5ca20d81a1405168657f	    4658	      15	application/zlib	b464223f67e325797f86b018db67b916de1bfa2a
./.git/objects/4c/0c90497d099e81c79ed758992cea1a32a20455	     323	       2	application/zlib	7a302a82cb5a452a22e967301fca0271cf72753d
./.git/objects/4c/4bd9dfb66c8e3f02e8421ab2fb1b21b3060e02	     859	       4	application/zlib	29c5313fab55b6263e52b399ff8e582c57ac8fb5
./.git/objects/4c/98475bca3922d07af10fa66b5ae102d6878b15	     202	       0	application/zlib	914636986ed956408e10686f0cccddc1a3d80188
./.git/objects/4c/a36533f6a84a791caee7d7e938b06c9cca7b98	    9904	      32	application/zlib	b87029cf6b86516d97a830dd6bd2d58f006a80da
./.git/objects/4c/fe2cda0af203204443ced8a1f5080c360785f3	      84	       0	application/zlib	d16adbcc69469d336dc86be4bf81899217c7f50e
./.git/objects/4d/0109cec56f07309b1a8e5e3400665a8512c9dd	     670	       5	application/zlib	48d14300850f22ad2ddcfd98608f75fd28638c80
./.git/objects/4d/2182dd027e88cbf5ccb42bc23fde84eb58b37b	     395	       1	application/zlib	7a8c6f5885d671ed80e39642cf8b08f7fc916586
./.git/objects/4d/6071d089009f9ce0de6021e206565d64cb956b	    1066	       3	application/zlib	cecbfb4015fd001fd74fd2a9e9b03afedbb8efea
./.git/objects/4d/87c5f28d0e6e6b0f278748b93d52e386450949	     163	       1	application/zlib	54eac1e7e734c163609f7b88f94e99bfe845aa36
./.git/objects/4d/b378aa945b0f5ef4584df4701ec50aa50cb7c9	     252	       1	application/zlib	1a23d035a7a3fa73ed54f47ff27b84641ca07376
./.git/objects/4d/b602d5b7d2c98ec3f7556c70645b0d4875dc7c	   46196	     210	application/zlib	144af2e2298a373fbb304e5666ec153921feae0e
./.git/objects/4d/d08d895567e543bc9ca1d3c34359155b4c59a1	    3334	      16	application/zlib	83d2365727d1e0ba373ce0161218e967f0729715
./.git/objects/4e/000db57510cda2aac00f30dad19ca6f9ca32fd	      84	       0	application/zlib	47e94d798bac21b3855c445a25f89ca3ef503e86
./.git/objects/4e/1aeba6eb2f6e77d1e60316552b349accc11700	    5842	      20	application/zlib	66760705596ad3e65e85ed90e7f0c48a2d2ac6b4
./.git/objects/4e/353f7c7c4861755013953054db73f60ff27243	     163	       1	application/zlib	34fac8179d0c40537730a4a164cd388142200af3
./.git/objects/4e/376f68b015fc9dca7ccce8e549d1a19ba5841f	      62	       0	application/zlib	9652e56a8c6bf9d4fe0c663f96f69b3336c62176
./.git/objects/4e/3e0e3a0a8bf28755f28a96b07bf66ffd350f58	     635	       3	application/zlib	f5103d49ce27392b141646db18aac72e47097de6
./.git/objects/4e/4f6ec79cf69a168a994d7aec5bbabea65cb02b	     425	       0	application/zlib	ce81b8947e86b423e643900a31a1f3dcf8a8375c
./.git/objects/4e/587b17b6bbb0c3e6e9c9941620007db203b02f	     261	       1	application/zlib	41538f919baa0b13603491e6cbf35ab6d035d0ae
./.git/objects/4e/a8736b85f719f667348c00b564b9ad7249875c	     292	       0	application/zlib	4ff4ed336c4410ba6979a10f4607ffad7146d295
./.git/objects/4e/be41553b461bb6c1cb7f6dd3edfb984ba93d35	     571	       2	application/zlib	f65a443e115a4cb5e195ea6782a84b8b2f6025b7
./.git/objects/4e/c7549deedbc82b20f60dcabe0ade6d498823f3	    6996	      25	application/zlib	4e34976e6e0c22ad95d086ec20ca4441f8421d49
./.git/objects/4f/32d64523d8ccf799f37af03b0102dbb474fce3	     299	       1	application/zlib	5c894564c42178fb68199bed8b793e1497de3c61
./.git/objects/4f/5329d36eaec8eaba41d3151b11cd23246e7dd1	     166	       0	application/zlib	a94fc6294ac3812c9495552f30dcbd71905f6a55
./.git/objects/4f/5a7df6da99ab2d10361d349233025af92023e0	     181	       1	application/zlib	345e43cbed9a43527a9c00eedc983621c58c514d
./.git/objects/4f/5e88c00d2eeb463750d9b166071417370b00ea	     160	       1	application/zlib	f943ae31be4d57f9e4ed34c69f24bf3cb8ea5b1a
./.git/objects/4f/accb2870db1dbf25318af2bf6e3386d5de927a	     859	       4	application/zlib	c82ae389ddea6ce35258b396f5ed823ed3dea2d5
./.git/objects/4f/df4b26c1adf080a63d271094c7ccc596ddccd5	    1100	       4	application/zlib	245ddfa0641622af2dc83fc3500811cad76f93bf
./.git/objects/4f/e826ccb8c3edd54ceb59f2fc19f9f2b4d4ffe1	     298	       0	application/zlib	792f67a01d19f7d9a875ed15947d2dca59173ce4
./.git/objects/50/8f7cf649eb84ec7457fdffb7e5be7f8c2891bf	     162	       1	application/zlib	6bee052662944f068f79d8c5cb983be9b5ec82db
./.git/objects/50/ea2ed53ead5ebad7c29c9a193e88bb4eaf150f	     839	       5	application/zlib	bc2aeb322269bf4daec2ae3547ffd418c0ec6092
./.git/objects/51/0815da9e16afcfe17b1d0d95602a96b615fa1b	     937	       0	application/zlib	7414460852bbd74ffdf1cedae21beb51a0e59a2c
./.git/objects/51/469c804521c5977e9acc5312102f153a3c71a7	    2982	       9	application/zlib	55fff3613317b8bd200d5fc8d5b8fed4bfd9f1e2
./.git/objects/51/5613c9126bbff99d8785ab6e32bc81dc98045d	      58	       0	application/zlib	920705c397f6eb27f2dd54f2ee72d84340a09af5
./.git/objects/51/5f54bf1001cdd98d8485da4c5703f12f44881e	    1207	       1	application/zlib	8ffa6686c1c56f2399b43c4a9c9814a57d80dfd6
./.git/objects/51/67997590b28ae7519cf555f27f81290d92b846	     241	       2	application/zlib	76d5f483a5905736faa739700e586357573e277a
./.git/objects/51/8398799ce85334ba54ab3d50b018e0b5550326	     192	       0	application/zlib	9ae196ae228799956082120e40f4b6088129bba0
./.git/objects/52/56430ced6658b5853f3d06b6ca8a3fb95ce01f	     862	       8	application/zlib	badb712e1cc86c377744bf1546d0e928f87a2852
./.git/objects/52/77b7ba9f8daaec40c91263c440a25f69bbc704	     294	       1	application/zlib	67067ff930c3f101f9005872dd4f1859ec8f6223
./.git/objects/52/dd430431ac4200961c1a5c6a278d149d8eb330	    1362	       7	application/zlib	5f070e6978bb3a5c804c2d6f4dc4fc9dcbe642de
./.git/objects/52/ef44364c429163c66a93a75d72cc68d57c1296	     636	       3	application/zlib	0db3b37f9e37c5bbf312997a5e15af246e02d2f3
./.git/objects/53/7a4ec42333ba7d7886b798f1cc1863c291cc6b	    1935	       5	application/zlib	2b526b776d1e4cc0534aa7d06d8d00f9ebbedc0a
./.git/objects/53/96f200714715617a19d4c046c1963c25ae3246	      84	       0	application/zlib	0a9fb5e553f3cabd31387287bd0fe32a2dbabd0e
./.git/objects/53/b7daba278b2dbbf6bdba742cf93dfc0e5c90d3	      58	       0	application/zlib	4e3e33d0d8762ee8d1ce6022430a074dbb99d8b0
./.git/objects/53/b8c814877427f790621d63416edc869d728e74	     356	       3	application/zlib	82214a9a6cc450ee567ee0df747297e8ca08702d
./.git/objects/54/47870cd95d20aa6d49122ffe2dff4957aec7a4	     594	       0	application/zlib	e0ba72867d0e3aca4c24f886ad53c72767b10abe
./.git/objects/54/4d124908110d1d83bc3ca3eb6c07c11041f002	     193	       1	application/zlib	0f2cd4a5b078375c813bf7185082aac79df3bb99
./.git/objects/54/4e9bf3a0dd63ec3e4a263573de2b5aa971396f	    1217	       5	application/zlib	859c12991b73cb9dcbaeccefd34df0e6c92319ff
./.git/objects/54/8d56ea0c66f538b899538f696800b57f503fcc	     588	       0	application/zlib	55d16380d25302ef0dd43c7935dbeedda26a42d9
./.git/objects/54/b4681c85d14d14b91cfc3fa4beca28670f15a7	     265	       0	application/zlib	f854a729dd7c51070d23ef9965c0e4b96b8c5392
./.git/objects/54/c49508946877cd75d0a99366c928a907f2b5ac	   20615	      89	application/zlib	11db63376a2ddbbeb2711b898e10ef60416ed557
./.git/objects/54/ce81d438a351d089c1e1dab800d2c5d272d0c5	     112	       0	application/zlib	7548984b799afc409acb1c958207333691e081e8
./.git/objects/54/d78cb33a0ebd94e533f8a194b652b12e3cd61d	     191	       2	application/zlib	0eebfed492fa1da3a056acf56f56d08743c46029
./.git/objects/54/e7578af2617887b731d26c2a5247d19d85190d	     654	       2	application/zlib	592c8285bc2143baa310e0b7355fbc2da45a5531
./.git/objects/54/fa6dc01db5b9581721b3b7474d933d21e4ed57	    2371	      12	application/zlib	17c41f3ae057891b4b27a2417f24fa6e703ee0f7
./.git/objects/55/202de7fc02f9108703769ce5b58f51097c8e4a	   18899	      56	application/zlib	0dd959b02830a1092d637e261e4c70be7776e4d6
./.git/objects/55/9e3a7e809f61ac2a9c904325bb7b79717373ce	     465	       0	application/zlib	a14c5f7580e362969e6887238a5c46cd065a950d
./.git/objects/56/31f64c01fdf2ece803182b32ec4a62a8e80a47	     242	       2	application/zlib	0f08b33add8c0e4d709ca9dbae44264af7425701
./.git/objects/56/3f7b25f30ba118fac8bd577f5aa9554715f9c5	     523	       0	application/zlib	f8c1ad47f791aba118d8cafdbd4face9e477a04b
./.git/objects/56/42a1c973e7d7b66496e8e8d94d36c37b3390a8	    1340	      11	application/zlib	cd283daeb92104c39715eda12d55e2896eac40de
./.git/objects/56/4c36b8963a5948b56737ead70f9d16d1628e3c	     455	       2	application/zlib	03e9a7ce38269eaa94bbf9acdfccd42f9b807d1c
./.git/objects/56/55da4a966387698d3a4131d073cab81ae46b2a	     165	       0	application/zlib	ebfa11ffef3fd9cd8052b22d70ea5b7405793de2
./.git/objects/56/8030c59f02df9a228e4deb55ae45f8fb0786da	     708	       4	application/zlib	a5aab42bd5855250608546677e3eadc547c37cdf
./.git/objects/56/8b443b3490298df426a63a4187b98a352fdb41	    1946	       6	application/zlib	85e9a19c5e516774c999ba339ecdb9993e1d95ee
./.git/objects/56/8f68dafc704174a357ecc3d3f78c07489b69fa	    1434	      11	application/zlib	298be0cdbdc1bcefb986f8f0d497799d5769bafe
./.git/objects/56/90a6735c489cf5128e1ec6ad245d2439ab79ef	     862	       8	application/zlib	36eedaa45cd5d8669ae7de3233d3307b5f92144a
./.git/objects/56/bd4b62c8d87d11b6f50b5f2651f15e3c759383	     983	       5	application/zlib	612b523ef7545a36bdd7ef20611ef906659325ba
./.git/objects/56/dffbeb465e5ddd44408038e7f39434b8c1561d	     196	       1	application/zlib	9e310007fed62b33401bec3867a70cf89bab1cff
./.git/objects/57/027347bb9f1fff12b0bf847863b599694342b7	     256	       0	application/zlib	18081f6a63eda4df3319b4a9134bf2ac98e58fb9
./.git/objects/57/1bb5cb82390b8dfe09fdabad3bede2922bd9cb	     313	       0	application/zlib	c1356dedcfeca460f6a97134ae35d96114164d82
./.git/objects/57/5bb63efca52dd7da3edeb62407c9c7b238322a	     858	       4	application/zlib	4419872b293efa3f984edb0ab4464d737ac45295
./.git/objects/58/0ac8dd84db62d11d0dae8ed351411ef5fa10e0	     124	       0	application/zlib	87bf7d8338ec5b66311dc9a670197ff74ec47bfc
./.git/objects/58/3e051c64fd4ba4da339c802fc6469d9986c5d4	     263	       0	application/zlib	3d7f36d5e372e19540bc5021c4e6f1306a9b31c2
./.git/objects/58/58043de9254958b2b4d1bd6f3fdde69819ff0d	   18575	      82	application/zlib	8451e65970b32b9d6052214295546e80be084906
./.git/objects/58/66de590877dc77870414a69132f2690da25e6b	    7363	      31	application/zlib	5361d6a7500a07b433354547b2e8893e8eb32a59
./.git/objects/58/b2481321faf51e619f47bc9f0062abfcf328ba	     290	       1	application/zlib	ed13a0c2db889b97efa8de682b18e108e55f40c7
./.git/objects/59/cdf5c31b46d69656b9e46f34670d7e2435f4fe	     807	       2	application/zlib	a5de216b684243f13b45343ae54486fc3d7e388d
./.git/objects/59/d2078a78201ac894ff74142b8f2ef9b1d00786	     250	       2	application/zlib	508e97d2a6f37e04b841451e11b87b551d3f0404
./.git/objects/59/f892b322e4a5b2a0d70d8244b95fd746ba1031	     549	       3	application/zlib	f9d9ae766cbc574f486e2576e23e22fcb6c0140e
./.git/objects/5a/4125590a03d9d5c1e1c835b8e1cfdaaa486216	      64	       1	application/zlib	11778eef96fb599536e029d5d26219f3b71bbf2c
./.git/objects/5a/6ec29b59db67c5776d065cb0940ae960f86dc4	     340	       5	application/zlib	68b6da3a2833517a4170149967c3b6e6f49cdaa6
./.git/objects/5a/be9561527884646063b7ff1f6c833251d87c21	     850	       0	application/zlib	d6c2ca9b7154b2fb2ed7273908e9acf6fb8e60de
./.git/objects/5a/c972c24d264fae3e7fef7a6a6dd0abdde74f6b	     803	       2	application/zlib	a6b5961f5e757520ad3d42caee4ee17aedb5dc83
./.git/objects/5b/64099a05dae3e1e78e62ca54aeb2bcdd1ecf72	     264	       0	application/zlib	cb34da3cfcb4ea9fb16a193cc14914ed98429ee3
./.git/objects/5b/758cf9fc00d33a6bcb91b8d6945b3331f1aada	     198	       1	application/zlib	7222c74a6bd69473dd12586c2fe34df712fa9f66
./.git/objects/5b/c96a2692ad4a3c63d097831761527aa5625aaf	    1758	      10	application/zlib	7d524f5da584a5bc11599961bec1ac5769c88cbd
./.git/objects/5b/c99340533d02c3de71efbdfa4fb5d87b8cea22	     894	       2	application/zlib	ce0ec3d52d577bb31dbe3cdc33c4865a18d12fbc
./.git/objects/5b/e2e60bf12ff96284ef0e56be6e401fb36d79a7	     159	       1	application/zlib	0a35f9fc300bb9a3049c002fb0ab37769ce0d58a
./.git/objects/5c/0ec96477c9d01ce81745d416b2eb6fb5c90fa8	    2966	      13	application/zlib	73bc2342d7621a3344e910e6b03618cb5686ae43
./.git/objects/5c/1de21854df936029d20a7495fbf365de3e3f33	     854	       5	application/zlib	cf5d75813076eeffb6d57c4f5b79146be77afabc
./.git/objects/5c/404cf7be99307615465b195d5bc0c5c4e05701	      58	       1	application/zlib	5f5c7893fe52b5bf78c9209465ac0e7652cafa02
./.git/objects/5c/6a3a8c17c24ec1552689bf30078aba4e996066	     860	       3	application/zlib	31e568f66cfd663da4a9f866ffc94a971027e862
./.git/objects/5c/b87f046b0b75494f162361262a3156e4a3f8eb	     791	       0	application/zlib	5793740f79cdcee29795881edad9b827dcf295ff
./.git/objects/5d/64cf4a20e73a942ead6dbb80353445dc468c1b	     158	       1	application/zlib	0d3133ee0a5de784d6359301623bfe742147118f
./.git/objects/5d/93dae1e883b4b112a67751f67d70f484ad49f4	      84	       0	application/zlib	d824b04701e6ded6d3fa6e2882ab8f6415d09a3a
./.git/objects/5d/9882af1cf4ee89d3f54439695bab25e305a7aa	    2468	       9	application/zlib	c9a4b683a5bf7567f909a2d47bad016ab42870e3
./.git/objects/5d/b75b14af1c70a49b56915b705d4b406b6ffb26	     197	       0	application/zlib	62ca63f4802aebd2ed2518b8c337feabe5a82790
./.git/objects/5d/d19819228ac68a280b8b1c8fabbee023c1c072	    1685	       4	application/zlib	2e07705eb6ebd8dab8789af9e8d43c55159931a4
./.git/objects/5d/e47ada1e08fdc587cb6753e8a0486ac78792ed	   20240	      59	application/zlib	35b9cd92d39f6a91b2a2ea10824e24a2602b9d1a
./.git/objects/5e/5b180a1621baadddd8f9230c629c335aa4546b	    5252	      24	application/zlib	6677673858add369eed726585e453cc82207d1e0
./.git/objects/5e/6d2d149e4f18ce38d5f96bb4b354df4ee42c33	    3026	       7	application/zlib	39ca517bf000d8d7272172a0086053f0b149b3e5
./.git/objects/5e/75ce81ef5e4528fe0ea9aaacc6e489c30f00a3	    1548	       5	application/zlib	bcb8f93de30c2da9ec098ee27b8acc5d3dceffd9
./.git/objects/5e/cf5b3f169397ce9c2a055cb2c89855149d723c	     109	       1	application/zlib	e7dd0b57832c72d9c6b54662f8ab0c9e2a7fd9aa
./.git/objects/5e/f879fab3281073f690e409a0a9aad0914015d9	      92	       0	application/zlib	fc7037836a49827d363af72afeaca9f1fcfbbb16
./.git/objects/5f/2203a55ab7b129975eca0196e6b2761afa0a4a	    2988	      10	application/zlib	0695295613df4f3ac500c79bbe2b5387aead5767
./.git/objects/5f/7f14313642f0bd577da6502d496045b65c8b5a	     198	       0	application/zlib	c96a64a8701f95ee39b5afa122b397c7a9e8ad30
./.git/objects/5f/d6435f9c2a0b5aafe0875564da9a90689c3c8b	     293	       0	application/zlib	e82a973d813ed3bbc8fc8190e3d2c7fec817ccff
./.git/objects/5f/e545dccf53ef086a0be68b403a99675f5dea87	    2209	       7	application/zlib	c807012a5dc66e3375a5fea03d1de2b73e94541c
./.git/objects/5f/f0901fd09c6e53ae3b170be51790e4f9262163	    1214	       4	application/zlib	41e3b36ed8d5ae9e0803fca75eb0866810883b26
./.git/objects/60/02c2ddff07eed0e7c2683b5fb3d2843c6ba61b	     298	       2	application/zlib	77fd03ab7dc679eafc4ba38d20f303563d1fdd6a
./.git/objects/60/b2a6a8609c7177edc9ca5c5b312527db07c3c0	     124	       0	application/zlib	f712c9c4c68931af7f3b604a091d7924822d3b15
./.git/objects/60/f0e511e1aa3d72e25c2120308965600034c861	     218	       0	application/zlib	644fbe248f973647c951b51c75782216abd186b0
./.git/objects/60/f241a06b2aa5a403a9646eb89d8e7be73a80cf	    3480	      22	application/zlib	3ad188642de7d3f61aaff2bc1e6bb23217c97901
./.git/objects/60/f914271359f4d5b926f23a405a9a4387959ddf	     112	       0	application/zlib	2540d180be4804eaedf443c021ca978ae6ee55f2
./.git/objects/61/0341141bb62be619912ea608956855d0322e74	    2041	       4	application/zlib	621ccf306430c43f433f0951d3ce8ee22f433b73
./.git/objects/61/544d7e2ee92169d9c3848399ecfaacf9207a35	    3720	      13	application/zlib	75adf28076649822488811af2a15019d3ab894b5
./.git/objects/61/5824282e50976ec37cb0981326ae854e17dd2b	    1145	       7	application/zlib	ce7aaeeea744cd665873e4e03ac241689ec56758
./.git/objects/61/6a8a8a3d9bfdc30c883653cd6af1dd00791b13	     163	       1	application/zlib	a7e48d6e49e0287d730de76c66d5d5946b0bce65
./.git/objects/61/82ff403d8c619fddb845748f1944ad618c9a5f	     295	       1	application/zlib	91f8da3ed5607791123e6d61d3b6457b776f1be9
./.git/objects/61/a27326489461c965506289d917336d3bd76a32	    1742	       4	application/zlib	0915a60c0d8516f04cdbb86cbf42d25f98dd3711
./.git/objects/61/abcf1eae741b8355ce3f74bcb6ee2c7145af12	    4820	      20	application/zlib	9107fa0016df67f81e555f101014bb08e4ae36b1
./.git/objects/61/b4ca3f38d3df006239bc11dae8507adb96b885	    3364	       6	application/zlib	1f8038af76c0daea2e4574bb959d5e158ec7ebaf
./.git/objects/61/ec17a518137a465418aae4442f1f234dacf0eb	    4596	      22	application/zlib	b962c17c792712627077e5e1eec9836eb391a328
./.git/objects/61/f45c6a137a9ba68173417d37065e56c4c65223	     791	       1	application/zlib	2bce939adafce301401883c5af121846c715e95c
./.git/objects/62/d8c329d74fbff83a3030b6c1581afa5b4f044a	   11056	      31	application/zlib	f1aea8654bbe69063160698b0fec977f8af709bb
./.git/objects/63/664a4e01c838a15e7a1006bc7cb2a14773ab54	    2666	      12	application/zlib	e2cfa0858c5c9f60c73e70e428251d6f0da1e6a4
./.git/objects/63/942f6544a71926b345bc6e139db78a314d8655	     218	       0	application/zlib	d704673b56edb72e8ffb276e2b572df0790b3eb9
./.git/objects/63/f934d513fea293baef230119f9f927ab8f05e5	     251	       0	application/zlib	411f92dc1f089ffd4fd5bd717ef4aeed6dcde7cd
./.git/objects/64/151f77e11fef2428edb40502b391d26d38b191	      60	       0	application/zlib	d4035502f257c59abfb7a72610cc45eafa4a8f3a
./.git/objects/64/3a2d09bff8f12e0413cb1d34942dc1fcd46b5e	     860	       5	application/zlib	ba36e114e735382f0648e37a8edf4bdab905e1c0
./.git/objects/64/45e38717d831ef9099b6a1110d857727b6e66f	     681	       1	application/zlib	d28fa2ad7de934cc964b1f1ca1d87516ef86e534
./.git/objects/64/4835de9ad5fb6250b75589b9cc430c76abd40f	     429	       0	application/zlib	f971109125c120c01b8fbe891609ab58fa65350b
./.git/objects/64/88bc1513a7247db267b47b652110167b2bd090	     197	       0	application/zlib	cfc619bdf47b40ed2007ecd29b9f2f8ef6a4d2c4
./.git/objects/64/bb265d75785c0a216d2fc70e460dc2262c8119	     113	       0	application/zlib	efa68ba3211be5d9346fa93247346dc65ce27d75
./.git/objects/64/f72dcb58dcc3cc9896c1d100d1eaaefeee72b5	     857	       2	application/zlib	064c76ea5371710fefab4d2f3cbd80d239bfc1ef
./.git/objects/65/004599a0937dd1db952281454e246af66e076c	     193	       0	application/zlib	882d259d702139dad68288203219cbcd55344e3a
./.git/objects/65/09d66050bd484a86bd75b79d78f0f65cddb127	     124	       2	application/zlib	b05bbdbc66941910ec1f7d65855b84016240777e
./.git/objects/65/23d0092970018e16883c2551a46c493dd75e56	     311	       1	application/zlib	d26c490bcf4b2092e83c1c2ee119fff53d530a78
./.git/objects/65/423b7a62a5f58830a407504df20a5cdc9b0611	     991	       3	application/zlib	f35a7b69fc9c460d04a7dcd5da616f606ef5c546
./.git/objects/65/4675b0a42c78317f48765a66070049e96059b8	    2399	      11	application/zlib	d9f66a944d91fd25f801186a9712d929e4877b8f
./.git/objects/65/83ce5df3f795638e5f6a159ac01c1b63e11558	     192	       0	application/zlib	95f0bc418e2b67e937266a0835291064bd1e5657
./.git/objects/65/8764898c453ed47dfd8c7b3743de5bbd55527c	     479	       2	application/zlib	ce601b5db499a892817852b86b800f7333a7be53
./.git/objects/65/8b617b061e3669e2c217d99ead995aafd5d8e7	      83	       0	application/zlib	bc3694885820a0bd7ccb8ff5ed091ea2a234e1a4
./.git/objects/65/be8e474ad696b3c7a974126c9eb82025e41cb0	     191	       2	application/zlib	0a9486bc5a76a24111472f921d201fc53cfeccb7
./.git/objects/66/4066ad109c2db0a94b3a8e8a31d4618ff58ec3	     860	       4	application/zlib	692c8006486398189522c9dda56e898c7c7e0573
./.git/objects/66/532fe41190d8ccde8d8034eef562f418bafa1f	     478	       1	application/zlib	5eb29cb8dc6981895c70c6408479a8a7cc95204e
./.git/objects/66/b33645526c9469e7814000b4387fa97a07ec37	     111	       0	application/zlib	2512832fa9e0a0c4ed481f39a14d179f79b81019
./.git/objects/66/f56e15a3a20bf2cbc3078a67752697bc13fea9	     507	       2	application/zlib	dc81f1d5404dc733c67b3b17217ddf3a27452f99
./.git/objects/66/ff3fdfc82da6249ea7e9b2e0e4d8f2dfd3d2d5	     415	       2	application/zlib	cc98fb27aef2850c0fa3825987531d2d7857e2d8
./.git/objects/67/9b1d91ea9f97861c88be17b6500bd895737ccb	     407	       1	application/zlib	8c55f8ecc059b0b32ff18ec72197b71d6f72057d
./.git/objects/67/a7293be4fb14753140872661305a7de1339669	     859	       2	application/zlib	7e91be297464a88d74a71a37e9c341aa310ee24c
./.git/objects/67/af8ecf164410aa3a781581bbee30ffa808e81e	     116	       0	application/zlib	b732aca906d5a24abe6c2287ef6203cd682a0631
./.git/objects/68/02231ede6e869634864658c7f5425733cc8029	     517	       1	application/zlib	1d1226467f6fd68fc23b9fae339db6faa343ff4c
./.git/objects/68/05c38f66840032e91470409cda7aa364d9bbe2	      62	       0	application/zlib	ee57e070b160b8fcb5c6157dabbe3201bcee4a3b
./.git/objects/68/2e4586401f0aaceb6c3d47a2a1b416b80264c6	     377	       5	application/zlib	c43760d5cc606744929b2aebc6a890d441f8e754
./.git/objects/68/488edada3ba544fb456e8642c69d7142f7a86a	     109	       0	application/zlib	d5f093826319463d8b642146641241882dda2da2
./.git/objects/68/82a7c1473ba3d6fd8bc937d24f5ce543e5b9d8	     159	       1	application/zlib	663c1bfb0b334dc191a080457fc3388c4f34fc49
./.git/objects/68/b73f3c16437afa391701782e504c9fbf2aa1ea	     328	       0	application/zlib	2f802034653e8cde5cf29ddf4a0924e07aa1bc3d
./.git/objects/68/ca9c6de6c2b89cfdc7cac1e5e75dddee1f49fa	     261	       0	application/zlib	1b2ae8a44001d045b1d66b027ee40159eb2eca89
./.git/objects/69/01bd8da49645756e52cda36238381fb57dca8f	     275	       0	application/zlib	475506259d05ed9464446b9c2638b6fbbe1aff53
./.git/objects/69/0b79dc1a6703295047cc589bf1480d0daca2e4	     241	       0	application/zlib	8eec29d945a700bb119f30b6518d365d7eb01782
./.git/objects/69/17dd8844fe12756ca29456c3c6b8f81d1e9bab	    1268	       3	application/zlib	282c98e59c19dae473fa7897bfbf9f69de111e5c
./.git/objects/69/1c7115efededcd0152866a34b641d314a0b5c8	      62	       0	application/zlib	fa6d1762580c1212c83cb62c2f0eb08b02fc69ec
./.git/objects/69/1f88654b356e735a0c66c8b0c9ad75ec9e7659	     340	       2	application/zlib	97bb80094b4ecc378e3799b53b3e539cc6ca0c39
./.git/objects/69/36f0dc3691e7af882079eb597e35acb1b241fc	     413	       0	application/zlib	66323a727e68500dd61a0b8ee1129479899e5d5c
./.git/objects/69/6a1e73750682f9fd79b6da8a733a5f25cbfec2	     199	       1	application/zlib	6bdbda534f8e8bea51316caaf93d49513952515f
./.git/objects/69/7b44fe01125b44d84e5ae08a4ab6895715233c	     163	       1	application/zlib	04a6659ae55a6e7328d81a9ebf3adfea2531da6d
./.git/objects/69/ccfaf90d6419e68e1fc9c778606f66e0ba863c	     567	       3	application/zlib	93dff362970025660700f571f6e85ef67d12bb76
./.git/objects/69/da628564cc77be84a576892e77c64baf39218a	     241	       1	application/zlib	a108171c6ce9193a8ca2c4e9b7aa653e1c44cd4b
./.git/objects/69/f36aa5d3e0f772a119351eb6e0bb5c3ccafe88	    1112	       6	application/zlib	cdc41e7dfdfa155285338409694ed1016a19c490
./.git/objects/69/fce4acb43e520bb896c6a3d5d6f28945b24ae3	     192	       0	application/zlib	ff3f5bade9f0d2bb577131af3a2170a19ad9cfca
./.git/objects/6a/34d35c5cac18bdd3f0c2524ede6e86190217d5	     446	       2	application/zlib	386f584994e5c9084adf72c826873dfdbef37d6f
./.git/objects/6a/393034efac5a24b56fd132f6e244b62ca651c3	     240	       3	application/zlib	a97ef20aa51daa6130949dcfe24586c9f826794f
./.git/objects/6a/3a9aa43118892d22d4fc42e631a894f6c64966	    4388	      13	application/zlib	1a4aecd28d01c01d1dfb57993e4343a71e7802a2
./.git/objects/6a/5cd68e6b024ee9e938a644c8eea26c45850372	     973	       1	application/zlib	f0ae7d4e553b81ad2a1be1a740cfd8c15817b266
./.git/objects/6a/6f4a0065902e113943501a5acff0de26e576e5	    1178	       6	application/zlib	da47ff2ecd0b41785087b144ef66fe26bc35d9a2
./.git/objects/6a/9f448b414f4d0d34935df15c2d5b8e340d336c	     859	       3	application/zlib	ee18c2bef95ad2a551b11e6e76f32efc3e7b7887
./.git/objects/6a/bb35800a968794bbce53cd676c59b3883ace9d	     635	       1	application/zlib	dc233ae915ea20667f348bba12db9b9b06d4740f
./.git/objects/6a/cb97030dc8b03e65fcb2f526f60abcd81a9cab	    1869	      13	application/zlib	de6cfd7f401ef33e1f2b945586389479fd399453
./.git/objects/6a/cc7585d64ab711c1278d46758eedd44046e3cf	     162	       1	application/zlib	affd7d4f76904115c00b16a9198270a81c17cdeb
./.git/objects/6b/18ad0c3876a97bf2720b0177a2061ddae871c0	    2902	       6	application/zlib	7267e731e907eac64ed130f85d9c46d16f206584
./.git/objects/6b/39ce03f7587cba0af8418a5fe9b59356ca5a3c	     240	       2	application/zlib	36e4b4e7e935d961794dab5b74dd4e80aecc414a
./.git/objects/6b/412c0433a807e416a0f6317341629f5213f69b	      90	       0	application/zlib	2bc2ec385e00023b7e0eaedf1586a3c43ca02ac4
./.git/objects/6b/41885e755341ba0f0ca10367b391dc9bde6ff1	   11585	      39	application/zlib	743b3c1a875fbb59845be27ca07f995c4d62cc22
./.git/objects/6b/46f55ec6b20295842c7a47bb0add988e270134	     223	       0	application/zlib	8ab63b1f588bb1a920ea963ad8ad02cc269cdcc9
./.git/objects/6b/8316e931fc34062246aaa2b41052c17b2ac0bb	    1810	       6	application/zlib	fb492ee276c4c771885e6cbcda30a06abf4086ed
./.git/objects/6b/87114a597a3ead41e57394ff0eb4008c639cae	     859	       1	application/zlib	6c3d755dad9a78a0f80eb2c151c1b14eef8d2814
./.git/objects/6b/ba30d35dc093a97c377cec6ffd07f8234c79b7	     991	       5	application/zlib	97b6363b145b02bfcf34893a30e1787f2319eebd
./.git/objects/6c/972120a43d57bc0f126918cc88c23202ad1767	    3551	      13	application/zlib	22d5dcbfacb6e32374f8fd7e3bb6ef292a012e88
./.git/objects/6c/bf5053e62563287cdf46f18bc46d546a8f4ace	     708	       4	application/zlib	0abfd7bbabee031eedb6985ffc57f1e7c1b151a6
./.git/objects/6d/2f6fc2ca6607bb00aa27d1ebedd2daa0b59954	     732	       2	application/zlib	021a405a700e5c5a039472ebdf0d2d9432f8ccf2
./.git/objects/6d/48236c511304e76ad0e75a5ddb2aa0f2072b79	     828	       4	application/zlib	5ce9fbba71a9a8453c6648770fec867dec9aa79a
./.git/objects/6d/5c6a5b7e44f2d3237f9a08083c3d1b3e712f27	     265	       2	application/zlib	33f06bd51a5c4341e004980a72c500052c6de048
./.git/objects/6d/684bd78e2a4bd0aa95908882cb1c132f341ac5	   19170	      68	application/zlib	8becd040004de3c789f38dc70561ca94b4e6f8a8
./.git/objects/6d/93ecc6ed9078038a9e0973f05019d25d596683	    1113	       2	application/zlib	375ffd24f81e57bc2bde88b956c39bb0fbe22f96
./.git/objects/6d/9edc2399ff0bfb3de2d8e21a8a6412a31192f6	   44055	     163	application/zlib	522e2da98ba255621e485e350adf564f75c94f62
./.git/objects/6d/a1c3448a503b21c856d0393eec3454e47f5c86	    2104	      13	application/zlib	9ad8a9da5d869d83195f8516a7a31877e81773cf
./.git/objects/6d/a36c7a7653a01f0f03f88b09a3fe1ec4a99a3a	     859	       2	application/zlib	4b71602372b284ab742f25064a299086477bfb85
./.git/objects/6d/ae584b30a2c8265099ea0c69aed31b48ab3e05	     122	       0	application/zlib	db6e7796fffac07f065cc54a311819d21ecf461e
./.git/objects/6d/cd23f8d9c8f9a01e62840ddf460d8a736ab750	    1333	       6	application/zlib	e70ff914cd9507ddcc4e302c99529e137c05211f
./.git/objects/6d/d7e83c1059aaa3c4c1ab7cca7414052d145a79	      58	       0	application/zlib	ca7d48fa56e6d09406080606dd8a5c9c59cb44e9
./.git/objects/6d/f2bf3e3bb8c02bd8def3468a836f1625566086	     382	       1	application/zlib	54b88bc618cf56dad2b5c1306aa73f34fef6968c
./.git/objects/6e/08d3c1ba2b4f1d18d09db84c7bcd9181b87ce1	     164	       0	application/zlib	fe30b558b07d6051f7ce1a90fce964d155bf1aab
./.git/objects/6e/163d37f4850c113ceb49c6ac3dafc71993cda1	     113	       2	application/zlib	f302ded81c0f721f5a88635f61f72352efdd4469
./.git/objects/6e/4963f38c46f33ea6ad341ef90a629c97076384	    2071	       8	application/zlib	d4f1c7f98105eddd97fa49a972229f5255851f7c
./.git/objects/6e/6c7e87e23b4407bf7c99b8685832bf99b909e9	     241	       0	application/zlib	00c7d69b71ecb7bcd80f4912735b05e0608fa981
./.git/objects/6e/96bff28d6b9b8a0722c86907612ba27ca3905e	    1174	       1	application/zlib	777db4d091dc4955e9724ca990e9456c7b4b3b52
./.git/objects/6e/a982974ab5cd645e0f6e4a28632fba5e59c178	    1074	       3	application/zlib	af774565ee5863a3da95feac9636baa55b6bfbb1
./.git/objects/6e/f6a8d596f392cb2f9cf01d16da05458e695bb1	     310	       2	application/zlib	ecf752821294d64bcd477bd94af20d827bae7643
./.git/objects/6f/06449cd952456843bf8874d18c06e5e75af6b1	     125	       0	application/zlib	ed4d1d39fdad8577c03535c076b80a02c1d8ebe9
./.git/objects/6f/4be203128626d5f4a9d466ec2f74a796ff11ac	     409	       2	application/zlib	b0a7c8de19a2b5c05c22e6059a33aa1c94cd13d3
./.git/objects/6f/4c716a1a78cdeb707e7d8abdc8d54b1b77c6ff	    1659	       3	application/zlib	95bc8ba53f05aac07c45255cc62c07b26bc6b2e9
./.git/objects/6f/5d51872dcae7a1d154b506bc86c24bda2494d2	      98	       1	application/zlib	f14eecc30550d867d08488fcc06cba629dbc6d65
./.git/objects/6f/d346170b366c14681deb6fd269c7344c86b825	     490	       1	application/zlib	47f55b96dbba0abeb6e9b6be7d399667a5ac8983
./.git/objects/6f/d7adb90dcaabae3b6ccff5b0b41be87877bac7	    3673	      18	application/zlib	47d6598377f330a40db560faae1dd9789e4a92c6
./.git/objects/70/06d1c51988deaf1ff78a0a89c906fe346dafee	     360	       2	application/zlib	822155dc366567d01e4be0a23573bd672681aec1
./.git/objects/70/7ef82bd40360bf343d7f6ba9e04a3da793f667	     986	       3	application/zlib	c73cb0a862bc8d8bc2033ee0f668aab7458cb82f
./.git/objects/70/c5d65f62d4cb1ddd053e4f33452d31871d28c6	    2507	       4	application/zlib	97a2255bcb9a06d8744ba452abddbc94723e36cf
./.git/objects/71/13c796e58e49142edf001b4c6e0ee6d9c19791	     206	       3	application/zlib	9e14b09c69a09daa56d58b59e686419eae04768f
./.git/objects/71/1870d6714fc9d8262aa0787a00ce723c52e258	     860	       7	application/zlib	0411afa8008f3fa98a00cde83bf7b3e2251a36ac
./.git/objects/71/9a9126cff27edf2eaf9eaa05c85c0cd0889251	     293	       0	application/zlib	5dcb363b039630d8009149e74180124f30b9eadf
./.git/objects/71/a516d301b54b827cebcc299c676b6f7f8d2b73	     109	       0	application/zlib	b9e097ffe58a6a141aa14afe5ed48cb92a9793fc
./.git/objects/71/d313686ae3a034949eacb3954aa4598326269a	     217	       0	application/zlib	dad1f158b138761887b9751de396dc1ab3af13dd
./.git/objects/71/ee04a89e2c10b8dec007fd612ec332754b9e1d	     109	       0	application/zlib	88c0d86e49bff86a86ee903b741fcf0cd06b437b
./.git/objects/72/6e2fc61a815f01d39931b70390cf6ef9079e7f	     109	       0	application/zlib	78a9e39527d627c0bab6246f5a9578a8138ef99a
./.git/objects/72/b753dab0eec40af0c06becd67331f1ca9f1a39	     635	       1	application/zlib	2a1b7b9ec96f19cf990f90bdbc5119caf16e65c1
./.git/objects/72/bba36da361d8d8f3e7a1d47e224d0ac2300327	    2415	      10	application/zlib	716199f81826e3029de8ea7bcfb0a4ef252ae32c
./.git/objects/72/ffd86f44ecb3f3aa9f678013a513a18b870387	     127	       0	application/zlib	d4abf27b845ad9b031b18b017d4f5cd28592d348
./.git/objects/73/181c0fc496d37c5a86ef099114632f9da736ea	     752	       1	application/zlib	5ba763bc4d2756ee316c3023848c9b6adadcf529
./.git/objects/73/1fc4a1b4acc11a3cb655fca1ae4d1bd1b8e525	     159	       1	application/zlib	a67bbb8a72e8b1c29271e1d9db55e28e2b5291aa
./.git/objects/73/302d291058571ab20493b75d88884cfb186f27	     157	       0	application/zlib	c52f1d0d5a1535834647bb577957ca05203ad293
./.git/objects/73/4f4d3d298e8d957f7baf9100b4a714f17665f3	     838	       2	application/zlib	e1e0bfc34184687d252b6402f7c09ec3d76332e4
./.git/objects/73/721f59d9ebe4a48d0df00e202a83fd2708e15c	     581	       2	application/zlib	538e8ad9a29571ce7b32cbf835f660cfd1d10668
./.git/objects/73/b5cf9ab69ad160bceb4d4ee1fa634703814cda	    1982	       8	application/zlib	30639d27667aaa66c04c0b6fbca67260ea9df69b
./.git/objects/73/fe4ac3c0037f27708294d129d1d27b162d5574	    6547	      24	application/zlib	ba7b88a71223d4222bf057b79b6c9d64c3f003d4
./.git/objects/74/14f5655ee5a3d72117770bb51eba56ae8c2cc8	     158	       1	application/zlib	db246594a52235a56f86695244e8540ed3819d0c
./.git/objects/74/3fa39924341f49bd6280dafd0138ff020749c7	    7104	      38	application/zlib	fc265aca31db77b1adb27f363670f54cc42c6785
./.git/objects/74/4058d6b6f54fc72db28453482dcf172e65c99f	      92	       0	application/zlib	a1da020931875ec7f1acc433aee09e3cccd15700
./.git/objects/74/547c81fb71bae5f658686de91f60784190f5c0	     849	       3	application/zlib	0786bc3aeb3131a03c8b8701cd1ed49d49ee2341
./.git/objects/74/6024c89186be63163281604123e3a274b9bc92	    7230	      24	application/zlib	67b2713a7623d29790ce41cb712610780d8aa57c
./.git/objects/74/6151145fbd4f7b328b5080ecfaffcdbb054f99	     846	       3	application/zlib	d1789c0423b575f3e161d93f16dbbca9e86d3b22
./.git/objects/74/929175c6dd99e8549989b42339acbf677441fc	     198	       0	application/zlib	04e9d5983d13cf3b858826f477d783b1bb381b64
./.git/objects/74/ce3b31840e9b1bfa0c90a806af72b5bbabe0a2	     933	       3	application/zlib	e2a896ac08d4c71c9f33f808bd010d902f6fd54c
./.git/objects/74/d9de21dd9ca1d0353a33a615cc010cfdbb2dc5	     109	       0	application/zlib	29e70098a5b7618bc518407bef0977d970780ac8
./.git/objects/75/6d31a68983a605a8f303b14aed4b3658f2cfd3	      67	       0	application/zlib	3b222dddf7c8650b0124833cc6df882824dc4037
./.git/objects/75/aa4bb618c866c52490c4d5cb75b95a920573c2	     546	       4	application/zlib	d40d3365981c90f865be41e685a18fea34fe0aa5
./.git/objects/75/c3f151560a24996fbd6099dd5bcbb97f338d30	     324	       0	application/zlib	73a2017088a0dfe84db2b5a8d4783cfa247fe699
./.git/objects/75/d13fdb1da593f41854d496497c45f8044557d0	    4595	      13	application/zlib	4aa1fad97e44defac4d5cc064f61a444344f2b2b
./.git/objects/75/f84060960725da72e1dd36b1614c56b92efc76	     265	       0	application/zlib	19fc32332eb444b58aa46b5efcbd55266cfad800
./.git/objects/76/2665f0f00f195912e81c839177c88097802817	     127	       0	application/zlib	938e2d7b9a88afeaa34d8a71166b077e34373c05
./.git/objects/76/82a95bf38d1f46b38040c2fb5f77f3bafff9ec	     162	       1	application/zlib	6643884710d259119b68a4fc94ef0a4d3b70af96
./.git/objects/76/a9682f1327a0cc22bf1a02d9fc258f8cd4a938	    6126	      28	application/zlib	c8a1d764a430fafa583e76f754799a0a09290fa6
./.git/objects/76/bf3139c169b0e16ce4555a4e7fe912afdcb2ef	    6313	      22	application/zlib	44283ab95366cca0c6eb410a543a9d4e66081a60
./.git/objects/76/ca2ed07764d15871c350b0296b3903ca961a98	     233	       1	application/zlib	6fdcc0360be1ae805c820b61757cb141c41dc3bd
./.git/objects/76/fa36907a3b99d1c9571fcc7d953cec07a17c56	     636	       1	application/zlib	073ad501c6d51023d48c347702ed1651e45586bf
./.git/objects/77/5041d0e64d67f2b45eebcfd249c4034a41b63c	     557	       6	application/zlib	74bced4f8ea0a2fb6f7cc3d0bc3c0ccabd060e74
./.git/objects/77/63cfc67b1f4a51a4d904f122e53bacfa77a727	    1031	       5	application/zlib	67f5fbe3cc2fabc7fa03f080778ab55a711f81d7
./.git/objects/77/748e035fdc5e1c4119af96d709241116e2a38c	     454	       2	application/zlib	752892ca1cb411dbd196c4211e65480a1dbd2ee9
./.git/objects/77/a841a051ac8e9e3943a89537a915625ad488df	    1593	       5	application/zlib	8ab7ee4247adf87942c842d825f7082740c0f54d
./.git/objects/78/1d472d010472573c576246fb267391cd9aa1d9	     557	       0	application/zlib	fcc5522a532bf1632cadaf45439a1485e65b9a8a
./.git/objects/78/3cb066cf1b871e43c5870ec67e6014478ac06c	    1811	      10	application/zlib	c1fba16f871136b861c74e528e1104f11818bb4e
./.git/objects/78/486a749ac2c94bd1b89e2a843dc5e3231c20a5	    4072	      20	application/zlib	749fed57d5564f56d350fc00ba2213bfc1cb4803
./.git/objects/78/8f1aee032a95ce50cc0c7498613ca6e1ea28a6	    7660	      41	application/zlib	d47c0d9235dd457fb115b394ccf1ccdc7159407c
./.git/objects/78/e1cd18b03aac9f8595e2f46f6b62ab0a30e49a	    2997	       7	application/zlib	caddce117dfca08eee3ba425d3133135c412335c
./.git/objects/79/3e7570b5c42a9f3241c787cb4fc3afe828443d	     293	       3	application/zlib	6aa9277c39b38ff9c213e20db91d695d94e0c067
./.git/objects/79/5307759b209e4203a04918af6ee4b90536d21f	     138	       0	application/zlib	6728b97cb355ddb5cdd3501920d20013c14ea850
./.git/objects/79/576197ede06865f438330056eb2584b2730b49	     163	       2	application/zlib	e8a117ae6bc4e03d71edef282399bb93a9146a40
./.git/objects/79/59dd07ed535058f6a1ac423b30a7b9a3f92830	    5147	      19	application/zlib	0d37e77a312fa4ae791a947fabe088bbe2d6d935
./.git/objects/79/9ac8f352ceacbabe00981e15c934d9b13bd998	     176	       1	application/zlib	8622d4dca807050e8645ede8298b7183c07ce4b9
./.git/objects/7a/6dcd6b8871cbee371ddce3d3452ee715189b03	     130	       0	application/zlib	1b6ff8c87d41dc8bd8b4164c40321d12a35810f1
./.git/objects/7a/7655ba4e7b9c1778b8c706ee58622a7eb46c91	      57	       0	application/zlib	a54abcf2232f90b07cdac7ad33a81907f4f6a6a4
./.git/objects/7a/a719949f2e419abeea1e09c7054795440a50e6	   42203	     155	application/zlib	00bf81ad0cb5bf21de1cf0b330f93872bacef4ff
./.git/objects/7a/c5ced8b38075ab903f0d087c40e545c694ca88	    1005	       3	application/zlib	03bc7f23f9e7a8782952b7e895a116d3be93d205
./.git/objects/7a/e0ea9a1b5f4b0f25a1111b462e05f18c935b22	     414	       0	application/zlib	1dd93aa1e081b8a21a01d3894b9dbc6ae8576e99
./.git/objects/7b/31c86d81d6d620a4a5352419292b686876e6be	     139	       0	application/zlib	e9056bf2a8b7d16b5d18768af868024cacb5af3f
./.git/objects/7b/3308bd6445c2b8c6f642e13bfc06b923665305	     472	       0	application/zlib	368a763f3d75adede9d73ee3effc733b28d468ac
./.git/objects/7b/5216721b268a55c7864113adb28ffc84ed2e83	     241	       1	application/zlib	b6c7ea938d11238b385007adb228731fedcd89e9
./.git/objects/7b/5753cd1f12c66009a6a4b2be0d73d25853e4eb	     145	       2	application/zlib	24591c99f04920a83f2596219bfc6834678d9393
./.git/objects/7b/a185d94b855087da76f3bf8d1ed2f35d916eb4	     246	       2	application/zlib	027694f3235adc86d9aae0ac3d5eab00521e8576
./.git/objects/7b/b72d0cbf3918cf6935690c3720e2ad7f8a1353	     196	       1	application/zlib	be36ac47d4ca38dcdcb29d5c3cb5c9dbbf1f3731
./.git/objects/7b/c7148a31756332334c0ef655d5497e907775da	    4276	      15	application/zlib	f50aaddabc391cb8be578a1d9d05cd5f7356071a
./.git/objects/7b/f3a0f2930db556fe6f056eafe95d185b4bdf61	     163	       1	application/zlib	f5d760e452ab89cac0d905b86e0a16b59b9b5bf4
./.git/objects/7c/0993c5b5c1a7798bba8f226cb2630f75f55371	      57	       0	application/zlib	ce6ea48f7164f33b7a50374b272145c5f4ce1ac3
./.git/objects/7c/756ec5f37252b905b99174465467cdaa6087bc	    2623	       4	application/zlib	0cfb86ef25d0f2405a29f4663956851f4866318d
./.git/objects/7d/16795ff76c4099f26c76b66d0ebc401979ee3a	    1216	       3	application/zlib	e919a969ce77612ea1feb2fac65533db783ecfb0
./.git/objects/7d/588ae3c659fce7597d59bc5059780bab02ecac	  124302	     453	application/zlib	efb0f850f5a8626d7535f72e739503ba7e768ca2
./.git/objects/7d/f130dd8ab216db14dd34c47aba04e213cb699a	      61	       0	application/zlib	6fac200b432ad52f0a02e6bfbcd5d595a371bd1c
./.git/objects/7d/f39c79bc86a7fb28704a533f0fe426ef22a9c9	     534	       3	application/zlib	6221f42e1451ec938a95779239473e648ef41637
./.git/objects/7e/03a91e74fc95830e0d0c04552f5ebe2df90ca0	    3987	      18	application/zlib	cb40df269ac31a288501347e6d10801ccee5f0e7
./.git/objects/7e/0d5e7c03ea884e1151ceca6d6fe52f5a034252	     635	       2	application/zlib	c985298b86f72d8a66fa07b3f99d587bdc86e8cc
./.git/objects/7e/a2e3c8ccf5d95a739575f81d2acf208167db36	     579	       1	application/zlib	121131cb1df2df38a261baf2a51a3f0ed0f22e17
./.git/objects/7e/b90fbdbb0ded01a26ac28f4bf7d8210393c6f3	     773	       2	application/zlib	7f4bc894a5b4cf516fa75fdf2a701b19a4560439
./.git/objects/7e/c882dcca133fd7690a2d1b7e589545deefd327	     197	       0	application/zlib	70e4e948dacbbbb62d8352f7b722a49203ff030e
./.git/objects/7f/4c54e3642dc6a675df72182e488424c07564a6	    1176	       4	application/zlib	7ba110f9f6fae939591371ebf3b3978e86b870c9
./.git/objects/7f/938bd2ff6c8e801bc4524ff11a687628cea616	    1166	       4	application/zlib	8eab7e7aafd16ccd438d153d2f772add5083c122
./.git/objects/7f/b2cea73f100a07719f33ea7727eb6c9649a970	     859	       5	application/zlib	bf8f073535efbe125263c77c3209169265321583
./.git/objects/7f/ba4ea80afdf452c878779b85ff31f20ec1d335	     141	       0	application/zlib	1f8683a4eba02904ddab1551b93b569642ae38f3
./.git/objects/7f/d50b97a81b9d56e5b513b07534d9067ab1eb10	     364	       1	application/zlib	230fc5a01d0bf584dc525111df9b77ca8f5e372a
./.git/objects/7f/e269103d92a242621376776cbc60d88541f881	   18574	      75	application/zlib	6f8cde35095af236c43695c2f34d942f365d389c
./.git/objects/7f/f2c6e53c58bee1ca204d5c85068ac1a7ddeae1	     162	       2	application/zlib	94b92e5e240f59ee2c09b2f028af11821538f1a8
./.git/objects/7f/f68f9f293990be55daa4b65daad9631fafb43f	     201	       1	application/zlib	0671694e49a459f92260f22cc33e04f680215b17
./.git/objects/7f/feb84817d899d9b4a80c4f9d85aa20cafd44cb	     865	       2	application/zlib	22fbd145e38695320740102fa3bd453355f40e58
./.git/objects/80/a21e72fe058d246d28b2c7d6df81d08ac095aa	     953	       2	application/zlib	b7090f75489fcb56d4be109a17d71632e27513ab
./.git/objects/81/1b8df959d823d18e213e9b414cab41bed23e8d	     261	       0	application/zlib	f410b8cd38f4d866abbe4fbc0ac1e6b2957fae84
./.git/objects/81/7a97ac7ea6bf30a917553480900766110a83a2	      58	       0	application/zlib	6b22cda6edaa8da5adc30e4c0a9584354310c516
./.git/objects/81/bc49ee5c5af6fcd741f4353c1efcab5c93e4c8	     989	       4	application/zlib	7eeb5352790d5c24ad04cb07d0a0f3bab972101d
./.git/objects/81/fdd522539f04cfc6ad3f6dc82448e57adbd038	    5410	      24	application/zlib	4223f96afee417b06ac05c37d5bd55ad17f428c3
./.git/objects/82/6bed669a867654f6c1570afc3ed369fdfc235e	    1834	       5	application/zlib	18527d4d51c707e25726e48a4945706664a8e71c
./.git/objects/82/85fd5699c04ebb721f21558c597260576012bc	     797	       5	application/zlib	1772ccdd74d505f4338e89eb5d295c5c60aa6e75
./.git/objects/82/ef5477bf95e299268439253ce94b4622b29592	    1071	       3	application/zlib	1ee29e371683316a610ca529367eea0df85422f0
./.git/objects/82/f34e7f838f8c24ac4dca2d02886bdfc202eb10	    1809	       5	application/zlib	df3a8a2d8bdd1a2bc25629096cd2e0e6c318e15a
./.git/objects/82/f5dd80432dd881e9ef09f87484de709303bbbf	     124	       0	application/zlib	8867a6e755dfc44e24ad4dc2eb38019804cdaa33
./.git/objects/82/f8825697cf195c41825781645a64bc198c2766	     118	       0	application/zlib	db264790e05b212265264e5fb11aba0bed586da8
./.git/objects/83/0148e2a85dbfb75bcd410fda8276ab2cbd8106	     486	       2	application/zlib	4788f6461b2f467172d55f48cf7ed114705cc297
./.git/objects/83/0e3377e4cd1ad24f9764882b031cd4cd1cd856	     160	       2	application/zlib	7834c8573e1970d94024e3143b6f42580719884a
./.git/objects/83/5f1bb39e82b7fccfb8ed6d0391b35322e9441b	    1144	       2	application/zlib	bba5e7991948f4cbc028f1808fb9e57efb76ea01
./.git/objects/83/7d7866195e559748efb3cfd72a892b71c27cb3	    1740	       6	application/zlib	2555e08c0dda82b1ab3e35161582e7d106396c65
./.git/objects/83/aa6b7c2a19851865af3526946688ac3b773d38	   27926	     113	application/zlib	d9d767cfb24734088add17597aa86e95f4d50395
./.git/objects/84/3d5042cee01d4a791bedd54937b8bc59d5f424	     861	       6	application/zlib	6f4554b4e8f7adf04bded66c3d7cb2691fbbd3cc
./.git/objects/84/98892b493847a347ae31a543e845b3ad6fce7a	    2175	       8	application/zlib	e3502e79be6515149b5cda164fe796c06af8f041
./.git/objects/84/9fcd3d7a7a8ab82388c264d0d0ab6f4690a17c	   46306	     194	application/zlib	eba47b28954030e3876dcc1c784d52d92e24e540
./.git/objects/84/a221583f3ac231d907b4483680e8b045aad4f6	     324	       0	application/zlib	bf434ef0600d88e6e100f58d1b5d816714a93cf1
./.git/objects/84/facd67a6b04a54a31835df902565e90f9ff88a	     233	       3	application/zlib	22887c577648f15e472dc4f74759b0ad77a0d3f8
./.git/objects/85/16060bc7781ae16768f72f7224242b3c7adfd5	     198	       0	application/zlib	74331899a258278c10c0eeb83b1759ccf7cd232e
./.git/objects/85/510cdd9273786c91944c0abb7fb70817985e58	    1126	       4	application/zlib	e6511aa943b27c2be047c5fd23ca31cb7572ceca
./.git/objects/85/57b375713c3bdd00a3d961e2beb7948d66a4c7	     159	       2	application/zlib	2c232c639c415d828b981a95af52eaac42a39d6e
./.git/objects/85/71d0cc855007225b551c691a8372c16cf353b5	     297	       0	application/zlib	24b7f0d1e6feed040879e3c340edded0a1ed3f04
./.git/objects/85/a0a179e924f269def3622edbc720260446debd	     171	       1	application/zlib	b51a7c4cfe3e5671d10229ac9342b04f7b3b94bc
./.git/objects/85/a3ba7e877177006038397120758f0ae1532d1f	     839	       2	application/zlib	0b3444e43bd5fa676194d7467da7ac9e741d80eb
./.git/objects/85/f49226e39be4cfce91ea9ad6c933de1bf942da	    2509	       8	application/zlib	25a9ef632016f921a91bf5fae462ec4edbb3caae
./.git/objects/86/15bb04fdf863b7a1b7e3486bb63440eaa4a5a6	     263	       2	application/zlib	df8882aa0644e7b36dd9a169db6e0420c8e618ec
./.git/objects/86/1e6b832eaca047879a3daf195a4c671ccc74da	     124	       1	application/zlib	08ce80be8258477ff71d51cae585df29c334a844
./.git/objects/86/469f0ca7020035ff69143687c9ecdf223f8f87	    1377	       6	application/zlib	5dfd88f488cf0a27912a335992d4885d808441cd
./.git/objects/86/48f12036e70c65280f939cf5c221e4678cd123	     636	       1	application/zlib	281463af4ad36cb6bc4137bafa40e7f0da374bd3
./.git/objects/86/8a429eb661fec7058dfc50c644640284cc28ba	     158	       1	application/zlib	f2bdafebd423a40ac20cfeebbc5f10306c838756
./.git/objects/86/ae14f81701b2d95bb6f841e90b416b198f9039	     294	       0	application/zlib	57d0a095586b07d4d349870c0a287712fb688703
./.git/objects/86/bdce9739f397e7c4db631eb7ff5208d38f2393	    1565	       4	application/zlib	39b2a8de70d8a14936135a1910cffed28df5ace8
./.git/objects/86/e7b680eedaab3af46ad3cd8a7b8cd3ef9c1b5e	     128	       0	application/zlib	1487d0db38dba2c3a14eb2b31ade2087de9c7060
./.git/objects/87/21ba679a800f0f5bd81d77609bc30a74471f3c	    1813	      12	application/zlib	843fd2afbd6fde98b9632cf0cc8d983f6d16e544
./.git/objects/87/3177f4918c99ef29a4958bd4ca9547467b1726	     233	       1	application/zlib	22cc76a2839dac956b20d22688b7b4b8e8d60790
./.git/objects/87/63d4827a46c0fe6d6cbcdbdc6b76d3598cfa4a	     124	       0	application/zlib	17479022e6194fd1cf9280447e66593d79f7cfdd
./.git/objects/87/757fb01444101f65693b77bb0b9fee4750e210	    5485	      29	application/zlib	127379944de6dce4737b0f0fbbcfdf36d65c3a1e
./.git/objects/87/7cf4c45712e739a8c852e885eb96fcb13dfdd3	     124	       0	application/zlib	c5e3e5336288d3931e17922ba11960ec96297dda
./.git/objects/87/97bb5dd28c612da14e3a853d80a4da0febb6e8	   47394	     215	application/zlib	cbb3b664d3ebc0d15f8d30ec5491598d829429c4
./.git/objects/87/daf17233a833e30d90d18607c8e58ef3a15261	    2069	       5	application/zlib	c99f4fe0bd84205829c44d9147084a85b14ffa10
./.git/objects/88/3f631dcd3991be6ec88e512bbbef759e450a9a	     556	       5	application/zlib	7b2ad60c12a8be88fa7c09d4186cfb090452c30d
./.git/objects/88/5e9606c8c2cb52687c13c107c22fcc1faa005f	     125	       1	application/zlib	2bfbf5c5eea7d035f31513287da2c70c5ae441ed
./.git/objects/88/a4ba32222f1f5812f8aa1faba116d4aab0c93a	     158	       1	application/zlib	2a6bcbc3b4d8936d2155c43160250a0409f30a9e
./.git/objects/89/69a7fec0df86cc355891bded4891c6ee4c41d9	     237	       1	application/zlib	f375bc864733b821e731b4f639c872490498bf9a
./.git/objects/89/e33b6bb985236e20c2192e1602bc29d406612a	     822	       3	application/zlib	fdb1395351253e01199448349e95867e2261bdea
./.git/objects/8a/2fffd08fa73b6e87c6c8809c6bca6cb7750e22	    1181	       8	application/zlib	66ca7a1115d04f8f0c6c54ca1d9da0230a5b3e4b
./.git/objects/8a/401f96ccb997547cfdc105f434ada580c1143f	    1886	       9	application/zlib	03cb7aae7a7f1ec498a93d1024d0a9fb167fb1d2
./.git/objects/8a/71b8f43506de5ffc20d9dcc37d77b95a632617	    2645	      12	application/zlib	969e22be7c0164e78e155d47049ec0ad9f684d4a
./.git/objects/8a/8726606fe79c6199f89936c3be2f3ffe732e96	     124	       0	application/zlib	be82e1de8ce19f6fd978610528a89e5ba5ef5465
./.git/objects/8a/aeb1d040a5a05752a6b204c2d3ef469b4295fd	     482	       0	application/zlib	5d99b591eabdde5c51ecd49990ea1d4280f95514
./.git/objects/8a/af4daf488623caf6dab5e59ce12a224396fea6	     294	       0	application/zlib	ec7d7e443c22f4ec2dbfcb2551fbf5939e02f2d2
./.git/objects/8a/b7c8959de04a0159909df8883204cc2b1345c3	     480	       3	application/zlib	a658a83a92c4fbca43aa2c5258fbcba199417645
./.git/objects/8a/ce826ce8df908c67e69dd195b75215a277785e	     228	       1	application/zlib	3d36d67b294d061a525e3f45908dd128c581c5ef
./.git/objects/8a/f161cb210ca519581a458461b495ff1314987a	      83	       0	application/zlib	432e844c5a6b09ce5a97ed3a8d57684868467715
./.git/objects/8a/f2de4ac00d855681ee313a3b1ec7f1dfd6a4c1	    1469	       3	application/zlib	ee67766204dd4ab2f59875c3f5de8cd70e9ef70e
./.git/objects/8a/f5482dc781649efa4d57a854d2caae3311d8ca	   45893	     182	application/zlib	969080702c5c42dc8e95a7a60041b89e128bb89e
./.git/objects/8b/0f422db9c11f04fe47b7154db56ed09b6f80b3	     109	       0	application/zlib	d97ab2cdd00640386ee2966f1ce8b8359a717ddd
./.git/objects/8b/99504418fe492cf5c722e1dfde2dd90117c3d1	    2039	       9	application/zlib	31413ddb2ba94f0e5cc9745ac352278ad17aa268
./.git/objects/8b/adbedbe7cd9e7ebe1e339e69cbc89ac570f416	     859	       4	application/zlib	1fb539dadbea0beb3faf5e7fd2e44b22329cf12e
./.git/objects/8b/d612d0a15b1fe97fd836c63cc9dd0b91cca491	    1028	       5	application/zlib	491e24f0b2a01beb904b63649d7d14dca5976da4
./.git/objects/8b/dd62ec4d0347d491b974930630f65e90028a69	     263	       0	application/zlib	3bfd9c37c778bebe21ee4b5dc3707eb49ab2fd35
./.git/objects/8c/272ae095242527918581dc4d5fbb0335a1f9e3	     430	       5	application/zlib	c0dc72709d880c9c926efb8ec4db3e5b3e14659d
./.git/objects/8c/422a94bb0fd4534b377f9f5d3a167dab9166a3	     535	       3	application/zlib	ab105ab02ad9cf5333c1124f0bab41373b716a10
./.git/objects/8c/558ced4c3857892f67e5bcb866d053c3d04ab2	     974	       6	application/zlib	4410296d49858e09b5b270ab0d31225258d3e40f
./.git/objects/8c/8813c8bab0f55c0fd2392107f936f221f5c800	     109	       0	application/zlib	21e5ff8fed6ccaa55d10bdb2097486327ba7540a
./.git/objects/8c/92def0fa08df6c77fc90b389bccbf76d666d5b	     670	       2	application/zlib	75d562f29930898c7fcaa74858296e89664af66c
./.git/objects/8d/14ecd66087d236ae281922d9011562468ff418	    1056	       5	application/zlib	99ff0dfec9971a81ec265d88b85a8f412185e4eb
./.git/objects/8d/38dc749035d76e869febc01053a8a8a66f7470	    3000	      10	application/zlib	7b26e79c4dcc72c9241e32d14e65b87506c625ab
./.git/objects/8d/6b54e800d21a7e966e92e8ea2e9a89082a9591	     709	       4	application/zlib	062a7739734e5369e793bef72807f871e849494f
./.git/objects/8d/7155ca4faa7254ccbc0bfb858e84aeca03ac0b	    1911	       4	application/zlib	6531d5392c321a8ce3fd1a318c074a5e4e6ae5a9
./.git/objects/8d/aca4e523fdbf86b23f55203d6499735e9e5c93	     293	       3	application/zlib	8c609ae23a74541b61601d1f4e4003b9c6d3e7fc
./.git/objects/8e/053a74688097d2df3b3702e279cdba14b2b29b	    1178	       8	application/zlib	b1e0f8637d80706e40e6ed2e678c23ebc2f50866
./.git/objects/8e/1d5c5d24c1c6cf8349c0019a43f9f87385fb26	     263	       0	application/zlib	b5ac709959bb1201b32a3aa28c2c1ba2517482f9
./.git/objects/8e/5342b06200514bcdbb659343a6de9171f37295	     529	       1	application/zlib	2e441dd7b31298cd6ba442c3a0b5c4c2802fc802
./.git/objects/8e/6bd3a0d0b73fa9fa9e08d5ae22db978ba9d29b	    1566	       6	application/zlib	3e9d109acf1e5b652b122a5b61b00357afed1a57
./.git/objects/8e/73c24e3a2c188d4077f1ff5baccebf17d839e4	     128	       0	application/zlib	df7a5a2cfd5ca6e48449548a7d28abaf678bf038
./.git/objects/8e/8697393776ee25abd422e41670b8f3590e69ee	     293	       1	application/zlib	efd7df47f3d3ef80914839f4349929e8aa8ba298
./.git/objects/8e/aa33666f41762a6843143aa75bae9163e4c853	    1580	       8	application/zlib	45d5ab474055f1a52a0ca41ece188ea394b3e557
./.git/objects/8e/abeddd48cf28738fcf5492bceef31e8c18284b	   22840	      96	application/zlib	941b4891222136922dae47fb66c46dfe85e908c0
./.git/objects/8e/c296b35e7a59937e9f2172f4bb4d73361a7a14	    1174	       4	application/zlib	1796d9bf402397c300dd89e9e0c55bdf143f2a2e
./.git/objects/8e/d7eaafc6b07ec2e745106e7506d89184cee4d5	     239	       1	application/zlib	b5a1669d916be66ec2b4ec2855fe1a7e596aa4ba
./.git/objects/8e/e07291ac6a95c0ffdb987b51ddc3e1f145148d	     872	       2	application/zlib	96a3feaab3b632a443ac87c35f62441e758c90c4
./.git/objects/8f/29fa93a4445ed7678c2c658cf28002488594c6	     127	       0	application/zlib	94a896de7cbe6f04ca2afbaccfb96220300d5dba
./.git/objects/8f/a110f0bc7760988db9b254f6b5ab2db27213dc	    1559	       5	application/zlib	085720d5c76b2af5f6c219d6c868c08fba46883f
./.git/objects/8f/b8181247f48791046d0461b30c2b789dfdd0a5	      61	       0	application/zlib	5f3d64b8765711aa19fa052adde0a33871500e40
./.git/objects/8f/e75a851145329e31eb90c6a7ec6d8ce68f635f	    7574	      32	application/zlib	a60af2e3f7a28041afab9753d750d3401a55af4c
./.git/objects/90/4fe86b88cd0d09976c4c1ccf094650a2ecafe9	     160	       1	application/zlib	363b2d13c9266e12243c1a213eb0e221e45e7704
./.git/objects/90/759b81c993611110627bb267cb83b719d16534	    1981	      10	application/zlib	d50d2b919e2ce7d5e62e04d49c1256c53f3e08ad
./.git/objects/90/88cd631fa7964f1fe04815528dc330ca29cd15	     388	       0	application/zlib	a7cc0990174d82903bb0ee06ff9cac7742aec9f6
./.git/objects/90/e571fc168accadbaa433c7384ef9f67fffc6d4	    1567	       3	application/zlib	90bdd2a31f6902a19634cc35e0f5bbda8084f768
./.git/objects/91/058da7ace28b8ac501a4b1ba6dd7b7cc14f487	     108	       0	application/zlib	d89bbfbb033b9fdc57d2e172039b8ede25adb752
./.git/objects/91/685fcd000795ae8c76eb8be90097574159b917	     461	       2	application/zlib	6c529b88a22f6c133fc1998e27cf50ecdd9f6478
./.git/objects/91/7fb239138b1bfd9c994e90a673bf27a6d378fd	     325	       5	application/zlib	2a7eba9718672554b82ccb9835f5bbd5870ec376
./.git/objects/91/9adc4f2058a061170f63ee91b2c2fc4ceab92b	    1178	       4	application/zlib	5bda373322bdfdb5854e5cf3d391298bb1121b95
./.git/objects/91/9b7c993cb80db2ee603106e15469ff8b170d5b	     535	       2	application/zlib	fcc7d0bc488cc6ec9b69b2585b7628442ce1146a
./.git/objects/91/9ef90cc404a3c14c83e79ab3430ed8df5359e6	     951	       7	application/zlib	f42ca9d620f07e482b0f1e20d3f9da9089e06071
./.git/objects/91/cd191aa81b61629fabce8843f2783f2376c897	      58	       0	application/zlib	e99449ce16d4f2b8502deb60276b595c1d28c566
./.git/objects/91/e32ce29acf329a3762898935857b52a3d3767a	    1431	       6	application/zlib	470a59d10d2d2fc1ecd4fc520c02953db171770c
./.git/objects/91/e6198a10db965b3a14e37618057ea26d0856c6	      58	       0	application/zlib	ef3489637df150791a809446b03eaccfbd28984c
./.git/objects/92/50f9af7e69768571d6d7d5b48cc44e1aa861fe	    2902	      10	application/zlib	ae4df69789497a4db826ea26ac21c25841e9285b
./.git/objects/92/5b4a4d74ef5c56a79e638b815450820ec04c87	     108	       1	application/zlib	79ba120e5a849fdd59b3f6ed1cd1bca8fcb79e02
./.git/objects/92/8c90f128e352bc2c47cfa7f1a462c05533e2ad	     225	       3	application/zlib	a58f4cd4684d2f0689de235e46ddf347d8c1d7bc
./.git/objects/92/9c3d3c51146b684315dd705bc3753b4807fa48	     445	       1	application/zlib	6fe6bdd9cb77bb11a92808c8d7393a40c61a6488
./.git/objects/92/b9080f341e5d5cdbe063f19a76508bf7325c8f	     193	       0	application/zlib	3241349d7a85c4eb1819039c4c7d696bbf7d5b80
./.git/objects/92/c2e7fac72039b366462970bedebc834124e96e	     129	       1	application/zlib	3685413a34ad234da4c0b615be308eec74d46221
./.git/objects/92/dddcf270bb6da32cca803a134b7b7760657466	     497	       4	application/zlib	664268a52cc62caf3c875e51afb0e1a231023671
./.git/objects/93/2dbdfa93da7603a244969241437334d7ae15f8	    5155	      20	application/zlib	102fff3b6877118da27e9a8c28b8e2a6e3f657fa
./.git/objects/93/98ae5d03c1a114c7436e71b6dc1f09c27afb47	     982	       5	application/zlib	2ab57580d1e73e260b540e02d79cac038446e48a
./.git/objects/93/e268884c93721836121379e5c33c7693c8ffc4	     124	       0	application/zlib	d70d87db75842af1420232aec204c12e99dc2968
./.git/objects/93/e45b6b808c49ab1d3cdfabb0ae29a31cba1091	      58	       0	application/zlib	73fa38ea0bd43937fc50af9b0e36266b4d84e666
./.git/objects/93/fdc4bec59000addca460dbaad1c057b32c5a87	    6035	      19	application/zlib	a7d59b3957de983391dd0352773a84cd9d31f3fe
./.git/objects/94/1d24ec10d9ce6e137b1d27578b473dc66565c9	     294	       2	application/zlib	1cf6a4d219716604118f3e8be9fdab65f6cd4205
./.git/objects/94/6f985b4d44e26eb26e66145735dadb9e4d1081	    4826	      15	application/zlib	ac17a38033bb8950aeb3b8965d6a5a1c874c2de9
./.git/objects/94/90bdd7a0900e3aad4db5f45803aa89aef23f60	   45378	     166	application/zlib	c916e592340a72b7d5c6a6212a02ccffcc7f45ba
./.git/objects/94/d3f1bf1f74a754c13c370138852a59f46e4fbd	     973	       1	application/zlib	f16a0e3a9888325a130d08851c4e7ef81d45c83e
./.git/objects/94/d58d0a25809f5c549ee0be4453e7a7efb2f760	    7745	      30	application/zlib	e1cea8123f9245933fe8e7c1ae9a4ab1a8111d31
./.git/objects/94/db662e98b328845c14bd3488bdb4fe99e26a2b	     223	       0	application/zlib	b8925985b0681cb77ad879ffd52dffa98115b992
./.git/objects/94/dc22e99757323898bd1aa4859a17412f8448a5	     635	       1	application/zlib	0e410437767613535e9c125d4c3e13a7e8d24ca5
./.git/objects/94/df98d99bf8dd15a89dc238b42fe6ba48355245	    6531	      32	application/zlib	658f8e05baa5030d1c6a41dddebdc20fd725411e
./.git/objects/94/e533a62cfb673a7bea0833c8ff6fce55b70c07	      89	       1	application/zlib	596819dcf481aa6cf814956236e634c208da8621
./.git/objects/95/599ca31dddfae16476260d19f018ffe6c1fb03	      58	       1	application/zlib	1f0829e5829b63a17dd5daa39906ea1f01320210
./.git/objects/95/86fb5153b43a822a5e2aa101e169495b2c2800	     112	       0	application/zlib	9ec87fcd312ad8b05a762f16f942915400422e7f
./.git/objects/95/9222067bac61a1c50554c1a215c9daa4fa0151	     392	       1	application/zlib	ba89c1489a3c95d7139f57de33d4a37322a0b32b
./.git/objects/95/a98094c4625578423b79af4be362f14cf616dc	     293	       1	application/zlib	983e8de5eae9ecc55b48725f02bff2ca437d36b9
./.git/objects/95/d543ac21e0d00efd6c898a0e788d0402dac21c	     324	       2	application/zlib	6e3dc57674e75210f56ed3161487599c1481fa9f
./.git/objects/96/09560dbe73fed8ed79c06fec0d237b4d16241e	    1411	       5	application/zlib	d56c6785999be097bd25fdfc252964875b38cd9b
./.git/objects/96/7ce440a09977242fa643a487d5b6d1dd59a625	    4711	      20	application/zlib	101eca2e503a8c7604e3945b0fc4ecbb2403facd
./.git/objects/96/ad2d020c924fcdec2437182b3f4511022920c1	    8911	      32	application/zlib	5728a6637c454248808d32b67e746da712f43502
./.git/objects/96/b35116f3b018257bca57f5b87fe7e5f44a7516	     127	       0	application/zlib	13cde854aa53c25a9f5ba3df217211c98cb7f5ce
./.git/objects/97/03910fe4904907721270e22b4a5e5cd403dff7	     429	       1	application/zlib	b54435026830e5791a3b67858f24515c6c1359cf
./.git/objects/97/45d06cc3b7a945b86250a285740c9fdeb05898	    2491	      11	application/zlib	c6afe635718714550311d7776f1abd0a281a9fda
./.git/objects/97/7a60e0c0d73466caf10c4b3bb879deb521d15e	     840	       5	application/zlib	548507ebdd118b09d34d947a8cecfa765f074e39
./.git/objects/97/846c5cad793270ac7c88d44ed69494cf225e9a	   14792	      52	application/zlib	6cc2e0428b0bc7559d788b5891119c060f6b54ce
./.git/objects/97/b4262c02ab4f2c4761d56107a05d19fca1818c	    3959	      24	application/zlib	562efb7dccf746378254af0d5fcdea2f2f427eb0
./.git/objects/97/d0bd537dfea9c387b7d25a098b9eb3d68f5b22	     259	       0	application/zlib	8948ce52ef247a7b3997f214a8b232e2497cbbc3
./.git/objects/98/1c88fb3f54100d39de74bb5f137931c378464b	     324	       0	application/zlib	42954a54d228af6925a236b262be43413afc10bd
./.git/objects/98/730fb2d136b625beb3a35dfa4b9af4215c23d1	    1204	       9	application/zlib	951de0909f2ce90f1c0802802aa22a4fdd048ae4
./.git/objects/98/76e6ac950cf6a357be556238f3541abca7bc0c	     882	       4	application/zlib	9380ab6668e8b3f335e522042e0892734108f432
./.git/objects/98/8ee857193db202082a21972d1ffc230427a70d	     305	       2	application/zlib	f532dc15d0c910f519171b8f6a168040ce9c30ab
./.git/objects/98/8f062150d4c5af3aecd5d927fcc0670ed607d6	     319	       1	application/zlib	08afdfb4ed783860dd119cff91eca2b198ea616c
./.git/objects/98/97cf73a9e5f3a0efba2f128a71c3b5a79d770e	     902	       6	application/zlib	9ac2e675f1d3e87866c0c2c60d0b0e17b7d72fcc
./.git/objects/98/98ebe928fd9b77dfd85e0ab03fd58876307ef0	     951	       4	application/zlib	a4eadddd665dd3d5644c049dc3481f9626a2b189
./.git/objects/98/9a2b2abab32dbb38fb78f136982e1ea203ffc8	     944	       2	application/zlib	2c7db77a6440412330ca7dc9d1d5ca22880cabca
./.git/objects/98/dd2cef711232efa3fba5d9ea4e5f3be1b6ae66	    2649	      10	application/zlib	747323b9b200050392c0c267247f6ceab07e20ad
./.git/objects/99/116c42df753e43ab83381df38d3a189ba46e23	     198	       0	application/zlib	efb0a95086560432c5d3853f30c23a15acf855ec
./.git/objects/99/4e2cca77e0052f12610f6ed837e2c777c83090	     113	       0	application/zlib	9fc32c776612ac9ac312d1fc38a14b166d099c83
./.git/objects/99/6fe7bb5856ef06ade899eb2895bffb239026d4	     414	       2	application/zlib	0ee8dd8ebaeb56ec945ebf88823dc5cea0d64edc
./.git/objects/99/75789a209c3524117dc7a6debf820b2820469e	   20443	      68	application/zlib	3de5306c1a8d1cbd9f1a335b94a996a668300d11
./.git/objects/99/f2f984040fd48d26c1e9aec7460d06efe0c3c4	     194	       0	application/zlib	2e1c5cd01ef27b528ceae0ac922a8854e670dc75
./.git/objects/9a/07d39bd92ecb6537e2253c11ef548bbc11741e	    5308	      19	application/zlib	de86a7050a9f7abb1d7466fd62723f5dd230697d
./.git/objects/9a/0f7fdd1d6bea1f418131c921b9ab254cc40baf	     197	       0	application/zlib	00e98065613d6a234921ebcd71016b5de6a89316
./.git/objects/9a/0fa3e5365f824fefa278c9de4d3d4ddedc1ad7	     294	       2	application/zlib	0f583c24396360f296968153da7a6e407cbe1f1d
./.git/objects/9a/310459c05de548cb399f60316d1e839f414640	     158	       1	application/zlib	ea0b32ce5bbf7d1f1c763422137b208009d47621
./.git/objects/9a/3893282e4151bdbf807f0cc8d0fd26d51ef06c	     531	       2	application/zlib	decf73bcfb5004f15c215df530205f210b5bcac5
./.git/objects/9a/c87c0bc6da0e64acc337dbf2074abfee9e62a5	     878	       4	application/zlib	8876b9bb76428c20a94a4e4fe309097aa81176f9
./.git/objects/9a/e3af4f69027d28be7bd22275b3e5b6867b3306	    3113	      13	application/zlib	4b608ebf639ad8140aa859ad6379fcab8a864c84
./.git/objects/9b/19916b05f03de5bbad411c998b0547a901d132	     474	       2	application/zlib	017489ad3e48e11fe790bc4ed76905cbe390d1e0
./.git/objects/9b/219ab628dbc719fd5309d785a4a2498e4cf2f8	     267	       0	application/zlib	e4f3564372f2e14a22775cdd6e33038e6512afac
./.git/objects/9b/2b0caf3138c0b636745b9c7ef091f47218bb61	     109	       0	application/zlib	e89791fdf44b106f2c40e4d06f9afa413a226afe
./.git/objects/9b/4b4e183e530fc41b27f10775c082836f7d3058	     955	       1	application/zlib	e4ccf28e948511f1edcebb96c6b8e86c8a0a347c
./.git/objects/9b/7d0952e4701e4791ee254257523ebf5316d4bf	     138	       0	application/zlib	406efea8a6ac4a11fce61781274f3402e770f078
./.git/objects/9b/7fb8f697c5b625e4fc0ca7858249d70a0e5a29	    1200	       3	application/zlib	47c20717ed881403bdcd4c00d30aa45d162d12ab
./.git/objects/9b/a1828c80e79bb8919a63d9847a6e2f4d09a859	    2032	       7	application/zlib	6f53c3dbc0a2d7d04434b6184ae217a7cf5949ff
./.git/objects/9c/17bc403feb1a638aa830e2ca35dbd05160a458	      80	       0	application/zlib	ffe99d4ad671f7f57f8c6f185a2f625076726010
./.git/objects/9c/4693d1aa6ffad1464a52b1356978b0cc489f20	     841	       6	application/zlib	7afa530773766992e21703009789969fdc63ebe2
./.git/objects/9c/5693a522401432c59b8e882e670716be8edf38	    1241	       8	application/zlib	4c752bb225d438ef03761f1cc6fcaf609a35a107
./.git/objects/9c/c819886539f6f8cf71e5f3b451dad06adf0239	    3356	      11	application/zlib	e509dc8a9f5d375e559fd8bc237eaca2754a7055
./.git/objects/9c/f593bc5d5604b4bdb037d42dc77d20eed6f7e6	     843	       5	application/zlib	6e96a73e623823460cb95869efc7a47e03ecd72f
./.git/objects/9d/11d1a52288362a847486258e7e37fab7dc10e7	     161	       1	application/zlib	6a2bf34de9e02b1a1a44ca4bfd8590a4e4be388f
./.git/objects/9d/15143e46440517b6c967dfe14d2d4ed7d50ff6	    1646	       6	application/zlib	04bfa70ac273eceda7407afb6583e8f40f7353a6
./.git/objects/9d/24b2ba40c9adc716f0aa4f426c4daa280916ce	    1001	       5	application/zlib	a4ef404c428573f699f2f52551151baa068a4285
./.git/objects/9d/75f0573b73bb55560cf558769fe6c8da2dd31d	     674	       2	application/zlib	5cba1fb76cb3e0da6e344740e09316b40055abd5
./.git/objects/9d/76464ac9bc3562bdef6a86ade4d08449f9d29c	      60	       0	application/zlib	52b0a87f521e3cdc05420b1a93264eb46b3a5ae7
./.git/objects/9d/f444b74c8aff8deaf66d8b8b156ac7c1d13ec2	     195	       1	application/zlib	d12ffdb678be0c1a260fa58aee6a220651ebd7b2
./.git/objects/9e/00ddaf344f91b3d7fd712ed50a05a4a1f51822	    1613	       5	application/zlib	ad6eb36f3579c89014e55dfd081f61aa3a0bf6c3
./.git/objects/9e/5f8b0242ebd52885d2058b024255e87439d37a	     109	       0	application/zlib	48e3f99d2c40134da324417c4ba5bbc31ae3db19
./.git/objects/9e/7613563c715340eb6b65fc9a2773304af3d584	    2326	       7	application/zlib	55af9cb7d3416eb5a1e0e1853a4ac00b4420fcf7
./.git/objects/9e/8390ecab328141d5cc63280e4935c89560761c	      92	       0	application/zlib	03a5baff38dd05fca05cb8a6d7d86ee936578304
./.git/objects/9e/9d14f5a5d8039c57712dd6255cbe731ff4ffb4	     124	       1	application/zlib	1c2c2a7e015de79753efa248c8131566d3fa560e
./.git/objects/9e/af0a46ded15e84ff1c329fbba5f07c92380660	    5465	      19	application/zlib	4b216a6cf3b58d6741ed123a3e49e840b8558eef
./.git/objects/9e/b70593d58487d4dd8dd41cad97e4afeb2bd064	    1299	       2	application/zlib	a1fd311016b767501d93f2380c99203f1ac47e50
./.git/objects/9e/c83d81baafccee5457059e5a00712705942f6d	    1461	       6	application/zlib	c32d6f7eb676aada1338aa21a9c8bb9e0467b1d7
./.git/objects/9e/c93096af65bffa03a93c367f717e60200d7621	     366	       1	application/zlib	573b9e4b871a75b864377207230a2b201362848c
./.git/objects/9f/170fc2931c0639df6edee9e8650d0d4d7e7d45	     636	       1	application/zlib	0dff264f69201c236916bd826f4f83394727e888
./.git/objects/9f/2c3be8a509e223c28b420f47fb062023104eb7	   43603	     184	application/zlib	00a0b55b0194c3501c789679f55c281fa3c52a63
./.git/objects/9f/2df3a183cacc85c6920ff235a725dd075139a6	     340	       2	application/zlib	82d619c0e20926ab6de5264fa6aa8f5bcfba1725
./.git/objects/9f/46eaaa6798747ee47bc3d6425ae4919b8f0ab5	     649	       1	application/zlib	a48f03dbf4a4da160c4b0661581652f26065594e
./.git/objects/9f/87531784e8a6bf6dc3fded24a4efd082fc6d8d	    1326	       5	application/zlib	bf04fdc4992850d2c4ce62624203c5869e9419a3
./.git/objects/9f/cbabf9a032a12fb839b115d6d679625caea639	     273	       0	application/zlib	65a51d1afeb4266795e7ed0c76f7c588632eee43
./.git/objects/a0/35f2319beed68ecca39432ca92339fb03cc1d4	      84	       0	application/zlib	8044593b53187f8c018de93355f60f2c6fdf3d20
./.git/objects/a0/a747e11bc283920eec5ee5581e8a589b3989f1	     241	       0	application/zlib	f83656eabdfa661a7a92d29453338b3ff57e6dfd
./.git/objects/a0/ace2b07f0bcae9db1f3e2a2c6e2f240c46adc2	     294	       1	application/zlib	2d5fa658f3468c87800cd2a1c6637852237e2163
./.git/objects/a0/b33475b5fbff6743c5746d91610b31e8daff05	     112	       0	application/zlib	2a5784fc132dbeecef8f2c7d8e93cf92e0ea6e79
./.git/objects/a0/c7206ded3417edd4670cd7b775bf589e405b4d	     861	       5	application/zlib	1273bb9fde2b4ec3847bbe3828dd756bf2cf0e10
./.git/objects/a1/79375c94ce1a95116488ca2b772e727bb43f07	     841	       4	application/zlib	c4a49848598f26da9092b935556d4c8d02b1d065
./.git/objects/a1/9554d5fbbc8e43d5eb27d015436c9e49a537bd	   12615	      49	application/zlib	ca64c7d5a096d8606f2210b2f6b9d17bccf3be58
./.git/objects/a1/adf0c11204dd2ac26b4b6c240ed4cf75da8580	     324	       1	application/zlib	74bd6f06d993744faff597ac03133ba3261a6d7e
./.git/objects/a1/bde9f301920048bf698e79d33ffab9d1a5da93	     293	       0	application/zlib	c5cdfa408be18fff6200a5ff1763949f2f9b2b31
./.git/objects/a1/d536cdc6b0f563965c91255a1265fdb3c7714e	     902	       4	application/zlib	283d7960123381787d21a79492f868394d6d31bc
./.git/objects/a1/d88019d28f9b62415569c10255ba02de0bcddb	    1456	      11	application/zlib	af606ec102ef7e89a5cada8287ef9e6b0eb300dd
./.git/objects/a2/a3315835de7a0073932c7b2d341cb2043d5c7c	     128	       0	application/zlib	1f342e0cccc0082d396fc43797bcc2f28203f5f0
./.git/objects/a2/bf8d077d41351657b8c7b29af2bde494a78b36	     966	       3	application/zlib	de0b37121fd9e88a64ad39d0eabcefadb5c17c89
./.git/objects/a2/c21dd51bfd350b95583bb8a302594dbf4e7c7e	     164	       0	application/zlib	ea0552d29acca90b3970c1492c3567655e89b60f
./.git/objects/a2/dc9f51e289c15e3b71d485569fe1d031175f0a	      58	       0	application/zlib	9a2fc5ac4261a6fa4e126c93f0779a7b2e72aae3
./.git/objects/a3/035e19cc7aa0d786487bd39792ac4fd10f0925	    2270	       9	application/zlib	dfa5dc8a6bd3b5457a594eaec0ed5f451b97a9e7
./.git/objects/a3/0ae44417f675405c7b5eda92967f7b12f63df2	     839	       3	application/zlib	18c90b80bb4039afe51ea82c5180a7338150d5b1
./.git/objects/a3/3b306108ba49f1dd6ad714a0c988fbf5a3c7ce	    2981	       7	application/zlib	457e8f5dd40969d6e8eeed3007723ef726056d7a
./.git/objects/a3/ca207d18b7865491bb66600a4b05ebe6ce32f7	     261	       1	application/zlib	ff0e9a648ced91f084b3aa74daa59a2d9bab1350
./.git/objects/a3/fa4f70a887f80a5447faa18d272a1ddcb72412	    3138	      15	application/zlib	7bbe5e0aa6815550662ef87e4c5d6cb301db00e0
./.git/objects/a4/04b83cd433bf61a1679c163ae585e91d46c650	     182	       3	application/zlib	9e7001ebfd1149003c88ff28e1d99e74b459e8a8
./.git/objects/a4/0fea6cec257a0a08f5e961b658f5ac2194f199	     200	       3	application/zlib	ab6fb1580f1c24fb0d2f32a1c14248a89b375e97
./.git/objects/a4/20c5d089de734be425aecf8a31ffaa26b8578c	    1961	       6	application/zlib	1e5c87670b7994bac9c82f8aec14351a6cb5378f
./.git/objects/a4/e6448b31343088b791523777da3de9b787914d	    5047	      25	application/zlib	0e4501c6ecac4d93f32b74471f557f0c27abf725
./.git/objects/a5/0944bb06909cccf567525c723e17601b98e08b	     833	       4	application/zlib	ad1e8adfda4c7fcd73b1040b279570f6e65dc55b
./.git/objects/a5/0d3e3ffd4a71d735f04225f6853185948cfcc3	   23792	      94	application/zlib	769cd7dfc8f58e1e9a5a6385148a64087cb04988
./.git/objects/a5/448f3f4e9a049f81784247bc459edfa0e82376	    2068	      10	application/zlib	76484b9c50ff60d229bbea02e0bff74609731a84
./.git/objects/a5/8079ae1b273f9bdd397015825ced64b8d5c604	     159	       2	application/zlib	ce7bc89da634b3344ea96d6e9f4fa9371382f81c
./.git/objects/a5/b76f58dd42c5b32a3a0ccb93b5241892bfcb41	     260	       1	application/zlib	e88221906e2c0a54007f1a1c07d668555b01479c
./.git/objects/a5/c75e05cfe616fd4426752a8ec1ba8ae7bfa102	  116346	     419	application/zlib	00466a2ee6497c2f367514de0fd16ab1ddd10400
./.git/objects/a5/cf1b8f40d656666bf87752326a29b236c31860	    1630	       4	application/zlib	53b5aa0dd79be6f883a63bdd6236972b88e834de
./.git/objects/a6/b5045cf9ed48630bae3b26935d13c695518e00	    2949	      13	application/zlib	08d004f93bbd7ff37a2f7c701ba977e33ed5df7e
./.git/objects/a6/c2cced726da3fb4068a83577dd4cb66b9eb1ef	    1223	       5	application/zlib	7fb513fd825b1e776a10bbda6e755c943962eda8
./.git/objects/a6/dbbcd703423f681cc84ad15629625964e9988e	      62	       0	application/zlib	bdacaa58c56065090ec77729ee086afd5a79606f
./.git/objects/a6/e72b4272e24ad19f1accbc349114cc046944e3	     176	       1	application/zlib	a42606a4fb685b72842d5bfa156ab503c4e463b8
./.git/objects/a6/fb66995c45a31ac748e1bda26708f21b344a47	    5068	      26	application/zlib	530f35fee42ffce9c7ac2ffce9f5e1fe4900c6d6
./.git/objects/a7/4bf3142579ba7ccff357544e35e87d8bb3abab	   11044	      48	application/zlib	3a4157c96aa1bb2956f29cd5133fe5a9eb7e080d
./.git/objects/a7/7c3e4d76f34592fa00cb0b34f5bd2f4b4a97dd	    1615	       5	application/zlib	80fe9ca6f2c9b6c08e2ec2a8e5421d1ac2f0f80e
./.git/objects/a7/8979c6d2e678643727f4e6996f369e9fbdf54a	    1895	       9	application/zlib	a0e3672b2ca2bfb5052ffd3b83b83ae0347fb9fb
./.git/objects/a7/bafdbe2b3253a81590abe35a4530aac1651ff5	    2061	       5	application/zlib	66b558e1e623a40cf1670987620eb872f3dabbb3
./.git/objects/a7/e2c3035f00cf72acc1275634edd65a6d73a68f	     190	       0	application/zlib	054d5904710ec11cc290944978dc9b8ac0fb1f3f
./.git/objects/a7/f42127f994b05c62a8829ecfe46e18f2a6b86c	    2629	       9	application/zlib	ffc0d20a9eebc1d559d493b3e8bba0386e2a9568
./.git/objects/a8/419d3fcd3e626083cb9bacfde0142d330cf467	     554	       0	application/zlib	9d86e3e9d95ea3c4800b51cca53e9e44105c845c
./.git/objects/a8/7644b51cfbdfd0c7245426efdc308079e953ca	    4660	      13	application/zlib	e195cdb4158bbf946fcb4cc82f9719d91e5093f9
./.git/objects/a8/bd181d94ce5c392454e71fb3ea0a2574f463c1	    1484	       5	application/zlib	fd061775b347d855a64ef15aaa1351720a3519f6
./.git/objects/a8/cd88a6f5da9a9a7535bccfcc28d2aace9c22f5	     876	       4	application/zlib	54786f29ec4b7ad7b4f182898d3b9495ab424127
./.git/objects/a9/44fa424cef387d426de37ec0ae99503fc9da9e	     437	       1	application/zlib	8cece747349f095bfe2280bd5bb4834c4ad0cd57
./.git/objects/a9/63289c210bbdef76b65f406efb98498337bb7c	     166	       0	application/zlib	b7c12fd22e336d444a339556596d4e6205c07455
./.git/objects/a9/665029a4c9114f56fd70bbae5db9e0f6cc8f6e	   16009	      60	application/zlib	191b741db95e630ae02b2a306d112b83a1b80ad9
./.git/objects/a9/8ff041599d71b46b1f02f78fe3d9462ce024e1	     195	       1	application/zlib	fcb9b37030d391c8659b0a447a19606cfaec92fe
./.git/objects/aa/1e4d48723b721dd4dd6959fd702416482b803e	     291	       0	application/zlib	087d1876641f2ea469a8e297c92a33c273cdbceb
./.git/objects/aa/22a02254d7af47a101e962816cee1cd8ed727c	     294	       0	application/zlib	783704b3490da5968d2d2782cec4bf7b1ba6d06b
./.git/objects/aa/37256db7d4df726e8d207452c7d17d5a66ae71	      55	       0	application/zlib	b559f8ed01d4dc455824224fb59e97f46ae6eadd
./.git/objects/aa/ca1ab66fefc7cd69424fcea6b4b17d0df459d9	     839	       3	application/zlib	fb4a07a731120adb520fc6e16b66452c4800fea1
./.git/objects/aa/e4bfb5755eee7e4072d7f566430478be324fbe	      62	       0	application/zlib	84d08b5fe7cda158522879d20758fefc41777261
./.git/objects/aa/febc4651b5d407c4fbb84c0cc39dfab4a59909	    1938	       8	application/zlib	d1ca2cafc923557faed947d8f0a6308b3112a592
./.git/objects/ab/3ae6d7e39f7a8180e17367f110f58ef1a05f7e	     166	       0	application/zlib	293f847660e7888b9122e9c3767b5aab15400603
./.git/objects/ab/59a6964d0925bb1901501f60743b9f43eea55f	     775	       3	application/zlib	2ece42d9bb99cf5c1aa4d1313932b342b2252b54
./.git/objects/ab/827fdc49282da7f96ab530f6515af9acae5f83	      83	       0	application/zlib	12b18a18978e001ee532d81ed0ad271bacc1b2a9
./.git/objects/ab/8dcf91901ff37701f4decfe73e59d3b194c191	      95	       0	application/zlib	93af35b5e4e0274997756165effd2b6cb0063cf8
./.git/objects/ab/a5933696cccb99d4730a62bdbea44f00e0a42f	     859	       4	application/zlib	5d057d83b58f7c55b75d9b28c5d73908955b26c9
./.git/objects/ab/bbb81304c2874cb55aaacc463de1c05d673595	    1855	       9	application/zlib	8dec907beb1f69b44f0e346fec91198325a9df79
./.git/objects/ab/c01424726d10f667a848a9a22940bccf8cf3ec	     714	       6	application/zlib	ba40b080b292aa567e8aef708f45c4e8907c808c
./.git/objects/ab/f56b5882b5cae595c357552f3187f870c39257	     241	       0	application/zlib	174e6e6270665748866f8a95d1c537165f3ddf5d
./.git/objects/ac/9eb5303d3a38487acb68dc67b9047feefd1dbf	     576	       2	application/zlib	65c476291e8a73dc8881507ec6a390a750b28801
./.git/objects/ac/a24948f52324b2d2d08b03dc1bf70827363aa4	    2214	       8	application/zlib	ec3b2f63284fd6d54c0421bd84eb912de833a3be
./.git/objects/ac/a2592a881c37b97a2fdaaf30dd42ba0cc29007	    6094	      23	application/zlib	34ab4f8831bba3a9e6e1bbffce8eb0b8267d5753
./.git/objects/ad/016ccde1eab2651e81f048e0e569f1a9874f02	     159	       0	application/zlib	d8bd44fc3140d3392c755bf3e1b9254005f83d9e
./.git/objects/ad/17f87b7d064341f0d921c473f8a787be312b87	      58	       0	application/zlib	d2b6c6294f7db28b2151e10d3b61f472b820a25b
./.git/objects/ad/2dd7524582630d530fa2641078c460b9477ba5	    1134	       9	application/zlib	c664f4b3971d89e94414b10e62dc3584a78f7937
./.git/objects/ad/5002733d13cdfe1887b15b1aeeba3cde62ac78	    2989	      13	application/zlib	4cb16ee2c2382f45f1f450e9f590c8a0df2b9008
./.git/objects/ad/58a7cb614ba3b7a82350f126c94d32061d63c9	     635	       1	application/zlib	d1bc06e26f9d17950690582b3e702a2bb6917613
./.git/objects/ad/a329284e44cca27f17cb7d88e85232b0b1dbdf	    4123	      21	application/zlib	0b31531a2e34ed7c53cfc889f19782362f3d3f7a
./.git/objects/ad/bf96b020994258eabe5defded1b226688dd6f0	     241	       0	application/zlib	7bdd048d8e191ba6ad6dd6c9046725be33e73316
./.git/objects/ae/12d066819a0a9e1eedc7367dcee89854a5c6c4	     109	       0	application/zlib	ee3d5f48ac84103a10529f0acc5fed1dc97f3c28
./.git/objects/ae/15513a4caa580a2c8ea22156d928da46c8fe65	    7166	      23	application/zlib	f77125f88d9b2e6b8c9d0338f4c6cffed91fa55e
./.git/objects/ae/45c2386f6e3242fe0b16f2a851411b030a6bb3	   15274	      56	application/zlib	927bb4c7c31d2a351d38ef82528aaea7fa306ff4
./.git/objects/ae/4bde0c362a84bd0acb02d1786cb610efc44caf	     294	       1	application/zlib	e944479f9c1e956341b1c99059229cc76e3be5f2
./.git/objects/ae/d4ec403c5d5ec39629916fe476c8b3d9e9309c	     575	       4	application/zlib	63d7d5b51cb34dc22c9c2111800e4ac1b098712e
./.git/objects/ae/f76186645746eca5df30fba5f65a67664883d0	    1023	       6	application/zlib	9b8967384f34c32aded95c55aef65cfec56e74d3
./.git/objects/af/0f0792cb9bc5a692a7803687356c5ccffd2702	   31318	     118	application/zlib	cfbc1d49ec34c735a2bd3795252d0d7be48b8c90
./.git/objects/af/1a1f314eec662de5615efc3d0d3afc2999e90c	    5453	      17	application/zlib	28940127bb235458037e6ffd49ad28c29587fb5e
./.git/objects/af/2e87f9353767bf21997581fe218353f7ddff90	     161	       2	application/zlib	226196953c13710303c68a2fa59ae75cea3c0115
./.git/objects/af/6cd3242fd04a3b2c3bf753ea5f07ebd65fefe3	    6950	      42	application/zlib	590793cd240ec674f5c8bd6eba93d89fa0a2e2a6
./.git/objects/af/7eeac353dfa0c8e65bdfa5847be63dca75d38a	     233	       1	application/zlib	d2f6a5f308f99736ff348bce4926488caa5fdd12
./.git/objects/af/8d65481bcecd6ac55a602d20e91ec52c765848	     260	       1	application/zlib	9e517b51cbd1c8f2449fd79e497056da590bbf26
./.git/objects/af/d3bf9bb4fa46a2fbae61c083a0c6f47c7bb28f	     124	       0	application/zlib	b694d388ac8ed2d6474c9ebcdd8132f8fedd2ad9
./.git/objects/b0/012fba5b5eaed02a7c8dd3dcc003e9dbd4e36d	     123	       1	application/zlib	aa42b8bed1d16cab9ec56c76692222231879a242
./.git/objects/b0/0766020c3510169e53dc93ced892558a0f294d	    3884	      19	application/zlib	abcd77ad30e940f0c105b9c971b0a329e1ed60e2
./.git/objects/b0/154d46fc6f4647642bd80c16f957188bf5fbef	    1405	       4	application/zlib	aa3518bf69da6e72521263158dcb81a01a17bcaf
./.git/objects/b0/b5121b764900a154ec8491906a0e970d916fec	    1452	       8	application/zlib	52858d91d5eb14469d5a3b0672d84b28feb82ceb
./.git/objects/b0/c7884192ee821106d0d6a1227477e1961c1eec	     222	       0	application/zlib	4fb5defb409c97ef818836bc4d9b8a168548e3f9
./.git/objects/b0/f51fd5ec632f18e9e1121ca19245233eab2464	     365	       4	application/zlib	c113d419819b0be653a8ac561102af3aabf6e72a
./.git/objects/b1/007f9f78e158c89d4492995a6400faf498355a	    5091	      19	application/zlib	d76927d6fbaa273b113a1b18b977f8994b301f94
./.git/objects/b1/2277e1e774862903a82561d2f77194165821ac	     124	       0	application/zlib	afd8cb2d52f38abc30008615170730019e455bf1
./.git/objects/b1/6e4f8d643ce5cf3d140550c4a3885ab09932f2	     127	       0	application/zlib	18c8ae061164d8504b1c6b52012decfd71dfbe7a
./.git/objects/b2/1b2a67f832966f1550a1e9886fd6c6880ce68f	     260	       0	application/zlib	9bee0d45ddac5263d0e87f43c982401c398e5f09
./.git/objects/b2/658a8679215965da3c61b8f800175638bbae38	   12504	      53	application/zlib	9de439c00e3837ab5d1c188903d526e95d39ad26
./.git/objects/b2/665305d9acb4d2286f34e4cb8a2508fddfb957	     112	       0	application/zlib	3b83de4e73d3ecd772af956e61ef7757e6b2bccf
./.git/objects/b2/fee8bd0c7975bd953b328d4a0af63d8fb75ef0	     125	       0	application/zlib	f4b8e7d06794577aac693c0394d43cc087e1b344
./.git/objects/b3/2d9f4a8f7b3c52e8c593f07980f3c5e459c2c7	    3464	      11	application/zlib	be3464f4f37921245cc3f6af318fa29c4de4b2e8
./.git/objects/b3/3385b645e82952f5d4695af0464eeb3d251a31	    1242	       3	application/zlib	e4b2d9feaaa5e234c3ce142e83af8d88265a69cd
./.git/objects/b3/3997b5bb68d6a59d98f0c945b7ea274aef3cab	     123	       0	application/zlib	bc4b070aa5a4770f41b8b88530284adfeaca6cdd
./.git/objects/b3/42c0eeaa9c420071731c1c2495a45ebaa1ee11	      58	       0	application/zlib	395d62646adc44e366e5bde58df3716afa181978
./.git/objects/b3/62b3dc093c43f8ad77f7eb60395a9b12fb7ebd	     147	       0	application/zlib	e7328bd447671c4c0f10c5aae266cc87b3c3f92a
./.git/objects/b3/6c94c85b2ab5cccde2dcebdbdc933b5420cdfa	   16931	      62	application/zlib	d17561f3d6f2b3d4a57fce0adb334d96e728fa67
./.git/objects/b3/826820849e55707889bd5757ea3a14f1d2c3d9	      47	       0	application/zlib	90993772be989b9a89ab2f2502657e79dc2ab985
./.git/objects/b3/b0bb873e143c8f4a9aee4eb5ee8c90528d81ca	     294	       3	application/zlib	fc51998324e806e49cc4d0c30a0ca9f64b605b4e
./.git/objects/b3/b4af513709571d8d06f565a1039652486cc886	    1179	       3	application/zlib	449d7ef47c8dd1b8d2d4331f2cea84ac583a9945
./.git/objects/b4/3e818fd065770186ac2069329fdc995cd1185a	     833	       4	application/zlib	a0df8724c8f802ccef87aa16b84fed8044650f40
./.git/objects/b4/93236bde23556e2cf98d908efea170cbedc976	     989	       6	application/zlib	83b2fb379b17fd532033c3b3316721dfae0fb693
./.git/objects/b4/b8182e128013b3d125774ebcb21b3cb62f17db	    2657	      10	application/zlib	599d61eeded7a597c1bf7b571f181016056f22fe
./.git/objects/b4/be8710a473e4128ce1d2e714fd9ad49fe20c02	    1209	       5	application/zlib	960b30488f76f9726abfa7a3784d4f82f01015c7
./.git/objects/b5/26e9c2bfb5fc59b1faca036facd8009b50d718	     109	       0	application/zlib	068e49c5986c645329a061b4545a61380ca6c09d
./.git/objects/b5/302cdaa229f4520d4e8b80e05a0f35b055ed0c	    2416	       8	application/zlib	5b9a11477c55402c6a0cd5ac02b7a357102c5a44
./.git/objects/b5/37d8416ae06210fa3784006888ba77e9f43a6e	     124	       0	application/zlib	edc43de1c8e0f718f29ae84bebcd90214a534b64
./.git/objects/b5/6d62bbb91919fb4fee3b93bd9daa4ace1aa3ae	     730	       1	application/zlib	7735d5c24573ffa42e81ca9068f34feb4b4121f7
./.git/objects/b5/88118cc16500295cb6d72ce0e1d473d78e5cf3	     321	       2	application/zlib	3e919469b5a8fd2e2688b8dc735e752bf7fcd23b
./.git/objects/b5/cbbba4903c00842f7bb7a723ecbcd494184e46	   15256	      68	application/zlib	7e8f1837f9f2f85b667ff72d48587e78713c16f2
./.git/objects/b5/d4d290d93b6ff0017291141c53cf49f130d9e1	    1988	       9	application/zlib	1f759daf576026ee72278116d6459837450fe179
./.git/objects/b5/d5fb345417f338c51260078084876702a0cac5	     265	       0	application/zlib	9ffb0b29553e085576a10acd16c5c6a6caa79552
./.git/objects/b6/38fc0429543275d092adbb310bbb3269cdf262	     977	       2	application/zlib	b6aa06935af27552f42468181fec13850da8adfe
./.git/objects/b6/774e70913c45695743f59ece21e4cdd7b2ca23	     634	       1	application/zlib	a90ad4441651900822e13bdc9decacc4ceaeb6db
./.git/objects/b6/94a14902b0a51b69d047bbc46cfc08dfad2fee	    3100	      12	application/zlib	97ee1547e4a7b89537b1b50d51c31adc8317434a
./.git/objects/b6/950ce42e133b638e9d731d8fc4ea42b672b6e9	  114996	     433	application/zlib	c28eea54c85402a383a442c92629a69344e028cb
./.git/objects/b7/041ef4948cfe7adf553fa93bd25922259c93e9	    1415	       6	application/zlib	ab93341f5b074a8dc6b1a4f752e721d079a7a4f1
./.git/objects/b7/6855ade3169789802279cbcf9e2f1f12d8ef18	     293	       0	application/zlib	0ede7e92c43abf6fa79660c6ab78f10a87983654
./.git/objects/b7/960102a7cdd00ffe85cfefd4f52c54c5b3df27	    1612	       7	application/zlib	68f02cf1957f81461b98f59e0a2ace29396b7c57
./.git/objects/b7/be0714d52af6f5d644e64b68ad8916ffe161ad	     108	       0	application/zlib	ef553af079052c8ecebb1f67aefb18537cccc8a6
./.git/objects/b8/47f81d5e0cc5e07cbf4b19c79d99193740c876	     696	       5	application/zlib	45221f282f4ec275ba72d784e20145a287283f58
./.git/objects/b8/fc094f40adbe4dda85737b685b6ffe938d58d1	     198	       0	application/zlib	1b2beed038c8c8daa225e5446532e5b77e837ad3
./.git/objects/b9/0144c07d856cbb38989fe56b1e132689064317	     678	       4	application/zlib	b4cf6a2fb82528e741f54e5f533807d0e5a20bb7
./.git/objects/b9/05fc01c0c2682598490af385fded8d2ca4c704	     326	       2	application/zlib	d542a33919b166fe544e08b794eafecaaa54dea4
./.git/objects/b9/3bb3f7b4124652369d398df3f84f9e2a5b3d54	    1633	       6	application/zlib	01f8eece22857f342712cc2c0d308b687e5fd283
./.git/objects/b9/503682a4941749b3c104c08cce090ed96fd5cf	    2573	       9	application/zlib	e7699663e1da945a783a45165be28869cd6b658b
./.git/objects/b9/7c9cbaa83cda459beab9b09274ad7fac6938a0	     166	       0	application/zlib	dbcb2aa655b9582ca8da4318d5b81949ee838915
./.git/objects/b9/fe5ba4e35a11d9241580b2bd18ef54feac5250	    1366	       9	application/zlib	e73a3d541b68d1013e5f08f3286edd5229e9dd06
./.git/objects/ba/0ea10c9529b526e85021461355f5484593d7b4	    3445	      24	application/zlib	1acba0093157bdcc9a1b4cb4e3f54b2ceb191746
./.git/objects/ba/31799d12bece07d4294f1e6eb38bf970dc572f	     222	       1	application/zlib	b61a9dd81d07c30b2d4098c23ec7e67f320a148e
./.git/objects/ba/35fd3997d6aa1b04e1e4f55cd89909dc4b0217	    1040	       2	application/zlib	2594c16617c2efe1bf7d9620f18b3a26f5018d0f
./.git/objects/ba/4ff60312b664713dff998c02ec2b7462989f1a	     617	       2	application/zlib	a6fa95cfef19544c50fe1d9fb6db18f663826128
./.git/objects/ba/70bed03e196a3f16fd28c253cd9d79863e447e	     294	       1	application/zlib	b2992d65e07934a41fd60dc0643a7299eca7d4a3
./.git/objects/ba/73397799988808a8164dc4f5d36f98b38e225b	     986	       9	application/zlib	0ff95e79a908cf2971108cd9f7d761e3e2c2f5b9
./.git/objects/ba/dd36297185b85f6c4a3ea9509656fe0196871d	     292	       0	application/zlib	7669110d446a622b8b33d00fe5e208192c1abb27
./.git/objects/ba/f04896c628ca863593f0e0e17736de158d0472	    6151	      28	application/zlib	17fd6f2447cac0af4d24b0f87bf02fe92b9f8856
./.git/objects/bb/0793336399242adeab61f960405c6c1e816e45	    1916	       7	application/zlib	0427db25b9e46e608b27e894b3fc93f65e62dfe7
./.git/objects/bb/5820558f239edddf136ff735bb1cfe54a36901	     261	       0	application/zlib	f5c74dd33eaa02c1e99f67286beb56844977bf7e
./.git/objects/bb/a0c25a96b6bdb9718f3f649d8a9c58b4fe5bd8	     185	       0	application/zlib	a7fad3a1abdcc389051e8454b0792ac91e1c8bcd
./.git/objects/bb/bf9403bb617ce92bd474195c11450a638807d0	     988	       6	application/zlib	f0cb49fac3111aac1d0929900afea4f4e053ebbd
./.git/objects/bb/ebb5eb94b6899045e7647445f7999e0155bbe2	      91	       0	application/zlib	4361a3ba4d523e5bf5d6d7b1008d5272df53fc12
./.git/objects/bb/f5f79a0c00accf75ffb68e0578cf9763c4c65b	    1011	       1	application/zlib	5eaa874fb8d478a33d92ba5611e42c7e61ff50de
./.git/objects/bc/1be27e94201338426af30120373a7f1d56ba41	     836	       6	application/zlib	478a69c2cbeb70dcc0641aaa39b71f8bb6cea17b
./.git/objects/bc/348cc5bb1149f5c1c36383aaed7798b03588bf	    1179	       8	application/zlib	65bc3c3a33dc32d76818475e02e63c29189f2228
./.git/objects/bc/afa80d6318fbe82e3768681e0c109a17accf83	     453	       0	application/zlib	c709430e23b29bb0afde519399534f44ebe06607
./.git/objects/bc/e19b4a956f9f7d90d3bc05e9f85a6d2d00077d	     315	       1	application/zlib	01c16118857702bb72fe0f39e15e23108b49cf2c
./.git/objects/bd/178b524bb569294811f1982e70e6d4516e2fbb	     887	       4	application/zlib	3cbf000618f49e2edd9adc2da62c630baf4f8b8a
./.git/objects/bd/31307164f348d3b4dd60e3053bcd626fa1f088	     545	       3	application/zlib	f33aa01b1461038645677be51cce881f24d36acf
./.git/objects/bd/3c214e5984e9757e7f2f97e31b885a886adfa7	     197	       0	application/zlib	6f69c6e6e0fac4e44e406c85d538724b54738112
./.git/objects/bd/5208d9d8dc8a117fdda406b5c9da453f320574	     624	       1	application/zlib	3eb5f621e3f5251d4e9786e96cea9107c93690f1
./.git/objects/bd/5fffc98e72fdabccf7867cb2b43fcc2d784a6d	     356	       1	application/zlib	0b24b80afe5ee97b3b69036367972921c17b664b
./.git/objects/bd/645e2ce66c19303d2a8dd6b7389b7ef811cebc	      88	       0	application/zlib	ac23c1d7cf728a7e333d512601b732a712783178
./.git/objects/bd/8743b8113d822b64fde5e6a2d368208bccd013	     109	       1	application/zlib	c431a4516163245b3bc9470d12f3936568efdc03
./.git/objects/bd/b0de204b17c57d8c4416e6e689fbb6bd962885	    5427	      21	application/zlib	66e01118e2e0d414f8e16b2c4d744bc0e3810377
./.git/objects/bd/b14b5b937ad8adb6ca94148d3e8c0d42b6fc2e	      92	       1	application/zlib	3e6d90661844e186b0fb8e6dda78712d8734b44b
./.git/objects/bd/e5cd1e18f055a9c9a58c72128ec8c826434bee	    4431	      20	application/zlib	b88838e37ad3ffad7a1d962b17b70439515d5eea
./.git/objects/be/0f87683f23214b78b5645d93da42730300f9da	     296	       1	application/zlib	127d2b5f384eff8e470978f8399947b02c44411f
./.git/objects/be/1986aa3ae5e8f0c0c8dc47e47a8c9456ccf899	    1344	       9	application/zlib	f209b5ce47d6176e88af1fed4bcdb01c87da9b92
./.git/objects/be/2861447fe0a4afb3bcabbe385321cb1d822726	     124	       0	application/zlib	d713095315e0a7bd890a3c97fdf25b8cf74601f3
./.git/objects/be/3ba77bb86ca727eaddb3393e28633edd935a43	     125	       0	application/zlib	ca3f89ae2f7efc7b6c9804f50fd9a80d4b37a227
./.git/objects/be/47904af29a4336313623bb731263bc590e3067	      90	       0	application/zlib	85a466e93ca67ab4e9754c2c9fa7e88772dd653c
./.git/objects/be/64bb7b198a1fe6a8bae8baca283baee59c847b	   18568	      79	application/zlib	dcf7b81af2918510a5f81bfdac293448f25a57a5
./.git/objects/be/6809a0edf84221770067127bfcefa32d7f0bec	    3703	      14	application/zlib	b5e17047a6e3950e47afb63d33253c35c1e42aee
./.git/objects/be/78ca889a945d953c2c7cf2a9419cff263db55b	     898	       6	application/zlib	6cc011b478ccc449078597bc71ddc7500a30bd9c
./.git/objects/bf/26ed2b5200f1e51848c684f28d7475002980aa	    3418	      11	application/zlib	44a97444d6b0c1164d171f0af6be7b16d153cc92
./.git/objects/bf/71868d6bf545fc11f5b07f019137f28c6649b3	    4802	      11	application/zlib	96b69c10f52675a46c1bd63d146af55a11de3eb0
./.git/objects/bf/c49b61947c861b4478d19f7fbb85610d09edeb	      96	       0	application/zlib	37e7d3d77835791216fd4a7eb051fb3ba3709106
./.git/objects/c0/21240042063ac183688f38c52ecd6e8df7f7f2	    1292	       6	application/zlib	4f966ca6988b13eb409286fe27fc29c0ed6a159c
./.git/objects/c0/36b0fd85c3ad690018b5e400c18c8dbc1b8ea6	     164	       1	application/zlib	d520c8d6f9e61fbca1cdaae488cb9be5ec48216e
./.git/objects/c0/745058c3ef186070c38aace78b7a7af0fee215	     638	       3	application/zlib	2b5599005a0f88964119efeb750a14374078bcfd
./.git/objects/c0/ff09d0e4d54002bf3cf137fbbfb33a82f280cd	     101	       0	application/zlib	32272cda69c7f51d72e8bad5b964d1f33838a755
./.git/objects/c1/15eb409b6e7fa8a812e30fa5f9a73984adbfa1	     259	       2	application/zlib	acb0e4614076b6b4e6c8248a5648c3374a4b0fbf
./.git/objects/c1/3b426e753bd9d526315d69ec236a4cd87cf65c	     229	       2	application/zlib	330ec40128f0430432635963a28bde12005a5b67
./.git/objects/c1/4300d675f5603a6c33eff7a7a9b3cde07b1ac4	     419	       1	application/zlib	e469ce2f501762ad11177c62640f6c91b02e4cbb
./.git/objects/c1/5865fe8d6d1f1a1866985b6876cfd4738dfe47	     839	       4	application/zlib	c290fbfe8730d65f7240e07176c85b8172deaac9
./.git/objects/c1/6969668d6396bb8aafcd4de6a16d06c6408574	    1291	       4	application/zlib	62454f2dc22e0f5a5517bfc155d2f96b66cb07a1
./.git/objects/c1/6e8d6c39d259a2312f2f01fb447a3a0d501435	     194	       0	application/zlib	335e8fce12b27f3c1d3be4431da5dd2387ab8dcf
./.git/objects/c1/bd0b473e5bb97f623ec10cef9cc7aa0e7017e9	     636	       1	application/zlib	a80975813c123315e3361ef51cff0ad0666ab6a6
./.git/objects/c1/f59829abce5badd7d29f34a6a74042d0deaa27	    2078	      15	application/zlib	150597dc337eea7958ce8bf8c4748e3117371f0b
./.git/objects/c2/970ff1bc49cf11cf36ebc99f0fc0b06c2ed32a	     348	       1	application/zlib	a173df9b22c3a3269ef4752498e5fa8c4b2f90dd
./.git/objects/c2/cafb398a1844c8274f66894f2480991c4f6dd6	    3709	      12	application/zlib	4da5cbda906830effcb08bc999cb287f15451fd5
./.git/objects/c2/e4dc14fef0515d21f65e1ff12d3572f64bc82a	    3797	      14	application/zlib	dc516ed2506de9662858f50e9a6a4db536fd25f2
./.git/objects/c3/378c6ed7693b4cc4ee903a9a90f8e685cb1df3	    2328	       8	application/zlib	9e28fa0728e0ce090f6ea78c8b94788c141af354
./.git/objects/c3/9edacfddddef093aae1e31bc01f8b47b3a0bac	    1700	       8	application/zlib	264ae08d74937e84f905a72cc056d21709aa0fea
./.git/objects/c4/0757f9ac16ec696334ace25eac48dfa6772611	    1458	       6	application/zlib	65c3a2e21e9d468e14842135f2bdc99880f89ceb
./.git/objects/c4/33e8a3b803ba92e3010b9de89d459b300151ac	     695	       1	application/zlib	8b60eba079f3cacbab4962dbece77aedfa295263
./.git/objects/c4/58d7363eab8de1ec49aa70fd7e5682ea8ca9b7	   46299	     197	application/zlib	cfd9461c6d512e2d0b4cf8f0dd4d6d9e5457cb94
./.git/objects/c4/6671b831e9e4b08ecee64726d532e53b36c349	    1309	       5	application/zlib	31124eafce39f38942a4d7d47fcc2ffdb6b00520
./.git/objects/c4/7b28f6ad3d4e711c2224229a2944369ec809c1	    1463	       5	application/zlib	bc168336c29ac06d4eeae1af5b3695cab8670425
./.git/objects/c4/7da46f4028d7eba1779ab8361e5df431eab384	     261	       1	application/zlib	e28f6eff2804455c7f9d9c445d933172e0b4d6d3
./.git/objects/c4/9d0d0b673505c3b9f4e48c622ab687ea49642e	    7644	      25	application/zlib	7149f9508dcdbc1dcce42573cf627cd2cd4d25eb
./.git/objects/c4/eeebf47d969bdbcd568bd8dd8c5a9e5afef2b6	     199	       0	application/zlib	133b9ea614f6efb3fefe61bc0949ad931e445915
./.git/objects/c4/f78fb386ad9d3040afd6892f01dad3072bbe69	     124	       1	application/zlib	09f2473e6d472d88ab4c4eaa466a973127b29091
./.git/objects/c5/2455843f918a2269e669288b8c1448afa6ab0f	     383	       1	application/zlib	87b0aa0f9311aef8b71dd7f369b507d95011175e
./.git/objects/c5/4663b211e605a35023021756d3ed70e514d498	     989	       4	application/zlib	d27f8be162b9456e50281e0ab17b5b40e5f8b370
./.git/objects/c5/8c087c7304aa31dd0c2c4b464345f504e4bf18	     202	       1	application/zlib	da23a4f5644f99cd9641131e9a53d1e23e582859
./.git/objects/c5/94ed9fe3d1e75c586a88b78247d31850bf42f7	      84	       0	application/zlib	2e1e3c4d342cdd3460e221f9518e88ecbd4bba91
./.git/objects/c5/a39c8fcd2ccee52930eb6428fd569c4401dc54	      62	       0	application/zlib	b8359c16f46b0fce350027c72ce9f5b142565be1
./.git/objects/c6/11f3ad7023de1c5acbe8d250bd3e2a9b4cfa22	     138	       0	application/zlib	0125dbebef9bb8dd0eec42453d38fc1f6d0620f8
./.git/objects/c6/1f5f7e62a139afbb98e971b3cfff1a0f982152	     164	       0	application/zlib	8b1f4e881ba59a4abae525cb3820c2ce49b9ed74
./.git/objects/c6/22d3ff34c64a5ff7f35c0b5fbea9742dae0bca	     772	       3	application/zlib	bbbc6b85d88f548895fc4aac8d59d6b151e3e49e
./.git/objects/c6/2a111f357f65e96be0d98600c0017db631a78b	     521	       3	application/zlib	715a577c169699ef61244e3376c6b95629c7a0f2
./.git/objects/c6/3b3b4c4f44f30a6c7c10e938f0a72b7e7a7130	     351	       3	application/zlib	c35d39920445f39dd68d1713eaf75c0c551101c6
./.git/objects/c6/771c5314acffa16387ba86a72356a89a821f63	      55	       0	application/zlib	a9a80428a49892b690afe3e399e37e6af44660ce
./.git/objects/c6/7b292d8a02ec7ad16ba3d7451cc0e0bc33ce32	    3513	      22	application/zlib	42af7c8cfff9878dcd1323e7afb9453d48db8fca
./.git/objects/c6/ae3a3c3d824ed3775d1e46de26380d037f45dd	     602	       2	application/zlib	32275fb0732ccdcb3d8d4ce8f5e2feccd684552a
./.git/objects/c6/b74df08cbbed1f758116148a41805ce7ff8d52	     450	       4	application/zlib	d546302c2765bd674b012d6fc012c58bcd93c056
./.git/objects/c6/f23485d5bb94f62ffe7ea792ec9cbe295e3674	    1763	       6	application/zlib	45b21e6369b924d5277c59b0319a3a19eb4904a0
./.git/objects/c6/f53197dd607f52fcbe0b7d899c5390d4ef7713	    1291	       4	application/zlib	6b6cc7ff6460cb77d3d080e59419186718e07118
./.git/objects/c7/09fee0ae4a8e3831faeb8da1d615052248c6c8	     862	       6	application/zlib	51732651c0ee5d3c6a877dfa765a55cae7676071
./.git/objects/c7/141582d49b8beee249895db8628eaa7188869a	     860	       4	application/zlib	8aa053574b1df88505c5b7883389037f6ee7329a
./.git/objects/c7/1b930aa40bdb2a2b5e7e523733b1d3bfb3ba52	    3124	      15	application/zlib	3c91cdf2b346877c918f864ffa37519c381d73da
./.git/objects/c7/1f2cc6d3e84c30fd2f341fb571d8690e3e62fd	    1033	      10	application/zlib	1680a74c24b3cdb6728331a38e4056691d623df6
./.git/objects/c7/423c43cc3f99979b0f6e92bffd898a8cc33133	      58	       0	application/zlib	269bd451d8c547327cff25089062dedb29903ba7
./.git/objects/c7/49c295449829cc7ea1721df7f5e4d202d13b0b	     859	       2	application/zlib	27a4ac360095fb0a74f2c1db2b506b769edf12bf
./.git/objects/c7/4c307eef0cc4f13b35dad859ac05b97a7b6119	    2081	       8	application/zlib	2616c8d60aa3c597584527e5b1321cfb797d6b09
./.git/objects/c7/73d48fbffa870701f194129e8fa974ff6c8f2d	    2453	      11	application/zlib	cc0e590a701efa5964226e9b64a897cabd9e8712
./.git/objects/c7/80bc5e353803421438cd6689d8c917c239d90b	     135	       1	application/zlib	7e5c424de2faaecab545f29d8a530aca5525d204
./.git/objects/c7/ae828f7dfb46fb997111d034defd49f2187ffc	     676	       4	application/zlib	57b27a74a3552ff8ff68283cd8e609e9d1dd12bf
./.git/objects/c7/bdecba12d61e090f78d0d3a7b4fd11492b2ce5	     124	       0	application/zlib	ad7d849d7b53ace761d62b8fbca0aca33259417c
./.git/objects/c7/ee41418a5e208fef0553ee06d587d1f9592180	     217	       0	application/zlib	9c997e96b7a2d7e1e2cee2cc8472ba2b47dfd4ae
./.git/objects/c8/1ec9217c987aceb3e7e2453a86e4956cce96d0	    3407	      12	application/zlib	e1f1a4e6e4402fe924657e54f2d977cfacea0379
./.git/objects/c8/49fec4ad39995df3543ba5de8e2bd5ae1ce539	     859	       1	application/zlib	bef3e41d31b87a7107bf7da88dbea145aad0cdcc
./.git/objects/c8/a4ea4cad7aeed757e481fa5539da0580df4ad6	     428	       1	application/zlib	bc61d7ca95b378f7e618dbf851b0ac36f57e169e
./.git/objects/c8/a8ec99459847963ac8ba561b3ab398f29f4aaa	     138	       0	application/zlib	e13bffb3871125efc19f811b716bb0086bf8400e
./.git/objects/c8/e02d063337ff159248a2b68e790ee9bdac7b0d	     662	       4	application/zlib	0075304c180ba8257c7e8f5a1c03b7d82f777812
./.git/objects/c8/f73d01208a43e5d47405b033848ce8c62c67b1	     323	       2	application/zlib	f7d1fefd800c6e1605dba435fad1b70a7c0ccf95
./.git/objects/c9/2756a2e2bf1613dc272e55b042df6422b544a5	     332	       0	application/zlib	d9fe3c34b226f6e61ced95796813b58de27a3732
./.git/objects/c9/668439ca70619e619f60fde9585f25d343a474	     218	       0	application/zlib	8491afacb5263ad6d869538879c67c7fc12164df
./.git/objects/c9/8821d9e7f5bc6424bc0406d61c4743e135b08a	    1408	       2	application/zlib	55249761ed5945633c2272e94f9b5ff6f5d01c08
./.git/objects/c9/afb697ab4b91d69d0aa83def2c1ea1b66b7a21	     293	       1	application/zlib	b25100598ce4ec050a28b1d14566ae0cda119c8c
./.git/objects/c9/bfba6221742c20ce6292b6092eb90d4ca4c327	     559	       4	application/zlib	aa7b8f2f66dde2e5fef52f04ca823ed2aa1e494b
./.git/objects/c9/ef8467563334d78f6a7a8f245513c6a64f29e1	      62	       0	application/zlib	8bc40e247579808be9f90f142217444643a35307
./.git/objects/ca/2986a133647c8f55990177336cbee87c74ff43	      60	       1	application/zlib	dc6e81ddf47ecc2e038f8c94cf52379268e85423
./.git/objects/ca/b6e118615c0c3a04aea349cfb597826088e79e	     208	       0	application/zlib	a9a451b6cba8825b5ddf1140050569c3ad994f2e
./.git/objects/ca/f09578c18b2aa23be38242bc908117744bb57f	     984	       1	application/zlib	a764afffe57269f5bfd22a29ad99d01100d041f2
./.git/objects/ca/fed3883b71a7993d42178c215669f8cd57dcaa	    5253	      19	application/zlib	ea9e77b9ba8c5fd50b76547a48b490e952bd3a51
./.git/objects/cb/06427d3f714f07c2ccb1ba485eee3fb0f3834c	     832	       7	application/zlib	4300ee3eac413074be6ae46a5b452b09738ece42
./.git/objects/cb/287ea0db1ab7954a034bccbee5b119cfb7551d	    2451	      10	application/zlib	db80354541798065f31dd54f2e6ff9da5a92431a
./.git/objects/cb/29e92854bc7e11babdc830c3d92c48b204fbfc	     260	       1	application/zlib	e45076a86e5f882e967fa607753cba67cad94333
./.git/objects/cb/3a798b3a548ea2b926f2592681a36cbfb26c51	   50207	     182	application/zlib	a9a8fe9511a91a830329459053dce0d0ce387386
./.git/objects/cb/8e452c97cfb35975dfecfbac8422a0209e3b65	    1478	      15	application/zlib	4115cb7b9a00757a6054c8e143515e46778d1280
./.git/objects/cb/dcf0da69e57b7e4762854bd4c9629d7a092b2b	     721	       0	application/zlib	ecc9fba85f3f20ca9ffb542e309a12d9996a88c9
./.git/objects/cb/e5bb79b0152b58f08962d743aeb31ccbd0a76d	    1007	       3	application/zlib	c0d766dc4b4b0b226fab93a6f6fcc6213e01555a
./.git/objects/cc/09fde6c072ba2167d3a5c7e6ce7c4203e6de47	     166	       0	application/zlib	f28b95618aa27ae694a378a21db1383e1b4180df
./.git/objects/cc/964ab1b08d80ef5317212be25004a71de4a25c	     760	       2	application/zlib	4c8f1cc854323326b86ae1d04a67d467126332c4
./.git/objects/cc/b4d19d26e21af71f2d14f9f055866bcdeee782	    1651	       7	application/zlib	72d709acc0cfa333cea34c60562635d7578eddb5
./.git/objects/cc/b9177d6db014b5d341ae1da61facee19ef657e	   20570	      74	application/zlib	f2da6f6879c69b5395cbe36bf87146252748a6cd
./.git/objects/cc/c55d9ead3bb95269e18c8d9b4670a65de0d371	     746	       4	application/zlib	4a7c7801a164e1070f7dfd47943a05ebbd410c50
./.git/objects/cc/dda18c7010bbf74bb962683de8bbbfea27f315	      55	       0	application/zlib	92036d74fcac13db2c0763c12f2c85ee304657b6
./.git/objects/cd/12d87bfd2f152b352d5f1399631f2a1cfb61d9	     787	       2	application/zlib	ed4b0abed894c86f98d742ba7bed875a7a87439d
./.git/objects/cd/2179b42872e848b024f14e527ec0b7beb5e980	    2257	       9	application/zlib	ec21660417c406d58771104391c9603dc44f9768
./.git/objects/cd/54c5e796cbc0f3632170c6e3afb829ed65a54b	     469	       0	application/zlib	a29c8880eebf47947c3df1f97691719268dbc5f2
./.git/objects/cd/5b98ca856b9273b98f545789595cd2f086067e	     241	       1	application/zlib	883b3cac50a7e8e33fb93a3ef91bf27cd08a8624
./.git/objects/cd/d7a54d62f0579f632227380f844ab5eef3ac50	     400	       0	application/zlib	535fbae99c3ca2fb10630e21f56b83e114a02863
./.git/objects/cd/e7954339ad821f6f30e32c33d103ffdc308b9e	    1042	       3	application/zlib	85177ed390b6e54c69f9407b19847bcb6ae0811f
./.git/objects/cd/e877171b037393cf90d21707e0f91fe4bb05cf	    5025	      24	application/zlib	e5a7b98762b8e747160350c7ebce6217e7df5494
./.git/objects/ce/056b0e973743b23a6e198e4d43a7774782a204	    1008	       6	application/zlib	38488f76cc164049f2188c51740ff044698f92c4
./.git/objects/ce/0a9955734fa96c85a58506827ed3a7ab984258	     840	       6	application/zlib	f808838619af77b817e961dd3a440a30ef0bab50
./.git/objects/ce/30e870ce5d86512bde78605031d3d9ce8c25e7	     125	       0	application/zlib	a0ea9c846c02a537c44e4db81fc017c2680bc0bf
./.git/objects/ce/46724ac145dacbd45ca5e723bb393904b03e7e	      58	       0	application/zlib	aaa62789993a682f4a3e10becb833c8847e81445
./.git/objects/ce/80fc83d3b7b15f27be0b99ee38a60dd0d3b67d	      93	       0	application/zlib	5ad8d8103b0bd7238728e1f323236d723d7356f7
./.git/objects/ce/85c9a6f42f62369846a99b09d362489947b118	    2715	      21	application/zlib	33d11c142eca0ac14d5dd4f1f6062af046424711
./.git/objects/ce/b838c06cf9d4fe8cbab248b6b554d4d3fd6582	     832	       0	application/zlib	4aeeda5dbc330186268d364e99d63a8a74a07f2a
./.git/objects/ce/e033a9bbe89b478827902b7451d7a5d69342de	      98	       0	application/zlib	c1b642c349576cdf2211f82c1104a08275377d3e
./.git/objects/ce/ed406096790abc6b0e2c43166f08c69b7787a0	      83	       0	application/zlib	2b4d699df4f3a92ed39acafed664e93c53d5fd11
./.git/objects/cf/08e39a21d297dca43b2788302c4241d514fa21	     469	       2	application/zlib	ea27bc7d372e79e3af47e8d867369f163569ab2c
./.git/objects/cf/3f4058cdacc9fcf06c01721daac6f85aedd6ea	    1016	       6	application/zlib	e72e43b7f535d7052ff844b36beff0c74c9d188f
./.git/objects/cf/467cdddfa056c34c81a81b43074f62744bcfb4	     251	       2	application/zlib	6046e3ffdec8d14515c684c94f272e1f5bb261d9
./.git/objects/cf/5a3683891be039abba85443dddc05ed98e299f	    1036	       2	application/zlib	d7b81a3ce42b7bab84f1efb844973953c0375f4b
./.git/objects/cf/802d291297d280360860d91612538b66971826	    2169	       7	application/zlib	7230940ddd22123abb68f3f8f9a8d742ec290c68
./.git/objects/cf/9ce62b7dbd18193edd0b606b077ae364c4011a	    5811	      17	application/zlib	5c53c7c79aee405a030973c8bb8752b49a1f45c0
./.git/objects/cf/be6c55364b54f0f1ffda96f08da630f5ad0726	    3573	      10	application/zlib	fc1cfa379dcb1391e50cbb7291834a10169a4307
./.git/objects/cf/d1f6cf2350edf9a542233c70d9f05e9bcc7c3c	   11146	      37	application/zlib	dd1503b7e7445148baa5544174c1144dcdd7afcf
./.git/objects/cf/db1099b1e6a286891ee7b7a3b2e862e866208b	     601	       5	application/zlib	5c4c1ffdd12e53828058218fe4fe3d70150f8440
./.git/objects/cf/ead4c8009b4378abfbe68217cc46e9908e2c6d	     125	       0	application/zlib	cbe5da4a5f6543f0e038e46b907d57f8377c0839
./.git/objects/cf/f0211d96699ecaa3437dfa51f61bf643407e9c	      59	       0	application/zlib	633cfc95349018ccce4bc977096533b39099abd5
./.git/objects/d0/04d3c3299d3aacc1fe502d4aa78891daaba981	     162	       1	application/zlib	6ab0b175c22c544686ea6283a3e41df26fa6e233
./.git/objects/d0/59174a47bbdefe4b9976172fa3909df95584e5	    5213	      20	application/zlib	e42d96b56c2c0913dd9332f239b101baa10c61d7
./.git/objects/d0/9ff3892e15670a3c32614a4a77978c83742fbd	     294	       2	application/zlib	05944a72eb7fd0c7a220441f4120fe7d5266217e
./.git/objects/d0/eeb84f971a94129e13dec5897f4be8ebcd578d	     112	       0	application/zlib	f82ffcd10d6ee76b9d3d520a12b492b4cc17425c
./.git/objects/d1/0b568b7639eb82e26dd7c6f94494e71f0ab91a	    5530	      17	application/zlib	2d6f5a7d82284b67f7507944cef92f28fecbc6d1
./.git/objects/d1/2f9ce9659cdf6c6ef9c3f449aec07a4b29eed3	     164	       0	application/zlib	49d1ca32194600c3d04519c97fdfd0cfe56c2fee
./.git/objects/d1/37a8c7bd118f56cc5bced82500039503391571	    1230	       5	application/zlib	6676897b13c30d3d812731122168b04c9696a31b
./.git/objects/d1/3a498a70ba0865ee82f2e154d68e56bbaa6804	     126	       1	application/zlib	d6ea1387b6ca33257bf5d874f7f49c1bf5dc7237
./.git/objects/d1/3e312a2cdebd15b88e84a7387e033155e90cda	    1097	       5	application/zlib	1e6b57f94c80eef8f317326d572ea2e8677d4a56
./.git/objects/d1/64de15ba9bdb560364857fd5278d4ee8b88262	      88	       0	application/zlib	3512e0e2c24eb7e8efcaf21cbbb0d365ff84ae63
./.git/objects/d1/85fe96ccbe9051301ce786ab7d6ce53ac4871c	     111	       0	application/zlib	3f2ad24e3dc5166c76da8059131b69e073a75a40
./.git/objects/d1/d9c27b7ce777de1932e6c15c4f2a1baf74c327	     192	       0	application/zlib	e969eb41bd2257438330ceb7bbb0cf9945556f0f
./.git/objects/d2/19812b361ca5ac1f7e18b00844ee362ba1b7da	   30699	     127	application/zlib	882317f7a6141d46f48b38cb152d4cc66c54eb98
./.git/objects/d2/5691ea85878a1281b27b1527f9feba9849b287	      92	       0	application/zlib	6bbfb7adffe767896facaf8968eb20c9008a2d30
./.git/objects/d2/6d47eb0dbf1e23aaafea542f592c5d831cd8b2	    1177	       9	application/zlib	5968ea49a226315832719be811ad066d140e016f
./.git/objects/d2/6eadbd3da58b9fafcf64cb3fb8d51c9a15f080	     242	       3	application/zlib	a6a474cd9df88af3c412af046dd43a557c28fe58
./.git/objects/d2/d396bea15fa6e6847242b0da616bd23affa5f8	    1047	       7	application/zlib	9509956181baa34ccbe1b19bffdd50ed9ee1f1a9
./.git/objects/d3/4656e33e6e08db73da2cc6fd53e007f3b22bbc	    3600	      12	application/zlib	de41832bffe8ad2436a8bd8f422f0f64103e9375
./.git/objects/d3/66fe87e1bf6590eeb4d058d8da05ebbf07b247	    1644	       9	application/zlib	fc94d4a4201b48ee1112a8e37ab48492098f3ec7
./.git/objects/d3/6be8bab74bda375fef3c15cde73c846ecb3730	     843	       5	application/zlib	695a9faf333246406e941caede86748ad9a5dacc
./.git/objects/d3/a61cfd93a992f34f7108013e177a1f015b484e	     271	       0	application/zlib	cbd0d8f77dd74ffd1f69ad92fe7715633a060120
./.git/objects/d3/b4ff785b4e3eb8039bef5eca2cd8335d01b4c3	     104	       0	application/zlib	6a4aeff1b1b07658b88a53328250ec5575f82a6e
./.git/objects/d4/306e7b43f5b180df0d68899a93e9b5dbf13bd0	     485	       1	application/zlib	b41ac1d8d2228d06b4df53332b46b21f3f477adf
./.git/objects/d4/31cb7f841d1f87c76722924ca00ac110e95a8f	     465	       3	application/zlib	ef3e75a38e9581f34384dfb03e98f2574b6ee5ed
./.git/objects/d4/5d455427a845c1f43bb107e105f103527c8118	    2171	       8	application/zlib	a4b9ae6e562af8c965b1b235d62cf66cd9c862b7
./.git/objects/d4/b643e504e28aa0d26945e65852b9a0244756f6	   58116	     234	application/zlib	03447c9988f162706f0f24d5f216ce19ecb51e60
./.git/objects/d4/ef0226d79712c8b6f4ec5502d4389f07b7f6d2	      91	       0	application/zlib	550b6bee365e0a1bb1c9227f7bc21e2f7be7b12d
./.git/objects/d4/ff006f4572f55c40b3156bcde72555dc2b8787	    1160	       3	application/zlib	5414eeded3eb4b594b7da20601abd3ab19f9eb8e
./.git/objects/d5/655a62be57671b235e2fe98f50df6fc821d9d6	      84	       0	application/zlib	e8e7a589141ba66cbb3106deb880f649c91b9289
./.git/objects/d5/a40e94d339a3c8ee5569329be689403ad2c0fb	    1196	       6	application/zlib	a7a1fb02aa8a4095177ba10d6ec22bc1e7b0a1c0
./.git/objects/d5/baba3cb34fadb7250477c10e29f93dfef14643	     293	       1	application/zlib	d9ae687b4665334d5bc72d37fbcd5718d16fa1de
./.git/objects/d5/c043e94da7bce73bf6a495596e35ab5a6d396f	    1618	       6	application/zlib	a48e23e68d382e61e1d50556ea6b791cb81a40d9
./.git/objects/d5/e6523ba8d13910d9f58ab527cc933995a08a3b	     187	       2	application/zlib	ce2813d4b435883a7286b33c8bd329f43a9612bf
./.git/objects/d6/777cf038c80d4502d7aa42af4953098a13db3e	     844	       1	application/zlib	55653adcaed5b39d0e3fe6eb343cde708fff5728
./.git/objects/d6/8133c79467180370d72e4523838a140effacb9	     239	       1	application/zlib	fb0d960863957bf8d81e05d676124e2cfe774a91
./.git/objects/d6/85047fef7123de4e587b5679466de7557ec806	     158	       1	application/zlib	31c0ae8c6d4d550a89910f382d354d7643be6620
./.git/objects/d7/31fadc901c7bb0e4b359930da301f2efa785b0	     536	       1	application/zlib	2d2bdfd9c26347fd84901c718f9871d073275075
./.git/objects/d7/5d9adbff41748946a0025eabaedd6fbb921e3c	     179	       0	application/zlib	c766c24d424611df30b3f317a03f0d97db89bd3e
./.git/objects/d7/768bdca1047082e92825090d9c64d4f56e2980	     294	       1	application/zlib	b377bdaf3b847a840c58e307cbc7128b006f72ab
./.git/objects/d7/7d8f62073d2c75c74c2a22dda4b5f590021e2c	     261	       0	application/zlib	5b008cad278bbbaf045c5211433c993f802052a0
./.git/objects/d7/a7426de18a2c58ea3a00b9bbe9e6dbc9c9d1f3	    1839	      11	application/zlib	3ecee9b9e8c912fe862d6c7356ef064f1bf7d861
./.git/objects/d7/b5a518e12595e77fbcf664108ea64b29f0fa8e	     127	       0	application/zlib	75bd19ea681593b59224593cb200b4ade5f212c8
./.git/objects/d7/c9d090147b1cf4ac811490a70c42cc4965f430	     124	       0	application/zlib	ae1b84b2d5c8a7bcc002025d1eb5185c620479f1
./.git/objects/d7/f3b55a6d14a7e887240052567469954930f0ee	   12846	      55	application/zlib	6dc1674746830f60be1ab6da8a9de356eb2b5729
./.git/objects/d8/2cc25fd2c63fbd5dd3f14d81e50423d582d424	     255	       2	application/zlib	758b02a19521ca37177c3ddbef60f01f401a7367
./.git/objects/d8/36c1a48c6097baf45db4d47a6e1724903897b4	     291	       1	application/zlib	1863ec9193352994066ed626a5791f7adc2022d8
./.git/objects/d8/670e4906dfd50353fb51918c711f6f04139c87	     598	       3	application/zlib	233007df002c7a2e9959634e6578ce51e907cccf
./.git/objects/d8/7ae675ebb43c0847e6cde11774ddae9f4bdc4d	      98	       0	application/zlib	b8182b961b293a2c941fe541eaff8888ab89092c
./.git/objects/d8/84d92ebe9794f8a3b578f27ad492ad9d86a8cd	     459	       0	application/zlib	7f0e67f8d06242ef61813a10505289612b1302c9
./.git/objects/d8/8f740e701dcb378c533e760b9a16192fc6efdf	      62	       1	application/zlib	760dcbee5a2d719343af9196dd30709b4fb079c7
./.git/objects/d8/bc86f8ec88e65b2449fdad81c53e24ee1e70e5	    2232	       8	application/zlib	936f12ee0bd7011bac8070f1ba6b1a61d6436a9d
./.git/objects/d8/cef185c6513b3d09580d0f97fbab996fdd0f8e	     636	       3	application/zlib	d6938d16a0ccc1ee92988b683f10bb49fd8c2b16
./.git/objects/d8/dd4dbe29dd1744acce56adbbe8db417b1778fd	     109	       0	application/zlib	de5806785a004b13bad26b2bb3a159b0bd56dc14
./.git/objects/d8/e5b878598eadcf9a0bda7de43a0c14a98ce05f	     636	       1	application/zlib	a1747469ebd184c6296bb26db943c39bae842bdd
./.git/objects/d8/ed48f18275f7a1e3bc0e3a20a40914f29eded8	     180	       1	application/zlib	1096bb502f636f57100d467c8d16c0969500e1f7
./.git/objects/d9/079aca1758e82740c1335488a49880ffda6cb4	     129	       0	application/zlib	ab3852ecf557a6fa5fdc602795bd4f42ba07bff3
./.git/objects/d9/5a182ae9fe0f9528508541975289bdd1b0cd62	     814	       1	application/zlib	d3bf4856c1a14ac3c05c61c7702cd6532f0e33e3
./.git/objects/d9/827351606ea3990fb98385a365612588cb9c1b	     166	       0	application/zlib	302fa4eb62f93b72bf28c56f1888d0cad0f4b0e4
./.git/objects/d9/9795193fc3a21497318977a2e638040860d0e5	     125	       0	application/zlib	173481a1585ff1736a2854069f7d8569678b321f
./.git/objects/d9/f54afc69a2adccd89567797549e49ee38c6134	     206	       4	application/zlib	709e833e4c7ac6eaa27f86683fb103dda0011691
./.git/objects/d9/f98049bd376a1f15b6dd1b7567776b278b67a1	      62	       0	application/zlib	ce32e7e25f0f9acb4aa74f476ea9adfcd6837632
./.git/objects/d9/fb557302a8952152efbf8f11a231b55eaf5aa0	    1211	       4	application/zlib	cfcf23e5bd7fd784bbaaa4defff6e1ec3fedc2f8
./.git/objects/da/1a486b7bc369835b194f632257b3bcebb48873	    2278	       9	application/zlib	0b81d109e9e5fcf012ab7afc2b15f0a51ab0b809
./.git/objects/da/48d7869548d124c546b8ea26634aebf60b1180	     843	       3	application/zlib	4d60f9c690abc98aa7ecac41bffab024b68d94a5
./.git/objects/da/5e80f6c44247c98caef5344f1d6f42b4b6ee96	      58	       0	application/zlib	a44a2a8498d283d9ea46e26a2ba1866a11e89571
./.git/objects/da/8353fcc31303b0e62488dd2559489b1c4e5677	     558	       1	application/zlib	4497d85969d1b2acad3497b38bab6e6252104414
./.git/objects/da/ad35062028122add2c7f5e0e0f96b154eff097	    5467	      24	application/zlib	bff089980f4aba05094b3ca72b031ca85df60935
./.git/objects/da/e56108360310c18fd297e20bceebe70569a310	     164	       0	application/zlib	51ca867e312ea657e0da7614dd9c85f8fc916eeb
./.git/objects/da/f7f2379a2ad806ad33f893c93015cd5e32fa72	   24671	     101	application/zlib	c11cc94595469be58f0dafb779bae17838824f5f
./.git/objects/db/0a0b26793fed1bcceead78f8347c01719314b1	    3325	      15	application/zlib	0788239efcdb7f9d98dea4dcca723a71c37f5049
./.git/objects/db/1c6abe83388baa466794ac9993b6c7f13bceda	     165	       1	application/zlib	2ae7f8663da2395b2d28028e76989694fcd9aa38
./.git/objects/db/497ce75571138153a31fa350ad536991b159c1	     635	       1	application/zlib	2a1a47e80bd0d7921f9d365656a5904d20386274
./.git/objects/db/c85331513b15d686f635ef3af729ad634a426f	    3583	      15	application/zlib	5db67d1c6103c649a5fdf5faf7ce21b496f89b1b
./.git/objects/db/c94fafd7e81d191de99f00856ec9851c64c23f	    1244	       4	application/zlib	86451684fc8ad216c57816c522e928da6533d252
./.git/objects/dc/0fb44ee3b36cd6f7057698019a40aa1339526f	     166	       0	application/zlib	3f319a70fde9ee00f1590a08a0312893504183ff
./.git/objects/dc/2740a543a19711553282e6a12e7166039ca3c5	    1542	       8	application/zlib	97bbdb30f5b66e4b0a28afc9a753fef0995a5ef1
./.git/objects/dc/2b6eeeb2b5b743c89d2a98d502a804e77e57b6	     241	       2	application/zlib	15c0c159b9c8f96c8f1255dc02a50baf85cad73a
./.git/objects/dc/479af6a0855172c18a9ac471ebb4fc66b48615	     381	       4	application/zlib	8097254fde858cb298a4628d017c1db96e379503
./.git/objects/dc/b61e39528117928c80c4c3bf0b41380dd8b65d	     631	       5	application/zlib	99e7001326b64dc7d2611a2a5f652497d0c4b0aa
./.git/objects/dc/f61879b5458841dbf855aec41b8de4e7099207	     218	       0	application/zlib	49cfe36e3f6e60ba62d0ecfea11233aa30594f48
./.git/objects/dd/5cb8d7584d569c6f27539f9504f3e38cbeb83d	     313	       0	application/zlib	a2fbad3d73953fb90b2ee4245c60a8ea78cbb08b
./.git/objects/dd/ecd9a849aba84127cac0bf965da6e713b5e21d	    9690	      22	application/zlib	fe08e57b4b650559b30336aa3fb1acb68293e2fc
./.git/objects/dd/f0c277cc29f8730553c5a74278956d4d13f9e7	    1450	       9	application/zlib	0a22c7ea5c1ef9d84fdecda5891ebe33010d19d8
./.git/objects/dd/f4bb456e96a27f342b847ddb6c499872d665a5	     879	       3	application/zlib	2191c31a0a6f72c4cf973b827c5a836cfde63dfc
./.git/objects/dd/fc09ea43247b01d2f082e263e98ba655fc3e09	     311	       2	application/zlib	506aa828622ec12c5cd5cfd5cd194799069f0fa7
./.git/objects/de/300d8e5b362c04cab62cdba2dd389120704a7d	     204	       1	application/zlib	97f60307ac7e6c12d963562fa790b3bca06fde12
./.git/objects/de/6116a0b4158abde5b34730138dd527d0ad7eb2	     260	       2	application/zlib	8f562e5d8b4eef501ec2e663cb71d8bb21f0fe33
./.git/objects/de/840436ff5457a2469ba2f0c9ad589984a51ab8	      84	       0	application/zlib	6b30f4464404e8a1e7daec87de4535d673ae1218
./.git/objects/de/a46831ab03418ccf9869836a7beeb746759fad	     312	       2	application/zlib	6972292203dcbe8aa72277b388471d8d37504f3c
./.git/objects/de/b1f7eabcb2b73ffe3d2116f686ac8a451bdaa5	     231	       0	application/zlib	7cf0298b591a03db48d591a88ec2869522a5c5cb
./.git/objects/de/b87e91caf0580fb57cb11a569b490e89efddf7	      57	       0	application/zlib	ac2378fbe8322afdf3409520045f9a1b2e9f0035
./.git/objects/de/f82dd7a367f55e39142de90f97c0e75e183eeb	    1798	       8	application/zlib	df142295bd807923d64960c83832896064945162
./.git/objects/df/63c4c566eb3cd1a2d0395b5cb3dd72ffbc49aa	     109	       0	application/zlib	7efaab89721a07ff54200d56193460fd90c7f339
./.git/objects/df/763e4678d80e2dc17a6c346673d2ba1958ca7c	    1122	       7	application/zlib	4596f2c3910e3d873bcc501874629fc47742ff0b
./.git/objects/df/7d7ee3ce5b1d9ae66ad3436189bb94a68b03e1	     112	       0	application/zlib	fd21573dd217f71ac6d65f1718dd8b075a465bca
./.git/objects/df/e87a6e2f4583a22735f9365f7c8d794e3b8bbe	     324	       3	application/zlib	76666670f10b800fac510aee14e40bb8fbd0879e
./.git/objects/e0/1de4fc46c98ff6847a65708784fac0990bbd4e	     464	       4	application/zlib	f77110970d8e0ec7cd8b9eeff766cae564ea5559
./.git/objects/e0/38e3d9b7d04333ac0a1d6a28fbf1699d13948d	    1806	       7	application/zlib	5b4ad766ed32b43fe992d24fbbfb14e27745a30b
./.git/objects/e0/b8cb8a4b6e7e3646cac225a20cdde8ca2e3a61	     525	       2	application/zlib	8b2b6cb6fe8d306e5737df6584781c8365da3fee
./.git/objects/e1/0054051d6944ee7d94d6d985a9e696ac4a6a0d	    1846	       7	application/zlib	c86b9d341eefacfa957644e4f5ec28297824bc6e
./.git/objects/e1/0abf143c82f61c8ed4bc764d7b3d59fe1b5c05	    4740	      16	application/zlib	f5493d517cb6d6920c210ddd770f7bdb19eabb43
./.git/objects/e1/14bf5d8a3580e94aa2a67dd64922c5872a49f2	   46208	     194	application/zlib	e2cb3210e778dd7373085dcac64e2cc915af5eda
./.git/objects/e1/186a2daf04370190a19f39a582c191f6c742dc	    1056	       3	application/zlib	a5a7539e2080e4f32b3aea4ae8e0c956b862926a
./.git/objects/e1/2bff5d71f68210521a1b10e39472562f8029fc	     261	       1	application/zlib	56c747ee72d5aa7ae85c1466774421f6b9e8b4d1
./.git/objects/e1/3c5d4c43e2c8a52f40b70996524a340e622a8c	     333	       0	application/zlib	83df8a967156e15edaf44a90e9a44c6505b89cc9
./.git/objects/e1/5343d11e7c7b4651995d5a558f1e44fe1a109c	     843	       0	application/zlib	bebc75da603e0bb57a0bd3bdc7b568e10007a710
./.git/objects/e1/7f0bd82ab6954d0407ceb179e0d53a140f3767	     293	       0	application/zlib	85e50371a269c9b74f086f7b0bdf1f87e86e5641
./.git/objects/e1/a65921e7daa7a3d674f99b34f4edc28a8e8769	    1565	       3	application/zlib	572e22fb91307a166a304a8d515c492407b9dbe4
./.git/objects/e1/c8edaffc1c53a763083f38ae6e657f916e2acb	     163	       0	application/zlib	884440d65e7702c82dc49814ceaf1305e3064044
./.git/objects/e1/d2a0038b508a773b4e2108ed086e67190b2433	      56	       0	application/zlib	2e58ed6ecaefa086d3b70db82d7f4b5c39389693
./.git/objects/e1/dda95c49793e0c3d32ce8a382281116e2b6c07	    2907	      12	application/zlib	1cf5ce71906a5c94e2df8299dc27a41612ba921d
./.git/objects/e2/54c2c6f6b2fa26dfbafe940ad9b8b935666670	     276	       2	application/zlib	d770f3853f4183d75164ae5b501b02ee02c3cc92
./.git/objects/e2/e7020858754a3368894c352fe71080cbb79b6f	     126	       0	application/zlib	55eee78376f8d6943148d206ce1040b77761350c
./.git/objects/e3/030116afad8583fb12d9a6308ba2bdea9ebc1a	    1864	       6	application/zlib	d2641d9d2d8b552b97c73e300d10e52ac023e146
./.git/objects/e3/3451be9237ffd4caa80cb7fd1c75455ac860b8	     165	       0	application/zlib	894ba887d49d936a183bb7777bc411f30546a549
./.git/objects/e3/3706a01d16d21a9367f73abf02bc37ff2fa279	     295	       1	application/zlib	fd6a4b91192f8d998058df04940c61818eb65b86
./.git/objects/e3/3ec167380435d86dbafac5eecc3954e6aa02a2	      82	       0	application/zlib	c755214fc4136930806a0d021c09cf20b8376fbb
./.git/objects/e3/7a2ea1bbd0041bac3b1719a410f4765b3e69bb	     501	       1	application/zlib	592c17f6b260874f3d564675139e3e971fecca32
./.git/objects/e3/94ca549d60581565f990e707ffa90a00f450e0	    1020	       1	application/zlib	d712f499d6bca1a7e06256018edf794741381ae2
./.git/objects/e3/a576fbff1c44b67f6771064393599f60edd279	    1258	       8	application/zlib	e8f1d19ecf27530486b0f225f4cc5879e44e826d
./.git/objects/e3/d8071c346dee64fb7fc154eef81212007ba36c	    1690	       6	application/zlib	384067a8b4ddccfe79e52b5ed0c18584ba938ee9
./.git/objects/e4/478e1d7a1274c985f761e5a5570db657bcfdfe	     164	       0	application/zlib	ace40c40c983d6c7074deb7715ebbfd9149f96b7
./.git/objects/e4/788d63c288ffdd2e04a442818a759c621bb2f4	     109	       0	application/zlib	112f99b6f503ab5b7ed6fcb024414cb34be58163
./.git/objects/e4/86c9c7eeec87d63d76e0bc05074522b4574287	    1567	       5	application/zlib	6fec8cf63d56e93df914cb92ec12b4c5e64346dd
./.git/objects/e4/891fecfdf5e7af1e07816cf92f63d669736f3b	   46222	     172	application/zlib	ece8eefa0a0905f6d8b6b0524ebffc8528153b37
./.git/objects/e4/e1cd210da112a2c71cac8bbf8669bb1f991528	     197	       0	application/zlib	825f67def5d24ecb2e0788ab35a15df2ff128912
./.git/objects/e4/eb7178a426fdbf16bd231b6d8389add3e06922	     196	       1	application/zlib	25f2992f6822a797dacac5b96c7e1e293372c067
./.git/objects/e4/f5cc73c7749670c22ab7f9abda74bc69781085	      47	       0	application/zlib	1877b4ed56c2f6eb10d5921c7ea0141e263616d3
./.git/objects/e4/f9b4f7ee858a812c9a9aed3b11b12f3c128ca5	     469	       5	application/zlib	93515820675676286b17fa7dbb465f8e393f5773
./.git/objects/e5/4ffb6b2c63976e7cfa4cc78dc628781a2460cd	     340	       2	application/zlib	126cfa55bf407b9cf4077d66cbaa6e85a5a06086
./.git/objects/e5/b5cf02641e6c19d02e8d5adf9eb804f745fb76	      84	       0	application/zlib	37e4cf179eefdf8cd471612789f1a26d54a4f88f
./.git/objects/e5/bf188a092343d26eefe17447b3a7b4c6f1898f	     109	       0	application/zlib	ac4dd0e2dc5e9d7baa7742bf395118d9c59f510f
./.git/objects/e6/009f10ea69a21e5997461797c22ffbb0f4cc75	      92	       0	application/zlib	1b8e35141d1be1c8c7c757a89f0bd672f8e53c26
./.git/objects/e6/5d13e559e19ce12d005adceb2a4f6d3da943e8	    5288	      25	application/zlib	3239b72967f7e7d0a4929deb0e72c96843c0e2c4
./.git/objects/e6/9341088609ecc3147c3fc7f0975426c8c6d91b	     354	       1	application/zlib	0b4e71cd8692ab1255815c227465c8c46fef28ad
./.git/objects/e6/a814f40745b010378ccc8e2bead6fc269ff696	     715	       3	application/zlib	fdfdbbbc6a27785ccc389e06f523bb2742b69809
./.git/objects/e6/aeb9d40dc2ef864887126e0e8108bfe83563d7	    3353	      17	application/zlib	29ad92a88b5cefa3e8d852907ddc3883ed95c157
./.git/objects/e6/e21b398445a44fe58ea3804c033f64927cee8d	    4368	      26	application/zlib	59219b7d0b498b526bab3bdd415f06383d69dd39
./.git/objects/e6/f1b23ec5710e26761f8f0d504b91a084c15e1c	    2762	      13	application/zlib	b64d813851265217f631de83b306cfa2132fe20b
./.git/objects/e7/0bee0a69052557d70138e2de56bf94591f2dc1	     478	       1	application/zlib	b423d8588a432561b8f4968c1d28a461ed556b7e
./.git/objects/e7/1044f32a5e870e19484ef1350154bf64e0810a	    2565	      10	application/zlib	a03878a5ffb60c43baf3c01106bc12e361a7ff2f
./.git/objects/e7/623306209c0490dcc3ab26e049d3efbab221f4	    1020	       4	application/zlib	c5452f440395b80e5ecfde9f3c2297605db2fc90
./.git/objects/e7/6329b873873dc1957c94a6f4cc701935f75dfa	     251	       1	application/zlib	8c86367b55f7d392e85aa4bf6b93e21caf459446
./.git/objects/e7/8542aab13ebef992d117806ef63236c9b9bbd0	    2024	       9	application/zlib	c4253665654a3f0a7a0ad5fe7597904f0b020a94
./.git/objects/e7/ab4aaa381fd56a62d5e739a7ee01210a6f6a72	     293	       2	application/zlib	72de3d38d91b67445ac465ed9d8479745cd1c728
./.git/objects/e7/dc0ed1a6662162483f61eb731ee66ace7a45fd	     985	       4	application/zlib	f23b28edecf0c4fc8dd20da807f5a7472a16ff91
./.git/objects/e7/e0bd999dae4d566b3480368ef65028fab9a640	    4852	      21	application/zlib	441d0c795e506dd1c847157065cb1db373244780
./.git/objects/e8/10df720c5974bcac74990723689e08d27dccbd	     158	       1	application/zlib	2a0fb05cb606ba55d46c7a9ae5ea244c4dd718f9
./.git/objects/e8/2fd34cd3637c3143f2da667b646f87a117e35d	    5275	      19	application/zlib	03f51b52a70b7f56871ceefe197c9a41c5054540
./.git/objects/e8/61902e015ec93c652cd74145d2669d5ab8566b	     127	       0	application/zlib	3169c28c303d192da98638bfe9ca341cb1b4fc9d
./.git/objects/e8/7c31e4634e422de6514faff74799a397318e21	     293	       2	application/zlib	b06c67817601e0fb873a87460dc5b32fd6307b51
./.git/objects/e8/aa3060f396fa28a2c26cc79474a07c6ab133d9	     138	       0	application/zlib	ed1827ae2a5417dfd0dfabb657fcaf8422468316
./.git/objects/e8/ddcee6b6b4e61fcec2f1b5b92c7286dfcc215d	      92	       0	application/zlib	dc4cf80af974aeba0374c0c87d41f819f34b7524
./.git/objects/e9/386329c58c1604592a0d23a447fc52d7e1764a	     261	       0	application/zlib	e3426fcb8b30ee8157979e9ac23850f572f30031
./.git/objects/e9/71c17060c889049dcd3888181f49dbdf4fee3a	     409	       2	application/zlib	8388c38e9ad41e3fa178353fdb1c8d698aa81a2f
./.git/objects/e9/85252911ac9df2d94e08c42e376d29a4da3ca6	     329	       1	application/zlib	e966d404a0ba1c8c4e53809b1f574f07e1cc7b1f
./.git/objects/e9/8aa173b334c0c9b9a56d3f8ce4f38680ed3c06	     767	       1	application/zlib	debf9945453448db89bbb1a9bed7dc4e63ccf5cf
./.git/objects/e9/bc8856ebe5d5dde607bda37839eb71beee3251	     242	       0	application/zlib	9a6a01ce7635017b8444a26d7d6d1a0d6ec6480a
./.git/objects/e9/ca700c220d9011bd90246cff047e81fdd19f9c	     806	       5	application/zlib	620d0d2b3d28ea1964c8be3ef491cf9a5eb159fe
./.git/objects/e9/d899a4c19b8f541ac7111462e3a6371c7322fb	     714	       1	application/zlib	9b370ff9f2ddfe665b1b664e4129261e4672515b
./.git/objects/ea/37105c83f600fa251e9c977c4ec7c498ef0009	     804	       4	application/zlib	3d00ef84e98c1481424879ea76ed1e9d9f0530d6
./.git/objects/ea/49056fee28c340c5ba943cd47ad478d156dd20	    1088	       3	application/zlib	bef48840286648d038c585719ce8c7d1a72bc509
./.git/objects/ea/a073f2876b13c10a84c80aea333db997eebc5c	     834	       4	application/zlib	1313f24c347aeb44836debf0d65e6a36db8e76ba
./.git/objects/ea/dc6208c0678c240306e69437977fdefd3f4689	     194	       0	application/zlib	e7d51a42f8c051820dbd6cb6c05b7b405cde8e05
./.git/objects/ea/e0383d3222512288b4295f31c748743027ec82	     578	       1	application/zlib	f4bfefa92a2bc9f804bdfa2ab62eb168bceca933
./.git/objects/ea/f0366278b5ab5296ec22313dbe7abed9d5dd2c	     177	       0	application/zlib	599cebbeda2c568f876e8778713bce34b8fdaa82
./.git/objects/eb/17380025ca4727379c9ec3d54c62a1679e2598	    3800	      11	application/zlib	1d4d4a559ad9799439bda947ad40409169e4f467
./.git/objects/eb/2a64489fecaf5745efa45412f4d824a8dcad6d	   77361	     291	application/zlib	4fc0d4d71928d223ca70eb898911740ee4f927ba
./.git/objects/eb/3a6729226a04946f8674f009a0ae32d19f7f04	     414	       1	application/zlib	8e4b01b78e42a2cbabd6e2e03eea9f70cb33658c
./.git/objects/eb/494939776e998eea4c37654a7145ada740d955	    5496	      28	application/zlib	03b1861e33459cd5825b6adaab43ef7c105209f8
./.git/objects/eb/5d02c872c3e2579989636797527762f4f0532f	     166	       0	application/zlib	01eb53ffc3a2d5ee669e43a84c3275858bb4bc8f
./.git/objects/eb/ba9b7cac4a2cc6e12f3829f23a79f08c1e1e35	     212	       0	application/zlib	9754dcd76e42826a664dcdc27b88a1a2119469a3
./.git/objects/eb/de4d799a783b57c8cdcca5ebf80bb4c3b1e69d	    1122	       5	application/zlib	f27846d74855f717172aa2868584420f3b37b1c1
./.git/objects/ec/0f3ab3d92e9b5dd8a935fce6678316bb3e7229	    1480	       6	application/zlib	2e68ef2b8d4b1f20b09d486605875baceef7d358
./.git/objects/ec/243d173b03c47769f76151903a27b570362920	    1177	       8	application/zlib	1e248a0a909dae292c35816a1f31f15e018a743c
./.git/objects/ec/3a387f6a7c55a408cddf4a59dfcc6f3ddecbf2	     859	       3	application/zlib	8d1df168a73a86e10858f6160599ce948b4c8013
./.git/objects/ec/3de7da1520f7e339f40b606399190883f9e97c	    1177	       8	application/zlib	377c9c29c110ac4a6153e55d04436ddc2bf2c6b9
./.git/objects/ec/49c4b6915decdef6eec234685532331a9aa431	    1244	       5	application/zlib	c7e7961eb349645651d4481226ed612e2857af66
./.git/objects/ec/7354f7596d7e436ed52a7ec923bfd6379276e0	    1217	       3	application/zlib	d6f1460958c8658f7761592b793d045b395a8bc9
./.git/objects/ec/ca0eb0c62577f1b7700596ed4c580c725bfb7e	     260	       2	application/zlib	cf36fd4e483e906bdd206d32aef25749d049e69d
./.git/objects/ed/0dbdb21666e745842745b46873d704b95d30b7	     324	       0	application/zlib	04e1ce45bb42abfea1cdf27db0ce9249e021a5c4
./.git/objects/ed/1f5ff2637c266b7d3b7cc0a9e3893da764ef7a	     184	       0	application/zlib	d5ee6a7a5b0978081707e0f5cf34ba4feedd9c29
./.git/objects/ed/391b3343f3924a2684949a13eb1215f61a94e8	     807	       3	application/zlib	f08ccd760307b951593a4a102988527fbc39a69a
./.git/objects/ed/3c9c4aa9ca8a70aaa4790558aeb1f3fb2f9a9d	    1261	       5	application/zlib	efbf2cea2dea2d285f812d74c3b4e34710642e66
./.git/objects/ed/a08c3faf646bddd666a0b73f2e83d066fe0b20	    1368	       3	application/zlib	6c59b38bfd2a16195d2d10d77047f71efbbd7fa1
./.git/objects/ee/1cac7943ff1fb9c7d6783e8d8c0329ff7ad661	     164	       0	application/zlib	803d46352cf0eb47130ed21750c5de2aba583b12
./.git/objects/ee/a26c5368a71020def804803f7f1d8461a58825	   46759	     189	application/zlib	c495cbb72cc1bcf7a3150af2f6fa357ef8a843be
./.git/objects/ee/b30848117ccf5c14a960bb0635ad02a3383caa	     193	       0	application/zlib	33d0373a0275ade06a67ee9835d59fcdb717e87e
./.git/objects/ee/cb4d94286ec9101eb35e039ed88dc8e29f9ea7	     193	       0	application/zlib	6485209a4f3389563331f022b00ac7106bd65e2d
./.git/objects/ee/f51bdf3dc74bfb85831227e644efdffd03827a	      57	       0	application/zlib	4772857a3a1388c9a3be995517689400024836ac
./.git/objects/ef/45ec74c0bde30da12a1953d1d1318992268340	     124	       0	application/zlib	5d360e17432668e3c71a24fc6102d4ec1ca8d491
./.git/objects/ef/73136a4fcc18a7dc1b64b06ae6de344c1e6bf1	     771	       6	application/zlib	a5f94c1f65986afd02226f130dfb4887899c1401
./.git/objects/ef/8e292268dcbff77816c4bbf6ccf72ea51c1f82	    3555	      10	application/zlib	66557f80855aea4f56071989df2b21325965f28a
./.git/objects/ef/94104daedced7b789bde119150479bd6243cfd	    4208	      13	application/zlib	df3e0a4599f5802884fe65fb55500398461179ae
./.git/objects/ef/9a4c6eaa22d08565c33e4e84fd8be25313e812	     229	       2	application/zlib	e594c4f6e7ac7da9dfdfde0d23ed2c9b65d7110c
./.git/objects/ef/a75032e1d6119fb67b286b8cba2c5e9c8da44d	     767	       5	application/zlib	f47ef895f26e6945a5107001a38bcf5000bbaa2d
./.git/objects/ef/ac9585b86af963234dba07c173554d09c9e821	    2143	      12	application/zlib	400baddf20aad5be16902e1710cd87e5b47497e7
./.git/objects/ef/bde827e3e2111597e76b4d1d85f8a010afc4d8	     125	       0	application/zlib	7f0cdf98b8773eb2367fd07ce8bddfcf017d24c1
./.git/objects/f0/23dc51b986eb7aa205240c0d4f5451d2c06052	     197	       0	application/zlib	76167abc1fd6e2e59e538b18ba7cac3fd98215a5
./.git/objects/f0/2bfee3c8e2b4808b93d51a44d9e2eac951ba2b	     109	       0	application/zlib	99ebb06921ac725ac8470b1aa5680c232d7db8c8
./.git/objects/f0/5646c617fbd50992676d0b68d886aeae842f42	    4583	      17	application/zlib	704dc87351af7a19d6e5ffcb090752774ba8b766
./.git/objects/f0/63141b67d311d6d1663d6a439462e82b04d7ca	     987	       6	application/zlib	f35d0f51891bd921e0a30f419a4e02bf81e4cccf
./.git/objects/f0/89d493a5c74d45c3fa39bb478fe01147ffad66	      83	       1	application/zlib	91d6b4e243d17b0ac75bf6f6e8e3e11f130ab14e
./.git/objects/f0/ba7a154d1025e841ae7d4bb5c2bc245293351c	     714	       2	application/zlib	84d81981a9591ee772ba7bbd2d258caf8550750a
./.git/objects/f0/da50dd1a9bacedefcbb4754cfdc892b9a56f4f	     799	       1	application/zlib	5e0763c76b400a56a5b69030dc8e1a74ad6d08bf
./.git/objects/f1/27c34d61f3790b0ee56ee3fd29e1829ca38237	     361	       2	application/zlib	07a53c307583fcb6774a1f1806b581590c666a80
./.git/objects/f1/671a23c00a62a36c28a7157c209210c092a217	     715	       2	application/zlib	d559b40a5a498ddbcd1a84f238bd7fcddb64f9cc
./.git/objects/f1/8bc4c23c5ed490d7c9ed0e6c415985edb7984c	    1272	       2	application/zlib	81bbdba50b2eab890d5477d719948f08cd637226
./.git/objects/f1/b8aee71172e6e08042e7980fbceb45c7c535b5	     112	       0	application/zlib	c035ecbcb0fa6a3448326d4c4eb79dea2db7d055
./.git/objects/f1/c0ef24c7fdf76595d1084eef776813dbeb0132	    2593	       8	application/zlib	a3391a4c4cf1a2080014adcbbb2755e1deb50f3a
./.git/objects/f1/dab471943b092f1884ee160749eb2b89c03090	   47855	     179	application/zlib	4271713246afab4afe204d001155c014448c3df5
./.git/objects/f1/f4bebea5d2c9e96ac28ea007a6c87eb27cbed7	     294	       1	application/zlib	a437bf464d1b7e7b77aee251f589fd12fca8467f
./.git/objects/f1/fcb2108bbb358979d96f6bf6c1b126deb671ee	     973	       5	application/zlib	52368d38171f328119be28f9ca548475f335c4e2
./.git/objects/f2/52952faf7daba29ddf609dc384da79fb0f1e00	     123	       0	application/zlib	88ed0f9a3ff1103934574a41a4f89326d982623b
./.git/objects/f2/74a60ccade5c315f5e254c8edbb69ecbd01929	     162	       0	application/zlib	3f85dd0715bce1c3dddbf68eb58930578e01b457
./.git/objects/f2/75a5a860f11bda5feed62b4e52a43062a0f131	    1819	       8	application/zlib	217acb727379a13b8f12b8f3e99645039448b7dc
./.git/objects/f2/d2c5b889e91dfdf40f11268d9042a08cfc1e49	     860	       5	application/zlib	23b77f251375036f20115700267a2e90712b835b
./.git/objects/f2/d57d51092adf97a3e611cd3ae60bd04cfda359	     162	       1	application/zlib	7108ba243fe7e46e62c5cb2ccff85db00093f5bf
./.git/objects/f2/d829056fa53396cfc17e52803cec02ab5d1c97	     862	       3	application/zlib	6a38df4f768a4b1d0766d19277f9c9f808ef55e8
./.git/objects/f2/e6f57c7c98616a7cf971534d775ae2d7cc7858	     112	       0	application/zlib	023b29d294a0f9d87025b64fa62fbf9fc6cd6659
./.git/objects/f3/297cb5e3793a03450c1b1bb62e4c47edf87129	    1215	       4	application/zlib	ebfbb5243e327024bfea9bef192c01b4ddcb9fd2
./.git/objects/f3/513854221b0e597d70f688522506634cf672b7	     645	       0	application/zlib	054110bb6978e2995a9ef2757fa63fbe4eab59af
./.git/objects/f3/7c774b4413cf95e972e3ea9bfcd716f1cfb37f	   28083	     117	application/zlib	7805aba4d64f566b5b5aec63a4ea2c75c20f38ae
./.git/objects/f3/ae6dc63f4a668e741bc7367e7f5b7779119832	    1718	       9	application/zlib	a6e6b812c3a08abb3ed7315a28e8953215c0f8a4
./.git/objects/f3/d2ea9ec45d20e66f5d4f3785453d09b3088aad	     815	       3	application/zlib	927f45ebc927a8e16fdc6e9e2996165dae5d4f70
./.git/objects/f3/dbd83296a2e96e861fc65eacd1501c3f3d7ef4	    1752	       7	application/zlib	d4f4ba062521de1454329b8f2d18c52fc17af554
./.git/objects/f3/fdc77ac93ba71e5211f8eedb9ee151898a369c	      84	       0	application/zlib	fee1caa0db95a54f31819dd42c155908a2b0a1b1
./.git/objects/f4/1cc015cb9c3f6e6d9ec9ea99e149f458c8cf20	    7639	      35	application/zlib	c85a9096a06df27e6bd86cbf9c9f94d879655eb8
./.git/objects/f4/779b2c93472e64cc971c182665123515d84120	    1639	       5	application/zlib	08c598b7b673f70ce51abe6f99ef025c1853a06a
./.git/objects/f4/f06eb846892ca7c0a43c672bb62102053c0f6c	      47	       0	application/zlib	25a6610b8d613cdf0cff0ad8f0689ce511eee717
./.git/objects/f5/614ff61fc5184cf69ba46636df48df623f8e9e	    1646	       8	application/zlib	24bfe86978245c8c13973376b113a80320e1a896
./.git/objects/f5/6181afc4857974f77d4f39273e6afa3bb65b4b	     138	       0	application/zlib	a94908a39cfc3d8e8a2ebf0bb72b8efb04ac62ef
./.git/objects/f5/65cb158c560097f6891b8aa559c52779dd94fc	      62	       1	application/zlib	6da0301ceb06c2fa25d531cc5b927542dd69ac27
./.git/objects/f5/c5f3bf933cd731d7fda7b2ff749f3ccb2db42a	     165	       0	application/zlib	1dc9bf9a4800b9b59e1ae79023e7441ed4b0f023
./.git/objects/f5/dc623ed5d135e2ff7f2bc9081cd1ea51d971d9	    1004	       2	application/zlib	5d790232ca35b650efafb60cb1cfcec2856a33fb
./.git/objects/f5/f4e6738caab8712873a345cb2163ee6b1ff6b4	    2618	       7	application/zlib	0ac5f5e9b290ea8e0f2dd3d978f1942b0c5552c9
./.git/objects/f5/ffc0da1a34857094cbaaa80359026231f24669	    5641	      21	application/zlib	49164f059dcc40aef3a228c58039c2518db189d2
./.git/objects/f6/08156b69b45c72cbe153008c178fea0d6692fa	     301	       0	application/zlib	393928a0f1966d9e6c8b132aa4114f5b21f9392c
./.git/objects/f6/17c42d0b23472488a007151a12eab37adf5a47	     124	       1	application/zlib	d94d02579615ee7e2e5015d0c7182ee9b4f4c79b
./.git/objects/f6/53f1a7b644f920ace0a4f92d4b2f01db6cb2ef	     128	       0	application/zlib	eadfc44e22590b029eb58497834c2d6e99ec8cbe
./.git/objects/f6/7b9266f45fc7be75f1e9f5e8706ac231d6083f	    2920	      10	application/zlib	14ea1f3d834066e724f9ce9273145bed10869d49
./.git/objects/f6/8aa7d144ba0e56b3a7a18b830b29f02b060739	     812	       6	application/zlib	3b2c17850073e1471c1b461d6341c5d51acc2a86
./.git/objects/f6/de220051fb3f71d6e31f34173efc7872a2dc90	     256	       0	application/zlib	ea710379ce433b958cfafc94ec2cf49ade7f9873
./.git/objects/f6/f8e5cda048c3bbf8f79513c92ea607726397c4	    2626	       6	application/zlib	61f5ac71576cf02e24b8db5c0e3cf179356b9dfc
./.git/objects/f7/0405fd7719881ce2e7708432e8e488f2aa30c6	     109	       0	application/zlib	c8363c03359f0e65850445b2351f4ba7b4fecadc
./.git/objects/f7/0a74c7091db55ec117ec6ace96b0b0d977538c	     356	       1	application/zlib	53bc6fa323945ad7aa0a58dfbdde16837187a1cf
./.git/objects/f7/2a0ab50b838b1789dec18fddbef01a99ace865	     333	       0	application/zlib	205aed8d376aa6525afda126caabcc5c013701d3
./.git/objects/f7/583a2bd6d6d305944e7395265826f9f1a26fec	    4171	      17	application/zlib	d325ba097cb185beb83228bc93c1c19bc5e109d9
./.git/objects/f7/956e4c3d9626fc0a01486f609934b7d2de8208	     670	       3	application/zlib	65112172baf12dc5891b1417c483a73ec04e3fda
./.git/objects/f7/bc4a6ee9a3f0dff78d188d70e6201a79a975f1	      58	       0	application/zlib	197872b493fd7fb513c1477ddcc6f08bb3228805
./.git/objects/f8/0a4603fe360941bb716aeaeffc805cc6e91efa	     198	       1	application/zlib	3297d80fae672035bdfc89b0448890e093448db5
./.git/objects/f8/8c60c89684b1842f5fc4e2213ec37213fd5b49	    8349	      39	application/zlib	fa25139a2626f9f5432b79a604c5e51da0ba67fb
./.git/objects/f8/a3c9732a050832f127deded1e9a4a2e4b3b8a8	     441	       3	application/zlib	3cebe61123386e941780f076f2c7eb79f3ad21f2
./.git/objects/f8/da3689fb3a86efaa75d8227e67bb1b48fee39c	    3302	      11	application/zlib	23507f2ad0e6453fa8ecf3584b69434db702f591
./.git/objects/f9/13f28d3b88e4483e1f0ef6a2c59b98233548ed	   23214	      95	application/zlib	5391d4690e5e63bd2b5103c33c99c2bf345f8e78
./.git/objects/f9/5b4ecb722fc4ae497d81b790df78c3b36ab750	     988	       3	application/zlib	00ed66ec163433a99373fbbd74f837081fd3c570
./.git/objects/f9/6d345f43fb36d539a50b3ad3475152bb572b73	     859	       1	application/zlib	0bb14cb078cca5bf200346c9aaa0a622813acfa9
./.git/objects/f9/98fbce1475791cbb91d066ab55e871bdb909ea	     272	       0	application/zlib	9aa69c877f1e0c418e4a4c568f6b2cbe62a06deb
./.git/objects/f9/b6ffd163826cb145cf9bebcdfc122068f23f7c	     241	       0	application/zlib	8e5790ab1d7b8c883ef6fabc697884e2bf1e1305
./.git/objects/f9/c5e1f01680bf3740cc8b08d97bcbe83d407466	     112	       0	application/zlib	d26b91bbbf84c60998d3b8c9d4f0629b1e2a9b33
./.git/objects/f9/dee8f0e0b7244a2a6fc2d75dbbc008fa74a7a7	      83	       1	application/zlib	ba9f3c57ebf6ea069abc2751fe1bf248c92e661f
./.git/objects/fa/085e32d7848694e4fac3ff0e87b2a206698ce1	     124	       0	application/zlib	be38807672c24471f59221c11afb3b9119efc9bc
./.git/objects/fa/a6d8ad274076dc5b90dd65bd46a9b568a2f1c3	     932	       1	application/zlib	fe7d409fa695e2deec0523c994f287c4a9197f2b
./.git/objects/fa/b4457e6d0a54507ccaefa23e05d29dc2c2520c	    3551	      13	application/zlib	2793e482402897de9d8429d7bcad8b5f863f695b
./.git/objects/fa/e5ddcee8c64d48a615e89ebda4f80ad9358c90	     635	       6	application/zlib	ae98161eaeee9b392abe2b863c159c533fa04e76
./.git/objects/fa/e6a3336c74fc3edbea67d1d5033cafd194e843	      61	       0	application/zlib	86bd1f68770edfd545df52c948b6ffa808b49b23
./.git/objects/fa/ef1dca99150f04cf4e8ab95143c3236deeb280	   45863	     171	application/zlib	35a496a6954a10a340c28341b4a63bf9c0dbdbb8
./.git/objects/fa/fca7d6cb580df5ec65a81e70ff6f3d8e67b6a1	      58	       0	application/zlib	2d92d58fa6d06e8bf8745377673fc7809b46887a
./.git/objects/fb/0265c523a52b4b1bcbaf567d989a67a44e17d7	     151	       0	application/zlib	d73e6362ed126e78c1007b4d5f515fb3a231e63a
./.git/objects/fb/2b785f07d8060310851aced5e4330fe1325e4e	     831	       4	application/zlib	d0a78c4772c1646a0c491049f2c2dc6f811d04a0
./.git/objects/fb/5757243b32e44381975cee863c245af782eb05	     141	       0	application/zlib	ddec82487d6fd2f35bd39ec2db382345ff840901
./.git/objects/fb/da85ee6be27c9433da600a6c89eb78936942ef	    5779	      21	application/zlib	0984a6d2d1f2602083828b77af75847fb4c15e13
./.git/objects/fc/003d83dd6067c4193c29d0a4397e97080e6078	     945	       3	application/zlib	72e6995e56490ac0f2685dea815f97ee7bfeac2a
./.git/objects/fc/21664b49f2a4b4bac63f86333c8a44c49aae0f	     907	       2	application/zlib	46b7ff829cd4e878cf96d1546e68390ec20ffe86
./.git/objects/fc/51871f1165a5c31acd4c16ce8009dc0ed37357	     260	       1	application/zlib	eb65a897b5c28d10f6217a9acd44741fdc8430c0
./.git/objects/fc/5a5c85f3b931310ebf2e4162d36f43abbd71f7	     159	       1	application/zlib	c06334a06f6a95b2a4c8a6687cd5f35f70dffa1b
./.git/objects/fc/bedf72fe75f58812af380df9c94777978a7e74	    1385	      10	application/zlib	fa9e2ec66ee23639e515b32dc9806a84d9091852
./.git/objects/fc/d77386d2e05188b4431892fdd8509b2086d807	    1362	       3	application/zlib	a1d9b9be98393a189fab25ca714188faa05bf511
./.git/objects/fc/daf5e626a82f97b19523b6f8597773e6a30ac2	    9120	      30	application/zlib	bf33ae49048e0a493d218af3e0ca10ae1a4d6eb1
./.git/objects/fc/f814249bc120be81d8b14152cb7956a5bd6b6b	     127	       0	application/zlib	65c7870ea6bfcbb2f12e4e5d56fde85e06c40a2a
./.git/objects/fc/f8f9cdf184534c6b73aedf73ca5684b679d184	     988	       3	application/zlib	d0863fb716c70a516b649fb06e78854fbd544848
./.git/objects/fd/03858b52574192dff8af86e1e7e499ecaba58e	    2017	       6	application/zlib	adf47dd0531adc6765c56f471d3641faf9aa754d
./.git/objects/fd/2480e9ec628d37e009ad800b3e486efefb0da7	    1076	       4	application/zlib	d3ef3811bebda5f8eb018b42943f10acc44805e7
./.git/objects/fd/3d354cea6471eab8438b02e53de2c0e9505e69	     387	       2	application/zlib	5a4ec3c9ebbce6f8b191bf2a5079d832e958ace1
./.git/objects/fd/7bbdbc90a9b068f0e7f12442b50869ca608dc3	     242	       0	application/zlib	b3ba9558978c643966625eafd3fe95371ef6f908
./.git/objects/fd/9dc00e966f53029f8e267a64879f901dc9f2a2	     778	       3	application/zlib	05efebf2aea49336498e4a659c744f493b108571
./.git/objects/fd/a94c5ddc009e2f9e78cfa2e137213e7bb01c9a	   45964	     189	application/zlib	d9a6d4df1eb2884fb6d0c3f6464f055c4a923fc8
./.git/objects/fd/ad5ca9ef344da569c6c1481d09c0f7903e390c	     635	       1	application/zlib	438a446923ee01863a1b9a4a72fbde676551c562
./.git/objects/fd/ca03ca8277b27b26422070dceb43d4b09e9638	     260	       1	application/zlib	20d48723785a0e4ada37cf0cc74d50f63d173d76
./.git/objects/fd/e9094567680f3ce2e4dd0d4f69770437342f58	     643	       1	application/zlib	47ffc26e63f22ac9d4b5f6f0b1f182a8d0b37119
./.git/objects/fe/24328be12e004661072bab9130e075cf73eb51	      92	       0	application/zlib	7ae670aad0232e6081bc127a57fdc7cdc6ab14b7
./.git/objects/fe/35198f53ad991feac66e4c21393d283195b47b	    5364	      17	application/zlib	a394d0333c8fecd965e117d653df7d32a156fd7d
./.git/objects/fe/7120a6312dd5d43292c3c8cd1d57029493a7ec	     139	       1	application/zlib	ec62144b135394d03fba184fc1d2304686d8db7f
./.git/objects/fe/7140ece81dd635b52441f18d0a47b4d203fdb2	     296	       0	application/zlib	48828c75b2b08ce68eb925eeb3e7cb43d074c2db
./.git/objects/fe/ba2c774b290ae79cea766f88624b93f7f37efb	     491	       1	application/zlib	25c76a52b0bb4f87785b300b3cdfecd3764e2872
./.git/objects/fe/d242381fd70e1c2d46fe7383cf2cfdfad218c2	     709	       4	application/zlib	92fdf5cb727ac7d375d2d1a786af0b723c034684
./.git/objects/ff/9796ea30548011e8a48992031cadfe8a79021e	   52659	     236	application/zlib	fb6e4994bb9c8c985ea2eeff37efb7d41d8c3ed7
./.git/objects/ff/b6871fe53a468c7280a2a8de3f471a904e1ef6	     293	       1	application/zlib	2558fa3c3e48f9e5a2f46a721df96accec6afad2
./.git/objects/ff/cfd60e8d79942fac34fe982e3c4355b31a834a	    2152	       9	application/zlib	6c726ac9f2d3a9252aa57aeae5d64390c38db470
./.git/objects/ff/e4f54c8162f78af29710ace7b191abe7f67ed1	    2112	       4	application/zlib	fc3640e97463e472d3ff33910496daafc32bbe6c
./.git/objects/pack/pack-58e9018da507ea1b15325ec1bb6be0b065915dcd.idx	    5580	      29	application/octet-stream	96bf76408358607c58702ebd21172132b7064e0b
./.git/objects/pack/pack-58e9018da507ea1b15325ec1bb6be0b065915dcd.pack	  140695	     514	application/x-git	31ba7f564cffc3c44b2fd2bf6dd971feb3efbb6e
./.git/objects/pack/pack-58e9018da507ea1b15325ec1bb6be0b065915dcd.rev	     696	       1	application/octet-stream	3842da68126560aaea994d3eb292c2b51708be37
./.git/objects/pack/pack-7369ad1360976dde1db8f83b1bf9a5d1677b66f6.idx	    5944	      28	application/octet-stream	71ab073ef9f14dbec2cd428e502b9efdf191274f
./.git/objects/pack/pack-7369ad1360976dde1db8f83b1bf9a5d1677b66f6.pack	  158005	     639	application/x-git	e19544910d8773c956d707e6187beaa8aeec7f08
./.git/objects/pack/pack-7369ad1360976dde1db8f83b1bf9a5d1677b66f6.rev	     748	       1	application/octet-stream	bd7f56612ef994ffb949f88786cc473a74f567ad
./.git/objects/pack/pack-903f3fe5a2ba440799bc1c1e120b34677643f1e0.idx	    5244	      15	application/octet-stream	ffe4db651e368179e4db5e6d42af319bf0f7bc57
./.git/objects/pack/pack-903f3fe5a2ba440799bc1c1e120b34677643f1e0.pack	  116184	     437	application/x-git	3d7e4d9187055fb3a1c2cfbc1b14f8e1482a32a8
./.git/objects/pack/pack-903f3fe5a2ba440799bc1c1e120b34677643f1e0.rev	     648	       1	application/octet-stream	4e40a021a31489c14e023b8b79237e79419f9f10
./.git/objects/pack/pack-c87aa63041ff8cdd58ea51d41fde80339b132acb.idx	    5328	      25	application/octet-stream	028ce6002bc0262ee136ec7cef851a25ffca5db1
./.git/objects/pack/pack-c87aa63041ff8cdd58ea51d41fde80339b132acb.pack	  174061	     672	application/x-git	ef2557223ab34ec26ac2dabb047e1ffda07c7084
./.git/objects/pack/pack-c87aa63041ff8cdd58ea51d41fde80339b132acb.rev	     660	       1	application/octet-stream	51b586c66a5df2fc088471771d7a0abef4cb4e05
./.git/objects/pack/pack-ec93096c88c6313cf38e443c1602a69b30dc5222.idx	   14092	      51	application/octet-stream	a4dc917ee16b7626fe230e10bf8bf2a3501ac62b
./.git/objects/pack/pack-ec93096c88c6313cf38e443c1602a69b30dc5222.pack	  359940	    1459	application/x-git	a485ee8db379f07887ce34d735c0b113c21e4ae1
./.git/objects/pack/pack-ec93096c88c6313cf38e443c1602a69b30dc5222.rev	    1912	       2	application/octet-stream	d520c8a86e48224dd66c3c8debbf92f0e1b5fe9e
./.git/packed-refs	     615	       7	text/plain	4883a3e1c8d8d8de86ab26bdfd3a7a7eb4c7de90
./.git/refs/heads/main	      41	       1	text/plain	b64359c1a56e6811179596cee19e68e6329902ad
./.git/refs/remotes/origin/HEAD	      30	       1	text/plain	5ae7c22895c35af5f56ba1891a4dd62b4dc1f955
./.git/refs/remotes/origin/dependabot/bundler/kamal-2.11.0	      41	       1	text/plain	f58acc34d34d32b1317986a856c5ead24cdc1936
./.git/refs/remotes/origin/dependabot/bundler/rails-8.1.2.1	      41	       1	text/plain	657f29f74df9ca08bc86574507aa0341f09a0b90
./.git/refs/remotes/origin/dependabot/bundler/rails-8.1.3	      41	       1	text/plain	c81d41c3278e12f6b08238d387a882d238ce7aee
./.git/refs/remotes/origin/dependabot/bundler/solid_queue-1.4.0	      41	       1	text/plain	63337940384b7f47c9d8b5f41a6d293ada0446c4
./.git/refs/remotes/origin/dependabot/bundler/thruster-0.1.19	      41	       1	text/plain	8d64653e39b0fcd8617c4779cc873097ff719e91
./.git/refs/remotes/origin/dependabot/bundler/thruster-0.1.20	      41	       1	text/plain	497f72cfd644df7552e3ac44975fa2c10469bbf2
./.git/refs/remotes/origin/dependabot/github_actions/actions/cache-5	      41	       1	text/plain	074dc253205783d9e881bc85929699cae904bce0
./.git/refs/remotes/origin/dependabot/github_actions/actions/upload-artifact-7	      41	       1	text/plain	e0ce3b379116367e90ed137ce0d66d4aefdbf48e
./.git/refs/remotes/origin/main	      41	       1	text/plain	b64359c1a56e6811179596cee19e68e6329902ad
./.git/refs/stash	      41	       1	text/plain	7ade4a52931ae8635975066f0371210bfcfd17e0
./.gitattributes	     348	       9	text/plain	778423972504d5750cabfcf0b68e33ef3790c637
./.github/dependabot.yml	     247	      12	text/plain	1ba2820d977c35de461d77410d87817cc5608218
./.github/workflows/ci.yml	    4194	     152	text/plain	5dd7f3f5b9150971e0c2abbec3377952f947753b
./.gitignore	     840	      41	text/plain	1bb09cae7edf17efa863616734d993b5ea276fb7
./.kamal/hooks/docker-setup.sample	      51	       3	text/x-shellscript	f3275dda6def7f34c6a531255824f01c53d2bcce
./.kamal/hooks/post-app-boot.sample	      71	       3	text/x-shellscript	d6d23876f3833cd9c164f778645e37f89ad63f8f
./.kamal/hooks/post-deploy.sample	     319	      14	text/x-shellscript	3d535981d8a73e349e20f4670622dcb1a2a35a60
./.kamal/hooks/post-proxy-reboot.sample	      55	       3	text/x-shellscript	c3ae84e993f825b41bb26b494a454cdb1e661e83
./.kamal/hooks/pre-app-boot.sample	      72	       3	text/x-shellscript	47fbb095ab114ee402ba006145b5d5b5fd9ef245
./.kamal/hooks/pre-build.sample	    1103	      51	text/x-shellscript	c9177d77cbe31044cec743bc79f4bab70415ff00
./.kamal/hooks/pre-connect.sample	    1039	      47	text/x-ruby	bd268810a5e6177322dd82e3768aaaab8d1316c6
./.kamal/hooks/pre-deploy.sample	    2833	     122	text/x-ruby	a58b4b02dc33f317bbedaa690f3d6a3c0fad0add
./.kamal/hooks/pre-proxy-reboot.sample	      59	       3	text/x-shellscript	3c1ecc644962cf4032d1554108e3ef22705e1198
./.kamal/secrets	    1165	      20	text/plain	738646b9f8faf18a02db7a02d1bd3f6f5f513d75
./.rubocop.yml	     249	       8	text/plain	9bab924be56c62afe7ee5d4162179c050db44a95
./.ruby-version	       6	       1	text/plain	aad4b1794658c3779ae33c0b5e18b1246635e0f3
./Dockerfile	    2824	      77	text/plain	52375fc647f99025b8a44910712d174e7cf6f7b3
./Gemfile	    2475	      66	text/plain	0de142ff7ca95c537ab03d54999d8197bf1a0cf9
./Gemfile.lock	    9612	     403	text/plain	35eed9d93ca99e80d4161dec150109b1fb0dc2a5
./Nexus.code-workspace	      43	       6	application/json	a3d1eaef9261b75b7242a4089c5819110eaa8ba7
./README.md	    2609	     105	text/plain	81b0af80e0ec630ec09bf037514dd0590169f256
./Rakefile	     227	       6	text/plain	862d99560701f18b30b28d0e2384a27b46db5a12
./app/.DS_Store	    8196	       2	application/octet-stream	f07e64884047b9b52c8d8e9b08bf7e64f020cbf8
./app/assets/.DS_Store	    6148	       3	application/octet-stream	22ab9890fad4f25e656860928c993603eb8d2534
./app/assets/icons/id_card_24dp_E3E3E3_FILL0_wght400_GRAD0_opsz24.svg	     510	       1	image/svg+xml	5317e6241732b8cbf7f450d65f02e1f8aad23f0f
./app/assets/icons/lock_reset_24dp_E3E3E3_FILL0_wght400_GRAD0_opsz24.svg	     665	       1	image/svg+xml	231d2c91fafe03af86d20d015aeb9ca5f2740dc4
./app/assets/icons/logout_24dp_E3E3E3_FILL0_wght400_GRAD0_opsz24.svg	     278	       1	image/svg+xml	0c3ec56fce265a58fd3342c6be98113761c8b9b6
./app/assets/icons/material-symbol-account-circle-24.svg	     810	       1	image/svg+xml	efdbbf9552da81526b42e49b7eae5048ef59f442
./app/assets/icons/material-symbol-add-24.svg	     184	       1	image/svg+xml	35433332b2952910f0ca74062427088ab5136113
./app/assets/icons/material-symbol-apps-24.svg	    1156	       1	image/svg+xml	1239ce17d8cc4ce90d5be31184184c316358ff72
./app/assets/icons/material-symbol-arrow-back-24.svg	     191	       1	image/svg+xml	435f230474da248bcc659b511198fbf081ac3a57
./app/assets/icons/material-symbol-call-to-action-24.svg	     308	       1	image/svg+xml	79d14be6979d7098f001625ea56569332b6751d5
./app/assets/icons/material-symbol-check-24.svg	     180	       1	image/svg+xml	1093d2d03c8ce097c5ce99677c99df513fadd2c4
./app/assets/icons/material-symbol-circle-outline-24.svg	     405	       1	image/svg+xml	d87f7e938f4b363e90ec26a00381db1e9144809b
./app/assets/icons/material-symbol-close-24.svg	     224	       1	image/svg+xml	9422a79ae7eeb40b4a0a3620cd49c0844ee32255
./app/assets/icons/material-symbol-content-copy-24.svg	     346	       1	image/svg+xml	fa86aad5de61f8d592c91bc489020fdb56cc3058
./app/assets/icons/material-symbol-delete-24.svg	     321	       1	image/svg+xml	9b5a25163f4b3811bb8406f61829084953b72d65
./app/assets/icons/material-symbol-desktop-windows-24.svg	     336	       3	image/svg+xml	fa252d8e5cc3d8d7040c340ec75f60e21fd1f126
./app/assets/icons/material-symbol-dock-to-right-24.svg	     309	       1	image/svg+xml	7e84ab44663bc1c0b4b9f23863b44f3e4059a012
./app/assets/icons/material-symbol-edit-24.svg	     331	       1	image/svg+xml	cfb05a2d1b05e2a633dc839edc510b5f6cc664a9
./app/assets/icons/material-symbol-edit-note-24.svg	     400	       1	image/svg+xml	e99a257c601f7cece9a61da5f093dd0721b4709f
./app/assets/icons/material-symbol-face-2-24.svg	    1405	       1	image/svg+xml	0b5b28869c41d9517dc66796348e53266b9bce4e
./app/assets/icons/material-symbol-face-24.svg	     869	       1	image/svg+xml	72598572077e8b8bb170dcb013a61a3ab79fc87d
./app/assets/icons/material-symbol-face-3-24.svg	     972	       1	image/svg+xml	58be993a997d19e5bd245436534c9a80181d2572
./app/assets/icons/material-symbol-face-4-24.svg	    1040	       1	image/svg+xml	ad3578dd7069515465b560fdb873aa4d3109d8a2
./app/assets/icons/material-symbol-face-5-24.svg	    2682	       1	image/svg+xml	6db1d496994eb536c1b5f7ee5112ae809feb02db
./app/assets/icons/material-symbol-face-6-24.svg	     887	       1	image/svg+xml	be8fd3bf0563f4286bcf4d42a55662bbf051b479
./app/assets/icons/material-symbol-favorite-24.svg	     510	       1	image/svg+xml	93b7d22c117e7838ceda7923768fd18917f945b4
./app/assets/icons/material-symbol-file-document-24.svg	     335	       1	image/svg+xml	bb9f9a7d6866a153a6b0506c329233126d9741bf
./app/assets/icons/material-symbol-folder-24.svg	     303	       1	image/svg+xml	e3e1bf4afd5a55281a599be118d26deea0d37830
./app/assets/icons/material-symbol-graphic-eq-24.svg	     251	       1	image/svg+xml	2217abfbe82ae349c671c32aa71c926d25d1f44c
./app/assets/icons/material-symbol-grid-off-24.svg	     478	       1	image/svg+xml	89522ca6830d9a29fd91c7a4852d274b0b7128a0
./app/assets/icons/material-symbol-grid-on-24.svg	     465	       1	image/svg+xml	08ab19e99f1a537a01e5aed398ccda01e0d78540
./app/assets/icons/material-symbol-ink-eraser-24.svg	     314	       1	image/svg+xml	7ec951d79fccce8100891ad7dfc32a228d046973
./app/assets/icons/material-symbol-keep-24.svg	     260	       1	image/svg+xml	d9d2d8d02fba3e0fcaaee06ac1d11ece0cfa6944
./app/assets/icons/material-symbol-keep-off-24.svg	     321	       1	image/svg+xml	8657f9facbcfdbb4c0cf80d1c49aec6ec197fa7b
./app/assets/icons/material-symbol-lock-reset-24.svg	     670	       1	image/svg+xml	9f4c2da5d3aa51bc4d56953aca0c130f7f1580d9
./app/assets/icons/material-symbol-logout-24.svg	     283	       1	image/svg+xml	97d8740609bc199a78e8881efe70c205bf9cc0ab
./app/assets/icons/material-symbol-menu-24.svg	     195	       1	image/svg+xml	23349b8f1f27296c20bfe15aadd274416af12fc5
./app/assets/icons/material-symbol-monitoring-24.svg	     343	       1	image/svg+xml	810f9d39e405883c2109a862ac36a9235bb80b3e
./app/assets/icons/material-symbol-music-note-2-24.svg	     340	       1	image/svg+xml	7cf99e6e56d04782b319501c5ca8c0ded8f0961c
./app/assets/icons/material-symbol-open-in-new-24.svg	     302	       1	image/svg+xml	7446cdb3119011a15308a02cc4a3597135babcbf
./app/assets/icons/material-symbol-overview-24.svg	     552	       0	image/svg+xml	6a9381225016179d158b2ea0d425e6494db44074
./app/assets/icons/material-symbol-palette-24.svg	     891	       1	image/svg+xml	eeac703e8a18d4d63387baa6aebe92dea5a3b9fa
./app/assets/icons/material-symbol-pause-24.svg	     256	       1	image/svg+xml	162c9da37c9a440632c2d4713af89463a95209d8
./app/assets/icons/material-symbol-play-arrow-24.svg	     192	       1	image/svg+xml	451e4694ad2fd65ba210cbb299e788c0dd024cd6
./app/assets/icons/material-symbol-refresh-24.svg	     335	       1	image/svg+xml	8b97b2730673b8ae17a5725677089977d33524a9
./app/assets/icons/material-symbol-remove-24.svg	     151	       1	image/svg+xml	6420e6f2c2a2de326be14fdd0922029007aeb130
./app/assets/icons/material-symbol-save-24.svg	     395	       1	image/svg+xml	007693360a6f8384ad4fd38eac28dbcf2e9cb35f
./app/assets/icons/material-symbol-save-as-24.svg	     580	       1	image/svg+xml	dfaa16b2ff8e3b9a675001b739bc42e06a2b3599
./app/assets/icons/material-symbol-settings-24.svg	     773	       1	image/svg+xml	6a4a1a981847cee48f0d407af7b5e93039380a61
./app/assets/icons/material-symbol-star-outline-rounded-24.svg	     559	       1	image/svg+xml	7a549f63a2641c5f33490290f928ebe6721dc09f
./app/assets/icons/material-symbol-star-rounded-24.svg	     445	       1	image/svg+xml	499d178480350059348f6efbb477b1371d760f8a
./app/assets/icons/material-symbol-sticky-note-24.svg	     389	       1	image/svg+xml	28e11d45b0e4b15486ab742bb8510eaf5da24128
./app/assets/icons/material-symbol-stop-24.svg	     194	       1	image/svg+xml	b6e2eb9595395e3909226abb980866dc7c6df7b2
./app/assets/icons/material-symbol-task-checklist-24.svg	     270	       1	image/svg+xml	05d7878b7f014d5d4a36f4aef75e6be77e2e9bd2
./app/assets/icons/material-symbol-theme-builder-background-24.svg	     369	       1	image/svg+xml	3ac2d274da7cb5e340d810f7c557de45a43929d5
./app/assets/icons/material-symbol-theme-builder-content-24.svg	     575	       1	image/svg+xml	8b489cec30361d4a6376b7bef0f0709b8f8bb01d
./app/assets/icons/material-symbol-theme-builder-shell-24.svg	     288	       1	image/svg+xml	aae56a76a16f6dc0d2176f966ffaf61a17b95197
./app/assets/icons/material-symbol-timer-24.svg	     511	       1	image/svg+xml	01c4b7f53a0e5dac6ec8b9812e7ff4425a4a85ac
./app/assets/icons/material-symbol-tune-24.svg	     314	       1	image/svg+xml	06a5853dd723988e83b008df865cadb25cafef54
./app/assets/icons/material-symbol-wallpaper-24.svg	     496	       1	image/svg+xml	2cdf3fbfb2df40f3173db937a4bd4de999a820c4
./app/assets/icons/visibility_24dp_E3E3E3_FILL0_wght400_GRAD0_opsz24.svg	     615	       1	image/svg+xml	f8c9982458310bba460fab3136b2589ce71d75f7
./app/assets/icons/visibility_off_24dp_E3E3E3_FILL0_wght400_GRAD0_opsz24.svg	     676	       1	image/svg+xml	404a3b18d4b2fb391c91a4b0000f33fbb88b1240
./app/assets/images/.keep	       0	       0	inode/x-empty	da39a3ee5e6b4b0d3255bfef95601890afd80709
./app/assets/images/nexus_account_circle.svg	     790	       1	image/svg+xml	fa21bc9781d7bc1ddebe5d269123952818ccbf0c
./app/assets/images/symbols/.keep	       0	       0	inode/x-empty	da39a3ee5e6b4b0d3255bfef95601890afd80709
./app/assets/images/symbols/png/.keep	       0	       0	inode/x-empty	da39a3ee5e6b4b0d3255bfef95601890afd80709
./app/assets/images/symbols/png/slider-thumb-mac.png	   45722	     166	image/png	33a9b0635d5d4dc1ff620276732eb00896b90ed9
./app/assets/images/symbols/source/.keep	       0	       0	inode/x-empty	da39a3ee5e6b4b0d3255bfef95601890afd80709
./app/assets/images/symbols/svg/.keep	       0	       0	inode/x-empty	da39a3ee5e6b4b0d3255bfef95601890afd80709
./app/assets/images/symbols/svg/db-health-bars.svg	     305	       5	image/svg+xml	f86e5add3c8336605cf04cd2dde9ebc17478238e
./app/assets/stylesheets/Nexus.Workspace.code-workspace	      67	       7	application/json	e86e07efc7897557da7f904dd406eb2b1ce1d54d
./app/assets/stylesheets/application.css	  203198	    7715	text/plain	bd36863d4c5f8d18799abc481c1ccf4b5655ee3e
./app/controllers/application_controller.rb	     729	      30	text/x-ruby	b925e18763207baf3f7a0a5d1dc392676fdfd40b
./app/controllers/apps/audio_controller.rb	    1050	      38	text/x-ruby	246abe3bf8c0304f68d7f08fe9f48c0974412026
./app/controllers/apps/base_controller.rb	     407	      18	text/x-ruby	7c543ec7314163d64e11d331ae880badbbbaa343
./app/controllers/apps/finder_controller.rb	   13140	     382	text/x-ruby	fa2e6ffc192b9e75d2b47ef15313c77af1d91606
./app/controllers/apps/images_controller.rb	    1002	      36	text/x-ruby	9a3c524c1d026e108e2bffeb1afc0e3fe03e4e52
./app/controllers/apps/notes_controller.rb	    1002	      35	text/x-ruby	4338afcaab816c5df00f740a2833a16c6e5ebcc1
./app/controllers/apps/tasks_controller.rb	    4493	     146	text/x-ruby	e2e5d095e5f31cfbf74f7d1ee07a0db5bf21b4c5
./app/controllers/apps/time_card_controller.rb	     971	      34	text/x-ruby	2188edc5a1537dc5b2ed7c75dc5110171dfdfd70
./app/controllers/apps/user_controller.rb	    1227	      45	text/x-ruby	71355e13d3d9b6ee4dcdfb81fa7f1888990e6653
./app/controllers/apps/wallpaper_iimage_controller.rb	    1381	      45	text/x-ruby	bf0fa3d742444c668d5354c15889976b4bb6efae
./app/controllers/concerns/.keep	       0	       0	inode/x-empty	da39a3ee5e6b4b0d3255bfef95601890afd80709
./app/controllers/documents_controller.rb	   15080	     537	text/x-ruby	4097a756016ebff212cca88412df938fc0dc12a8
./app/controllers/sessions_controller.rb	     623	      28	text/x-ruby	0ab363a68f9bf801c0572ab603d836cd63056a40
./app/controllers/workspace_preferences_controller.rb	    1312	      40	text/x-ruby	054a4ceb0da7c3d18f65371a873053846d25bc16
./app/helpers/application_helper.rb	    3919	     104	text/x-ruby	8e7f2b9c6a2a2eb5c8dae32f14decdc8531f7a90
./app/helpers/material_icons_helper.rb	    1061	      28	text/x-ruby	67c6ce6c0ea2c3d378efe11dc0c96b29f68f2dec
./app/helpers/nexus_ui_helper.rb	     478	      13	text/x-ruby	dcf9ebc4dbec878bf47496d157193acfbccf9734
./app/javascript/application.js	     157	       3	text/plain	71cc3ac8c00a1b68a53eca7aa49b154c8a5d858b
./app/javascript/controllers/application.js	     218	       9	text/plain	a45fcffa4627508814a7727d04043357d1dcedbe
./app/javascript/controllers/audio_controller.js	   20423	     618	text/plain	53cd8c7efd1cc55f4727d3b4e25d5666ccc0c76b
./app/javascript/controllers/auth_menu_controller.js	    1048	      39	text/plain	5525c31f34fd468ba10df39957acba831b374d04
./app/javascript/controllers/autosave_controller.js	    5474	     183	text/plain	8e4d5a2b1a63c95bc108526db22cf2ff422c442d
./app/javascript/controllers/clock_controller.js	     495	      20	text/plain	5a4cb30597aa0e56fc53195b3356183fb7fdbc5a
./app/javascript/controllers/content_window_controller.js	  101015	    2605	text/plain	9b054ffa1666b6f67a3c89e893ad4e6029b683b7
./app/javascript/controllers/desktop_clock_controller.js	    1032	      36	text/plain	1d58af17d8afaea0b9e28ceb7db4de95795b3e7a
./app/javascript/controllers/desktop_selection_controller.js	    8935	     240	text/plain	d6f619e221b0beed2dcc5639cf2f8550c328d2be
./app/javascript/controllers/file_field_controller.js	     375	      15	text/plain	98316297a4fcf6e33090711748b6537d5409c385
./app/javascript/controllers/finder_browser_controller.js	   27531	     803	text/plain	ab94fda6b47f6cf70580682ef6ae9572943aa532
./app/javascript/controllers/finder_toolbar_controller.js	     485	      15	text/plain	6305ab11c1dccf37686582b0ed7f527bb515de50
./app/javascript/controllers/finder_tree_controller.js	   17748	     528	text/plain	60c5ed110cfbff85776628b8837d278fb42c7ee4
./app/javascript/controllers/flash_controller.js	     508	      18	text/plain	10983a7ba47a22f14ce370e4c03eb30e0ee77a94
./app/javascript/controllers/folders_controller.js	    1002	      39	text/plain	f82fd30aaa6e72e80cbc780d1005bfc70f82f9ab
./app/javascript/controllers/index.js	     272	       4	text/plain	f97428f235641f2d85c909d1387347e64ca4b908
./app/javascript/controllers/item_creator_controller.js	    2803	     102	text/plain	db6379fbfe6dd409b28e60c5ffa950fbd9f7062b
./app/javascript/controllers/note_editor_controller.js	    3065	     126	text/plain	bc41830ef7db29c6367a0eaeed7d04dba6eabe4c
./app/javascript/controllers/notes_editor_controller.js	    1026	      38	text/plain	a74b980cae0b7b557d47ffcf0588b61cdd7a5844
./app/javascript/controllers/organizer_controller.js	    7336	     211	text/plain	442ebb2785855ec9d8f6eb18792dd40313afe341
./app/javascript/controllers/organizer_lock_controller.js	     582	      24	text/plain	cf94de776fd94412f0d6d456754d134668d69ace
./app/javascript/controllers/recent_docs_controller.js	   22861	     707	text/plain	ec3680330c4984835cccd0149c02c694167d9dec
./app/javascript/controllers/rename_controller.js	    9964	     338	text/plain	3036212a09da6acc63dc19314dbc82b116101eb6
./app/javascript/controllers/side_panel_controller.js	    3037	     106	text/plain	0da7064d0877207ae16c693899d6c930fd2b0094
./app/javascript/controllers/side_panel_search_controller.js	    5091	     178	text/plain	28d8872bfe1b0dc118d8651a88b2d9f455eec7e0
./app/javascript/controllers/stationary_controller.js	    9889	     275	text/plain	5ab13fe415d0484cf976321565994893ea806e69
./app/javascript/controllers/task_list_controller.js	   15374	     466	text/plain	fe54adb5b24f0aee56f9d2f2f98efcd51f404ca6
./app/javascript/controllers/task_list_editor_controller.js	   42209	    1254	text/x-Algol68	7094eee62ce89810ca788c4da5b374da5e594ac4
./app/javascript/controllers/theme_builder_controller.js	   35553	     879	text/plain	af743bb53ac76b55e6e89e03fdd1b357f15838cb
./app/javascript/controllers/time_card_controller.js	   33911	     985	text/plain	9f523000e1e8e1809a542a0007314d7c768c08dd
./app/javascript/controllers/title_editor_controller.js	    1713	      61	text/plain	8934d61d82e71dee8e33f29d314a16f95218baa5
./app/javascript/controllers/tool_window_status_controller.js	    1405	      57	text/plain	cfb2b48dbe0efd66feb12e46f5deb029aa995920
./app/javascript/controllers/user_security_modal_controller.js	   12794	     399	text/plain	1973228fbe838d9d85e94176e227735cef43fd05
./app/javascript/controllers/user_settings_controller.js	    1662	      56	text/plain	4944c8eca9c65c0b98cece7d941580ea3e8f3ff0
./app/javascript/controllers/wallpaper_iimage_controller.js	   17478	     505	text/x-Algol68	bd21507569e99a50be155bdff58d76aeb0c72428
./app/javascript/controllers/window_manager_controller.js	    1715	      51	text/plain	272cb67fe73413490a68b39c951f771cda256838
./app/javascript/controllers/workspace_draft_tracker_controller.js	    5107	     125	text/plain	c2d97a067f31e0407c9812773c71d2226e2cb92d
./app/javascript/lib/desktop_shell_metrics.js	    1481	      41	text/plain	8273dff08967153b57940af37ab110bf1d99b5a4
./app/javascript/lib/finder.js	    3139	      96	text/plain	d601498028aad6d64ae900b1d1aeef2a2a2c78a2
./app/javascript/lib/linked_app_host_events.js	    1462	      38	text/plain	116bfb6eae4f2244261201de66b182dfe858e412
./app/javascript/lib/linked_app_picker_draft.js	    1072	      37	text/plain	ab4e423fe2754e868b0b969af424b8aee29ffded
./app/javascript/lib/material_symbols.js	    5688	      59	text/plain	dfb6e46883cb18d027d36629032647c9d1365b34
./app/javascript/lib/nexus_desktop_layers.js	     128	       3	text/plain	ff3db52ebc9b4f61dc589bc2522f1a2412de78da
./app/javascript/lib/nexus_ui.js	     189	       4	text/plain	7e27ca798364b743a2ebb281f0802a3ac979d882
./app/javascript/lib/nexus_workspace_chrome.js	    6758	     182	text/plain	ac8ec6768c699472128004c3ae4c81511dade404
./app/javascript/lib/organizer_animations.js	    1309	      41	text/plain	5e97bad2c438848c8d19aeaa1a5613e5c48557e0
./app/javascript/lib/os_window_sizing.js	    4021	     138	text/plain	0597344c58ccfb4024940d05779e7d1967554a73
./app/jobs/application_job.rb	     269	       7	text/x-ruby	2d7aea448b6f7b6a9c182cd5369df41b5f338a7c
./app/mailers/application_mailer.rb	     103	       4	text/x-ruby	bfdb2445ec3acab1cc281251f40b876dfb059eb6
./app/models/application_record.rb	      74	       3	text/x-ruby	3ddc096670c55bf364746588cd1f8471008ca6e8
./app/models/concerns/.keep	       0	       0	inode/x-empty	da39a3ee5e6b4b0d3255bfef95601890afd80709
./app/models/current.rb	     163	       5	text/x-ruby	a1205cbc75b5917f7e3dd77fc3edba809dcdc05e
./app/models/document.rb	    6074	     204	text/x-ruby	df1046e23bb2eb176aae107c6ade2e4b748ba7e4
./app/models/user.rb	    2232	      68	text/x-ruby	3322f55360b9e377a8229b20e6d1c75d41d88699
./app/policies/document_policy.rb	    2320	      95	text/x-ruby	334d7b3503949b98a14889079e03a9ea356edd9b
./app/services/apps/open_linked_document.rb	    1052	      40	text/x-ruby	1d6b760aca45c524e973158a4eb1288362ab2b19
./app/services/apps/user/update_password.rb	    1203	      34	text/x-ruby	6f9da0afae2d452c0373faf14c5531cd850078c5
./app/services/apps/user/update_username.rb	    2067	      59	text/x-ruby	ea11cd44a85e5d555f90798dd714c272a3581013
./app/services/document_disk_loader.rb	   12944	     454	text/x-ruby	bd4998aacc0686f32c94cd40967db6d8eb712bcb
./app/services/document_persistence.rb	    3319	     116	text/x-ruby	013d0c486163de054082af1f53e9958032b2b2c3
./app/services/document_storage_sync_lite.rb	   10363	     353	text/x-ruby	fac0b71be3c15dd31712a8f4ef81e88518466dba
./app/services/documents/create_file.rb	    1816	      67	text/x-ruby	dba3b14c2427dfca64fbdbd6df38454b205f997d
./app/services/documents/create_subfolder.rb	    1124	      29	text/x-ruby	c4da7db9f3e24ad59cf33c8cf6d4417a9525d10d
./app/services/documents/move_document.rb	    2922	      69	text/x-ruby	a2da84c851ce2ad2c51a5a74065925b3cf90ff62
./app/services/documents/upload_files.rb	    5101	     149	text/x-ruby	2849553cd7746084c3427b607fcb8affb7d5b44c
./app/services/embedded_draft_document.rb	    3885	     148	text/x-ruby	bae687146171bb4bb3d005b12023af799002d78a
./app/services/embedded_iimage_folder.rb	    2518	      77	text/x-ruby	47431a8321f3c2c9ecdda9c6da16b4f560babb66
./app/services/finder_listed_folders.rb	     507	      14	text/x-ruby	1599dbf3e377894bc0697aca98339e01699aee51
./app/services/finder_workspace_initializer.rb	    5121	     163	text/x-ruby	27fd584b701a26df832fef25bca3d7fcf12ccb14
./app/services/linked_app_save_to_document.rb	    3851	     113	text/x-ruby	f0ddb54cbba51ab651582b082a4379dcf0eac898
./app/services/nexus_file_format.rb	     997	      32	text/x-ruby	03d25868eaed9e7955ae127c497420a17e0d742a
./app/services/note_rtf_converter.rb	   11492	     425	text/x-ruby	190333de6930ecfd79559d9645d6dbaa1eb4ecfd
./app/services/support/operation_result.rb	     307	      17	text/x-ruby	205fa333d0bff4a4c573dff868e134e7954a0e0e
./app/services/tasks/save_file.rb	    2566	      87	text/x-ruby	898796e7c4cdd4cc2753f871ae863de951f8fe06
./app/services/time_card_document_codec.rb	    4501	     179	text/x-ruby	9fcf0f51aa8738a50a17eb10f53bf3c789327bc9
./app/services/welcome_workspace_seed.rb	    2229	      75	text/x-ruby	aefc0240ee9a282f4edafe7ff83f9503c3d34768
./app/services/workspace_document_access.rb	     925	      29	text/x-ruby	fd98b0e5e62e081fb7010fc6e3e5dfbe18735634
./app/services/workspace_preferences/manager.rb	   13614	     384	text/x-ruby	1efaffa9536a7d1bfdd0c57c1ecda42d77d2aeef
./app/services/workspace_theme_boot.rb	    3691	     112	text/x-ruby	c323e147449bd33ec673fab389106565a5034de7
./app/services/workspace_user_folder_rename.rb	    2409	      86	text/x-ruby	909ed09297fc466a029e31271528f1836c482926
./app/views/apps/audio/show.html.erb	    1702	      42	text/plain	7ac5c540cbe58534409b666429cd6737c8379abe
./app/views/apps/finder/_tree_node.html.erb	    9874	     198	text/plain	a03b4ad7226994e211d4a1a60ea83d021efbd3b1
./app/views/apps/finder/show.html.erb	    3738	      65	text/plain	632163fe50ef57fe6a7ea89056fe70dd8d984381
./app/views/apps/images/show.html.erb	     748	      20	text/plain	eeed7dc8dccb59e48cf99fb68b8b020618ec5fe2
./app/views/apps/notes/show.html.erb	    1264	      27	text/plain	b2adada4098cb2e49973e872f8ec60929dbeb66f
./app/views/apps/tasks/show.html.erb	    5216	      55	text/plain	c9770f0233c0110b84ee4a327d96ba522218dc6b
./app/views/apps/theme_builder/_studio.html.erb	   13623	     354	text/plain	58a5fd93443c177fdc80c45d4895ba2aea6f66b2
./app/views/apps/time_card/show.html.erb	    2570	      45	text/plain	8d93f02ab91a37becabcb88835e3d1cdf4bb2cf3
./app/views/apps/user/_panel.html.erb	    1626	      38	text/plain	bdc935cf4772400f08fd4df0c6a5737b27e6cbad
./app/views/apps/user/_security_modals.html.erb	   11492	     166	text/plain	6fabd83307a0fb3dbebbe22659dcb28e785750dd
./app/views/apps/user/show.html.erb	     468	      10	text/plain	8e9c8c1941e4aab5c18f6fe90b90e057920257f0
./app/views/documents/_folder_file_list.html.erb	    2056	      42	text/plain	fa853a59a20e1829ff06b8b3e2ce3ad44eccd566
./app/views/documents/_organizer.html.erb	    6798	     117	text/plain	cd4a68886cc0bbc4b070349b47e84f33e223ca10
./app/views/documents/edit.html.erb	    6575	     117	text/plain	fb64d23cfb240ea42aaa58949178b0091882cfcb
./app/views/documents/index.html.erb	     104	       1	text/plain	feb185697d16e20263f1f68f7e148afa8a6b91ae
./app/views/documents/new.html.erb	     310	      10	text/plain	6264fc99cb916c14f129ca0fccb225eeaf4cd454
./app/views/layouts/application.html.erb	   18946	     203	text/html	2fc8bba104ea9fa3b01f006e32aef0bfc36635be
./app/views/layouts/finder_embed.html.erb	    2567	      80	text/html	a9935fd8812b38227260d2af13ba72fb69747847
./app/views/layouts/mailer.html.erb	     227	      13	text/html	0c8c4028acd03cf560d4fe0888b2d596a53ef60d
./app/views/layouts/mailer.text.erb	      13	       1	text/plain	d6151fa668d5bc2aa56748d299f9604c85c4624c
./app/views/pwa/manifest.json.erb	     322	      16	application/json	a359deca6e70d494dde2c50c4c53f01295c5e7cb
./app/views/pwa/service-worker.js	     876	      26	text/plain	a0cc518d5a2a57c5abefc3f6cff2ff051306236e
./app/views/sessions/new.html.erb	    1003	      23	text/plain	9d09755a1b86677211cb180858905503e2ac436a
./app/views/shared/_content_window_chrome.html.erb	    5933	     122	text/plain	bbdeff74a1f9af76f361875af831e1637d56f9eb
./app/views/shared/_content_window_close_button.html.erb	     202	       3	text/plain	18f5148e2f84bd634fa6be17bba05eb8b33f502e
./app/views/shared/_content_window_window_content.html.erb	     714	      24	text/plain	b573a7f45ddb7f730e756cfb0d420e6726ca4bbf
./app/views/shared/_content_windows_boot.html.erb	    5815	     163	text/html	1ba1104e915d46454a20b18d04c1f97171d8a390
./app/views/shared/_desktop_side_panel.html.erb	    6237	     137	text/plain	e7e06cd7b7b1768e1e752ac82631fcb93e6e274d
./bin/brakeman	     139	       7	text/x-ruby	66e36ea1b615238e6275be22658efad82449dc44
./bin/bundler-audit	     202	       6	text/x-ruby	fe8f39c834d10be0162a5cb53e3b4f4ccbde6d6a
./bin/ci	     180	       6	text/x-ruby	a17391bc64884aa23779f86906fa3d06f2beb5be
./bin/dev	      56	       2	text/x-ruby	13e80788a71265e04fdeb489e986e7ac3c4e3e5c
./bin/docker-entrypoint	     203	       8	text/x-shellscript	8f1c8a015b1b2d10486d949977cf0949c001669b
./bin/importmap	      91	       4	text/x-ruby	48383075742516b879fd70bb2c45c9f78528781a
./bin/jobs	     117	       6	text/x-ruby	6d4ed5ab950870ad6501185ee8238fdb8155fde7
./bin/kamal	     745	      27	text/x-ruby	45d6cd49ea9473d7c0aeec3e8efb48e5dde35d45
./bin/rails	     141	       4	text/x-ruby	804dec5eb18c2c592a443b453d2664d5c41f66a9
./bin/rake	      90	       4	text/x-ruby	8f3dd1327ff714c6f1fd7d430e3cbddd5274e410
./bin/rubocop	     266	       8	text/x-ruby	c67f6cb9780c9f0a7c12683f32fde5b2d4c752cb
./bin/setup	    1069	      35	text/x-ruby	f1284d15585b622161b4434b70a761bca3ce9ef6
./bin/thrust	     104	       5	text/x-ruby	ff964866905ebe48c4d687c3df038e22b963bd60
./config.ru	     160	       6	text/plain	1a818a9a90177d2d718174beb197a5b88efb05ca
./config/application.rb	     719	      25	text/x-ruby	eb4b3de3db35f183e969cc576c41e1ceed854a55
./config/boot.rb	     207	       4	text/plain	bbbab134cd41af4c66f113717a1c1dde6496c672
./config/brakeman.ignore	     454	      12	application/json	9d7c6fb61418bea6a15796ce83fa881ba390e9f7
./config/bundler-audit.yml	     399	      13	text/plain	1491f070514bf8ebba32ff992ac43ece015cf853
./config/cable.yml	     549	      17	text/plain	db481b3000e1aa1e49609979ff81505b5e94bd42
./config/cache.yml	     300	      16	text/plain	dbf8984d6a136a088832a22d914e93db12eaaaf6
./config/ci.rb	     885	      24	text/plain	0bf1d4c14f35488e75ff77056da0a044bff76bd8
./config/credentials.yml.enc	     256	       0	text/plain	a51b23faf90182aab863025d728f9fd6004a4818
./config/database.yml	     933	      31	text/plain	6a1e0e3307ae733c7294d832a09c83b1d26de5e5
./config/deploy.yml	    3746	     118	text/plain	3873249e43ac040bd4f9de9b60e47e8d46aaeaff
./config/environment.rb	     128	       5	text/plain	495f1b6856e6b720f0d318803b6f76f97c4ebead
./config/environments/development.rb	    3127	      83	text/plain	119ccd89e7f8e35f0abfb785063df70f03b875b7
./config/environments/production.rb	    3740	      90	text/plain	76f0584da7c5a71de577ed59dac87bec662413e6
./config/environments/test.rb	    2319	      53	text/plain	ada412d55dd197b59a667dbcfd1c4011d16f9695
./config/importmap.rb	     333	       8	text/plain	511f8423f8254b01a4b3764962fef5d357d0b044
./config/initializers/assets.rb	     296	       7	text/plain	3a92dc3d094af63710ae4c83be4161f3475f9c80
./config/initializers/content_security_policy.rb	    1332	      29	text/plain	12afd6346e8574eb2e2e0fd7d87772246ad86472
./config/initializers/document_policy.rb	     250	       5	text/plain	971b5f55ea87f966cef72c19976442001dfdd3d8
./config/initializers/filter_parameter_logging.rb	     468	       8	text/plain	a86d52d99c3e141c8e73e8d746a6ed075e17ac53
./config/initializers/inflections.rb	     649	      16	text/plain	c9863763c6e27a1fe763503699b1c1bd3a9826b1
./config/initializers/session_store.rb	      76	       1	text/plain	3536459c99d00547d034de1f3a6a8ea2e28b3ec8
./config/initializers/workspace_windows.rb	     226	       5	text/plain	cd8935e4eec5f100c3f4d6a4b65031386e3780ab
./config/locales/en.yml	       7	       1	text/plain	707d696e3f7b3fc99753bcc38d2c3754b24eae57
./config/puma.rb	    2090	      42	text/plain	ce466813115a383c490a1272ad5b484b8efd89e6
./config/queue.yml	     290	      18	text/plain	0f8aff81ab0d8fe0f327cedd3da3241acc255db7
./config/recurring.yml	     474	      15	text/plain	cc299698e357364c14c87979e1d660841e6df73c
./config/routes.rb	    1917	      52	text/plain	bd8cfad90fe4978d971fcadc4b4fed346330f8ae
./config/storage.yml	     811	      27	text/plain	7dee3d7024269588974bf35753731fb369ba55f0
./convo1.rtf	  107985	    1695	text/rtf	bbe6071fab8e172a0116e1650df8dc63e7e59f2f
./db/cable_schema.rb	     545	      11	text/plain	ae2d6865e2a76c8e43331c428996bac88186e559
./db/cache_schema.rb	     613	      12	text/plain	5aefcf595bb3486c96dc5f210743d5084a8c6542
./db/migrate/20260303040854_create_documents.rb	     257	      12	text/x-ruby	158da7300758e1597a2f279068e625d0ca5cfa3d
./db/migrate/20260306051805_add_versioning_to_documents.rb	     225	       7	text/x-ruby	871f5a65d65b2844abc6bb1d956a2a98ce2e98d7
./db/migrate/20260307000100_add_new_untitled_placeholder_to_documents.rb	     189	       5	text/x-ruby	13287813227f26f2168147999b8e72cdf8938c8c
./db/migrate/20260307001000_add_folder_and_storage_path_to_documents.rb	     259	       7	text/x-ruby	49a011834c4597e5502135748c989519cd1c2c7c
./db/migrate/20260311120000_refactor_documents_for_notes.rb	     582	      16	text/x-ruby	1b90706c1aa373515822ccfcbee8accd69c74add
./db/migrate/20260311200000_add_task_list_fields_to_documents.rb	    1785	      33	text/x-ruby	764ca5ea2ccd71e5fbe19da7ff90dc2a75e31c8e
./db/migrate/20260321210100_create_users.rb	     255	      12	text/x-ruby	43d478261421b56cf4b44d683a945c6f5ec903f4
./db/migrate/20260322063644_create_folders.rb	     156	       9	text/x-ruby	607ae4e887ede6a6c33c9cb8b430ed354b8eb850
./db/migrate/20260322063645_create_items.rb	     277	      13	text/x-ruby	f1e5777889272b72773323022db065eb7c272dc8
./db/migrate/20260326_setup_workspace_singular_items.rb	    1436	      47	text/x-ruby	fbc64b8b2ed2762706858cbaee088ac46d73dc4e
./db/migrate/20260403091500_add_username_to_users.rb	     245	       6	text/x-ruby	903f02cee597fc515613456804fe24e04a0b3f69
./db/migrate/20260404190024_add_settings_section_icon_to_users.rb	     145	       5	text/x-ruby	ce80eba9ffa378a74fde3dac5a1bdcadf4fe3180
./db/migrate/20260404211526_remove_settings_section_icon_from_users.rb	     153	       5	text/x-ruby	ff32f668607e227787687c608effde1c06251982
./db/migrate/20260404223000_migrate_whiteboard_to_stickynotes_remove_excalidraw.rb	     499	      20	text/x-ruby	2c59c5cee3c01bc992ecad2b8f68c65a1db2e008
./db/migrate/20260404240000_migrate_finder_desktop_documents_layout.rb	    1511	      38	text/x-ruby	1da1a12b83413a6f4f1d95f17b08111e12c81c7f
./db/migrate/20260405120000_set_default_admin_identity.rb	     622	      20	text/x-ruby	67ff3b4dbfdd1d9fffe0e419d0180426936d6bd1
./db/migrate/20260405123000_normalize_single_tenant_user_to_admin.rb	    1075	      30	text/x-ruby	5416ee5cf15f864840e1860695ad7ad5d0df6b28
./db/migrate/20260412120000_remove_note_items_after_notepad_removal.rb	     243	      11	text/x-ruby	340d184d8e1c32388bd906f62cde88dfcdf1da99
./db/migrate/20260413120000_remove_kanban_and_thought_wall.rb	     813	      28	text/x-ruby	229a75cf88a4b21408a4b60dad90be1360993dc8
./db/migrate/20260414120000_remove_stickynotes_feature.rb	     287	      12	text/x-ruby	b7780cc0ff21a43050f50197da5c383be8ac7e55
./db/migrate/20260423054209_add_is_favorited_to_documents.rb	     166	       5	text/x-ruby	3292d9fe4cbea5d7d59aa620b7dd92cd0df0e618
./db/migrate/20260425130000_drop_legacy_items_and_folders.rb	     497	      24	text/x-ruby	893f6f6e080fd19d4f607161c7ffe2fdc7cdb241
./db/queue_schema.rb	    6278	     129	text/plain	fcfd93d395669e99e956b0be6f47f4a798303c69
./db/schema.rb	    2130	      45	text/plain	7fe6703ad29a2427854fd6e4a9efd34b3f4e0762
./db/seeds.rb	     966	      27	text/plain	c5cc1a4410f7b345db4061ed7e6689195a025c67
./deploy.sh	    7390	     166	text/x-shellscript	67f9108a03c7a3ca16d62b98855793208ddf7feb
./deploy/deploy.local.env	     229	       5	text/plain	86bf96ddd712a8dd6eec596f1fbd1fc7cda82c8f
./deploy/deploy.local.env.example	     749	      17	text/plain	7ca66019a28ed3934c682930c073bb2dac73ad85
./deploy/deploy_github.sh	    2399	      81	text/x-shellscript	0b119168ec9ff3a7e8bee708eaec01a1c722e065
./deploy/deploy_server.sh	    6611	     181	text/x-shellscript	3b1191d3fb875f0d00487d5f3da675cabab55490
./deploy/load_deploy_env.sh	     288	      10	text/x-shellscript	2e98efc9462c06d56ce7779eaffbca8d8aef509f
./docs/COMMANDS.md	    5899	     216	text/plain	57ddf8b5792a3d03f3711b085a83c3c83a6b6c32
./docs/DEV_GUIDE.md	   12533	     330	text/plain	0da976a7ff6c07b0ff07e71f7374485cc1ee3d5c
./docs/NEXUS_REBUILD_PHASE1_AUDIT.md	    9591	     178	text/plain	7389502513454fefd91ccdf6369fa3791e6a268d
./docs/NEXUS_V1.code-workspace	      75	       7	application/json	41324e75a700656e0331370e07773164c58848ac
./docs/UI_GUIDE.md	    5375	     158	text/plain	8f4374a954063357074565ed5aeb9ad0f399ade7
./docs/audit/all_files.txt	  317151	    5355	text/plain	0972edd215704e3725421d361b9e5799a1d2bdb3
./lib/tasks/.keep	       0	       0	inode/x-empty	da39a3ee5e6b4b0d3255bfef95601890afd80709
./lib/tasks/ui_contract.rake	    2163	      79	text/plain	a2bc9e37da5306884d29c471676df05db043976b
./log/.keep	       0	       0	inode/x-empty	da39a3ee5e6b4b0d3255bfef95601890afd80709
./log/development.log	 60831869	  302468	text/plain	566a71436a4b7acb6a9301c5332d7f1f80e6d28b
./log/development.log.0	 104857789	  648307	text/plain	4280a25961162b1a3741fbc9898be491d343bfbd
./log/test.log	  452808	    2079	text/plain	9a7107ef885cd830c6c5d5e1d35842b1db8a1258
./log/test.log.0	 104857719	  380501	text/plain	77cac0d36b63949b376736b61e80d9558fe2b6bd
./public/400.html	    7054	     135	text/html	be5c31f963c9bdbeb922f9f2d90623dc76fe5d4e
./public/404.html	    5201	     135	text/html	e722901d7ee130b01b844fb30a14b1458c2632a5
./public/406-unsupported-browser.html	    7283	     135	text/html	114fe4585644170488fb9620bcfb7f58eb71866e
./public/422.html	    8747	     135	text/html	f121d854c03adfc26f060cbb34edcc3e44d6f211
./public/500.html	    8283	     135	text/html	5bc010079abb4c0c608e52731276be8ec0b98893
./public/favicon-32.png	   20966	      60	image/png	15f997e4bb35fc35ade24d3c234f93d85642cdda
./public/favicon.ico	   78582	      15	image/vnd.microsoft.icon	d9476e7a65db71c6297a1052c7819da25da03c57
./public/favicon.png	   20966	      60	image/png	15f997e4bb35fc35ade24d3c234f93d85642cdda
./public/fonts/pixChicago.ttf	   29964	      11	font/sfnt	8177c2289de2c7a9d252d85bddb93c708474899d
./public/icon.png	   20966	      60	image/png	15f997e4bb35fc35ade24d3c234f93d85642cdda
./public/icon.svg	 4382500	       2	image/svg+xml	c917a134b17edc975c7c23738b795bddef1d598f
./public/robots.txt	      99	       1	text/plain	5113189a8b72d2675781c9722fa061c7d8799a27
./script/.keep	       0	       0	inode/x-empty	da39a3ee5e6b4b0d3255bfef95601890afd80709
./storage/.DS_Store	   10244	       4	application/octet-stream	dde9c6e3de88bc886df737f906d6f6d52bb6c80c
./storage/.keep	       0	       0	inode/x-empty	da39a3ee5e6b4b0d3255bfef95601890afd80709
./storage/workspace/.DS_Store	   14340	       4	application/octet-stream	f16fc52d1804c78b6ab4fcbc98e89fdd1ca7b10f
./storage/workspace/Admin/.DS_Store	   14340	      11	application/octet-stream	17324a31a393024eaf05928062ab8a8a08f2e150
./storage/workspace/Admin/Embedded/LayoutThemes.txt	     549	      26	application/json	d35815251835aefe287c6d0e3aaa1da103ba8303
./storage/workspace/Admin/Embedded/Note Draft.rtf	     134	       2	text/rtf	7c7b4a162aca786470781c73ec6c3e96a1f7afc3
./storage/workspace/Admin/Embedded/Task Draft.txt	     193	       9	text/plain	1f67dc26df02ae411e68888ac3b477bb369596ad
./storage/workspace/Admin/Embedded/Time Card Draft.rtf	     286	       2	text/rtf	049945a64e24ccace21ac2980d8afb1648f57812
./storage/workspace/Admin/Embedded/Wallpaper/.DS_Store	    6148	       1	application/octet-stream	0745e9263042e2efecd9273774f524df8cebcd8a
./storage/workspace/Admin/Embedded/Wallpaper/Beach.jpg	  816336	    3573	image/jpeg	8b79c50ed1c15905d92af776160ff730a4898ed0
./storage/workspace/Admin/Embedded/Wallpaper/Forest.jpg	 6239080	   26527	image/jpeg	ba70a296149b0c52b63731b5dadbef740a991525
./storage/workspace/Admin/Embedded/Wallpaper/Mountain.jpg	 4474050	   16694	image/jpeg	5629ae9a1e257a5f04d1f40a94ea071a8bcee2b4
./storage/workspace/Admin/Embedded/Wallpaper/Night.jpg	 2198739	   10124	image/jpeg	7f4342611afe9cd421ca42e7fafd9f23528a1378
./storage/workspace/Admin/Embedded/Wallpaper/River.jpg	 4165148	   15494	image/jpeg	a6e7fabd0f68aab0670b3cbdc4cd7bc0135e5fe8
./storage/workspace/Admin/Embedded/Wallpaper/Snow.jpg	 1757333	    6872	image/jpeg	9c652e0e9dafee93ba2ff621ed1f393bedd7d507
./storage/workspace/Admin/Embedded/Wallpaper/Trees.jpg	 3178626	   11324	image/jpeg	e219e858135174f8aca649107a501dde74c57c67
./storage/workspace/Admin/Embedded/WorkspaceState.txt	     268	       9	application/json	cf2ed06834939f6a7747ad1aecfbc4dcb3f41a2e
./storage/workspace/Admin/Finder/Audio/.DS_Store	    6148	       3	application/octet-stream	dbcd8fb6efa954f4763220307fdf7cde296e1c3a
./storage/workspace/Admin/Finder/Audio/Loops/mushroom.mp3	  440122	    1957	audio/mpeg	8e0d0d751a15462babac7c87fc869ee919d8e6b5
./storage/workspace/Admin/Finder/Images/.DS_Store	    6148	       7	application/octet-stream	e9ea3270e9553e95ee0c6d5baf595b54ed0fbad9
./storage/workspace/Admin/Finder/Images/Wallpapers/Beach.jpg	  816336	    3573	image/jpeg	8b79c50ed1c15905d92af776160ff730a4898ed0
./storage/workspace/Admin/Finder/Images/Wallpapers/Forest.jpg	 6239080	   26527	image/jpeg	ba70a296149b0c52b63731b5dadbef740a991525
./storage/workspace/Admin/Finder/Images/Wallpapers/Mountain.jpg	 4474050	   16694	image/jpeg	5629ae9a1e257a5f04d1f40a94ea071a8bcee2b4
./storage/workspace/Admin/Finder/Images/Wallpapers/Night.jpg	 2198739	   10124	image/jpeg	7f4342611afe9cd421ca42e7fafd9f23528a1378
./storage/workspace/Admin/Finder/Images/Wallpapers/River.jpg	 4165148	   15494	image/jpeg	a6e7fabd0f68aab0670b3cbdc4cd7bc0135e5fe8
./storage/workspace/Admin/Finder/Images/Wallpapers/Snow.jpg	 1757333	    6872	image/jpeg	9c652e0e9dafee93ba2ff621ed1f393bedd7d507
./storage/workspace/Admin/Finder/Images/Wallpapers/Trees.jpg	 3178626	   11324	image/jpeg	e219e858135174f8aca649107a501dde74c57c67
./storage/workspace/Admin/Finder/Notes/.DS_Store	    6148	       3	application/octet-stream	f1149e9c59314e50ec48e2662e4b51d2022c9724
./storage/workspace/Admin/Finder/Tasks/.DS_Store	    6148	       3	application/octet-stream	2741f759f8a1e4abfa879e9a49213b2ab404ad47
./storage/workspace/Admin/Finder/Tasks/Kanban/Backlog.txt	     199	      10	text/plain	23ed56d24b202a6d0144d379a38436f8fd863392
./storage/workspace/Admin/Finder/Tasks/Kanban/Completed.txt	     192	       9	text/plain	88549f1b2876e1711d58acfff40a8ed9f9df5e46
./storage/workspace/Admin/Finder/Tasks/Kanban/Processing.txt	     201	      10	text/plain	89f5685297accfd99f207523ba7fd0cc20a18a3a
./storage/workspace/Admin/Finder/Time Card/Entrees/4.29.2026.rtf	     875	       2	text/rtf	60a99441cacf9cd4b7d682f739640abbff9062dd
./storage/workspace/Embedded/LayoutThemes.txt	    1071	      48	application/json	0666ede5b2948141c0645c6341d66ecf40641f02
./storage/workspace/Embedded/WorkspaceState.txt	      35	       3	application/json	8fd2065bbc3fab59468ec83c252ce2c54a7ee658
./storage/workspace/apps_open_user_0384ff4f/Embedded/LayoutThemes.txt	     549	      26	application/json	d35815251835aefe287c6d0e3aaa1da103ba8303
./storage/workspace/apps_open_user_0384ff4f/Embedded/WorkspaceState.txt	     265	       9	application/json	139ff1edd5f6101386366e6f296a446e72f861b4
./storage/workspace/apps_open_user_1417b4e5/Embedded/LayoutThemes.txt	     549	      26	application/json	d35815251835aefe287c6d0e3aaa1da103ba8303
./storage/workspace/apps_open_user_1417b4e5/Embedded/WorkspaceState.txt	     265	       9	application/json	139ff1edd5f6101386366e6f296a446e72f861b4
./storage/workspace/apps_open_user_1d56c098/Embedded/LayoutThemes.txt	     549	      26	application/json	d35815251835aefe287c6d0e3aaa1da103ba8303
./storage/workspace/apps_open_user_1d56c098/Embedded/WorkspaceState.txt	     265	       9	application/json	139ff1edd5f6101386366e6f296a446e72f861b4
./storage/workspace/apps_open_user_2b1cfeb0/Embedded/LayoutThemes.txt	     549	      26	application/json	d35815251835aefe287c6d0e3aaa1da103ba8303
./storage/workspace/apps_open_user_2b1cfeb0/Embedded/WorkspaceState.txt	     265	       9	application/json	139ff1edd5f6101386366e6f296a446e72f861b4
./storage/workspace/apps_open_user_3b4da980/Embedded/LayoutThemes.txt	     549	      26	application/json	d35815251835aefe287c6d0e3aaa1da103ba8303
./storage/workspace/apps_open_user_3b4da980/Embedded/WorkspaceState.txt	     265	       9	application/json	139ff1edd5f6101386366e6f296a446e72f861b4
./storage/workspace/apps_open_user_4013d370/Embedded/LayoutThemes.txt	     549	      26	application/json	d35815251835aefe287c6d0e3aaa1da103ba8303
./storage/workspace/apps_open_user_4013d370/Embedded/WorkspaceState.txt	     265	       9	application/json	139ff1edd5f6101386366e6f296a446e72f861b4
./storage/workspace/apps_open_user_47e30d70/Embedded/LayoutThemes.txt	     549	      26	application/json	d35815251835aefe287c6d0e3aaa1da103ba8303
./storage/workspace/apps_open_user_47e30d70/Embedded/WorkspaceState.txt	     265	       9	application/json	139ff1edd5f6101386366e6f296a446e72f861b4
./storage/workspace/apps_open_user_54fc7100/Embedded/LayoutThemes.txt	     549	      26	application/json	d35815251835aefe287c6d0e3aaa1da103ba8303
./storage/workspace/apps_open_user_54fc7100/Embedded/WorkspaceState.txt	     265	       9	application/json	139ff1edd5f6101386366e6f296a446e72f861b4
./storage/workspace/apps_open_user_5d322f0a/Embedded/LayoutThemes.txt	     549	      26	application/json	d35815251835aefe287c6d0e3aaa1da103ba8303
./storage/workspace/apps_open_user_5d322f0a/Embedded/WorkspaceState.txt	     265	       9	application/json	139ff1edd5f6101386366e6f296a446e72f861b4
./storage/workspace/apps_open_user_61af3a0f/Embedded/LayoutThemes.txt	     549	      26	application/json	d35815251835aefe287c6d0e3aaa1da103ba8303
./storage/workspace/apps_open_user_61af3a0f/Embedded/WorkspaceState.txt	     265	       9	application/json	139ff1edd5f6101386366e6f296a446e72f861b4
./storage/workspace/apps_open_user_632f6c2e/Embedded/LayoutThemes.txt	     549	      26	application/json	d35815251835aefe287c6d0e3aaa1da103ba8303
./storage/workspace/apps_open_user_632f6c2e/Embedded/WorkspaceState.txt	     265	       9	application/json	139ff1edd5f6101386366e6f296a446e72f861b4
./storage/workspace/apps_open_user_66721e33/Embedded/LayoutThemes.txt	     549	      26	application/json	d35815251835aefe287c6d0e3aaa1da103ba8303
./storage/workspace/apps_open_user_66721e33/Embedded/WorkspaceState.txt	     265	       9	application/json	139ff1edd5f6101386366e6f296a446e72f861b4
./storage/workspace/apps_open_user_758f4a9d/Embedded/LayoutThemes.txt	     549	      26	application/json	d35815251835aefe287c6d0e3aaa1da103ba8303
./storage/workspace/apps_open_user_758f4a9d/Embedded/WorkspaceState.txt	     265	       9	application/json	139ff1edd5f6101386366e6f296a446e72f861b4
./storage/workspace/apps_open_user_818d178d/Embedded/LayoutThemes.txt	     549	      26	application/json	d35815251835aefe287c6d0e3aaa1da103ba8303
./storage/workspace/apps_open_user_818d178d/Embedded/WorkspaceState.txt	     265	       9	application/json	139ff1edd5f6101386366e6f296a446e72f861b4
./storage/workspace/apps_open_user_84424622/Embedded/LayoutThemes.txt	     549	      26	application/json	d35815251835aefe287c6d0e3aaa1da103ba8303
./storage/workspace/apps_open_user_84424622/Embedded/WorkspaceState.txt	     265	       9	application/json	139ff1edd5f6101386366e6f296a446e72f861b4
./storage/workspace/apps_open_user_89317eee/Embedded/LayoutThemes.txt	     549	      26	application/json	d35815251835aefe287c6d0e3aaa1da103ba8303
./storage/workspace/apps_open_user_89317eee/Embedded/WorkspaceState.txt	     265	       9	application/json	139ff1edd5f6101386366e6f296a446e72f861b4
./storage/workspace/apps_open_user_90bc822e/Embedded/LayoutThemes.txt	     549	      26	application/json	d35815251835aefe287c6d0e3aaa1da103ba8303
./storage/workspace/apps_open_user_90bc822e/Embedded/WorkspaceState.txt	     265	       9	application/json	139ff1edd5f6101386366e6f296a446e72f861b4
./storage/workspace/apps_open_user_97bae14d/Embedded/LayoutThemes.txt	     549	      26	application/json	d35815251835aefe287c6d0e3aaa1da103ba8303
./storage/workspace/apps_open_user_97bae14d/Embedded/WorkspaceState.txt	     265	       9	application/json	139ff1edd5f6101386366e6f296a446e72f861b4
./storage/workspace/apps_open_user_9b90cdc3/Embedded/LayoutThemes.txt	     549	      26	application/json	d35815251835aefe287c6d0e3aaa1da103ba8303
./storage/workspace/apps_open_user_9b90cdc3/Embedded/WorkspaceState.txt	     265	       9	application/json	139ff1edd5f6101386366e6f296a446e72f861b4
./storage/workspace/apps_open_user_b2931457/Embedded/LayoutThemes.txt	     549	      26	application/json	d35815251835aefe287c6d0e3aaa1da103ba8303
./storage/workspace/apps_open_user_b2931457/Embedded/WorkspaceState.txt	     265	       9	application/json	139ff1edd5f6101386366e6f296a446e72f861b4
./storage/workspace/apps_open_user_b8705df6/Embedded/LayoutThemes.txt	     549	      26	application/json	d35815251835aefe287c6d0e3aaa1da103ba8303
./storage/workspace/apps_open_user_b8705df6/Embedded/WorkspaceState.txt	     265	       9	application/json	139ff1edd5f6101386366e6f296a446e72f861b4
./storage/workspace/apps_open_user_bc071909/Embedded/LayoutThemes.txt	     549	      26	application/json	d35815251835aefe287c6d0e3aaa1da103ba8303
./storage/workspace/apps_open_user_bc071909/Embedded/WorkspaceState.txt	     265	       9	application/json	139ff1edd5f6101386366e6f296a446e72f861b4
./storage/workspace/apps_open_user_bcec096f/Embedded/LayoutThemes.txt	     549	      26	application/json	d35815251835aefe287c6d0e3aaa1da103ba8303
./storage/workspace/apps_open_user_bcec096f/Embedded/WorkspaceState.txt	     265	       9	application/json	139ff1edd5f6101386366e6f296a446e72f861b4
./storage/workspace/apps_open_user_c03903f5/Embedded/LayoutThemes.txt	     549	      26	application/json	d35815251835aefe287c6d0e3aaa1da103ba8303
./storage/workspace/apps_open_user_c03903f5/Embedded/WorkspaceState.txt	     265	       9	application/json	139ff1edd5f6101386366e6f296a446e72f861b4
./storage/workspace/apps_open_user_cc71c51f/Embedded/LayoutThemes.txt	     549	      26	application/json	d35815251835aefe287c6d0e3aaa1da103ba8303
./storage/workspace/apps_open_user_cc71c51f/Embedded/WorkspaceState.txt	     265	       9	application/json	139ff1edd5f6101386366e6f296a446e72f861b4
./storage/workspace/apps_open_user_d1f770e5/Embedded/LayoutThemes.txt	     549	      26	application/json	d35815251835aefe287c6d0e3aaa1da103ba8303
./storage/workspace/apps_open_user_d1f770e5/Embedded/WorkspaceState.txt	     265	       9	application/json	139ff1edd5f6101386366e6f296a446e72f861b4
./storage/workspace/apps_open_user_d97055d6/Embedded/LayoutThemes.txt	     549	      26	application/json	d35815251835aefe287c6d0e3aaa1da103ba8303
./storage/workspace/apps_open_user_d97055d6/Embedded/WorkspaceState.txt	     265	       9	application/json	139ff1edd5f6101386366e6f296a446e72f861b4
./storage/workspace/apps_open_user_e28734e7/Embedded/LayoutThemes.txt	     549	      26	application/json	d35815251835aefe287c6d0e3aaa1da103ba8303
./storage/workspace/apps_open_user_e28734e7/Embedded/WorkspaceState.txt	     265	       9	application/json	139ff1edd5f6101386366e6f296a446e72f861b4
./storage/workspace/apps_open_user_e7be18b5/Embedded/LayoutThemes.txt	     549	      26	application/json	d35815251835aefe287c6d0e3aaa1da103ba8303
./storage/workspace/apps_open_user_e7be18b5/Embedded/WorkspaceState.txt	     265	       9	application/json	139ff1edd5f6101386366e6f296a446e72f861b4
./storage/workspace/apps_open_user_f57e9ef2/Embedded/LayoutThemes.txt	     549	      26	application/json	d35815251835aefe287c6d0e3aaa1da103ba8303
./storage/workspace/apps_open_user_f57e9ef2/Embedded/WorkspaceState.txt	     265	       9	application/json	139ff1edd5f6101386366e6f296a446e72f861b4
./storage/workspace/apps_open_user_f6e9c1d5/Embedded/LayoutThemes.txt	     549	      26	application/json	d35815251835aefe287c6d0e3aaa1da103ba8303
./storage/workspace/apps_open_user_f6e9c1d5/Embedded/WorkspaceState.txt	     265	       9	application/json	139ff1edd5f6101386366e6f296a446e72f861b4
./storage/workspace/prefs_flow_user_0ee2f36b/Embedded/LayoutThemes.txt	     549	      26	application/json	d35815251835aefe287c6d0e3aaa1da103ba8303
./storage/workspace/prefs_flow_user_0ee2f36b/Embedded/WorkspaceState.txt	     265	       9	application/json	139ff1edd5f6101386366e6f296a446e72f861b4
./storage/workspace/prefs_flow_user_1f27dd3b/Embedded/LayoutThemes.txt	     549	      26	application/json	d35815251835aefe287c6d0e3aaa1da103ba8303
./storage/workspace/prefs_flow_user_1f27dd3b/Embedded/WorkspaceState.txt	     265	       9	application/json	139ff1edd5f6101386366e6f296a446e72f861b4
./storage/workspace/prefs_flow_user_32614a64/Embedded/LayoutThemes.txt	     549	      26	application/json	d35815251835aefe287c6d0e3aaa1da103ba8303
./storage/workspace/prefs_flow_user_32614a64/Embedded/WorkspaceState.txt	     265	       9	application/json	139ff1edd5f6101386366e6f296a446e72f861b4
./storage/workspace/prefs_flow_user_d2555636/Embedded/LayoutThemes.txt	     549	      26	application/json	d35815251835aefe287c6d0e3aaa1da103ba8303
./storage/workspace/prefs_flow_user_d2555636/Embedded/WorkspaceState.txt	     265	       9	application/json	139ff1edd5f6101386366e6f296a446e72f861b4
./storage/workspace/prefs_user_0cf55b61/Embedded/LayoutThemes.txt	     549	      26	application/json	d35815251835aefe287c6d0e3aaa1da103ba8303
./storage/workspace/prefs_user_0cf55b61/Embedded/WorkspaceState.txt	     265	       9	application/json	139ff1edd5f6101386366e6f296a446e72f861b4
./storage/workspace/prefs_user_18fee9da/Embedded/LayoutThemes.txt	     549	      26	application/json	d35815251835aefe287c6d0e3aaa1da103ba8303
./storage/workspace/prefs_user_18fee9da/Embedded/WorkspaceState.txt	     273	       9	application/json	9f67f32a9fb77337b8265b987cf589e1502b5db3
./storage/workspace/prefs_user_198fd223/Embedded/LayoutThemes.txt	     549	      26	application/json	d35815251835aefe287c6d0e3aaa1da103ba8303
./storage/workspace/prefs_user_198fd223/Embedded/WorkspaceState.txt	     273	       9	application/json	cabaa3084ca4f854c2b3e35900aef59c908f42bc
./storage/workspace/prefs_user_20159668/Embedded/LayoutThemes.txt	     549	      26	application/json	d35815251835aefe287c6d0e3aaa1da103ba8303
./storage/workspace/prefs_user_20159668/Embedded/WorkspaceState.txt	     265	       9	application/json	139ff1edd5f6101386366e6f296a446e72f861b4
./storage/workspace/prefs_user_33873237/Embedded/LayoutThemes.txt	     549	      26	application/json	d35815251835aefe287c6d0e3aaa1da103ba8303
./storage/workspace/prefs_user_33873237/Embedded/WorkspaceState.txt	     265	       9	application/json	139ff1edd5f6101386366e6f296a446e72f861b4
./storage/workspace/prefs_user_38953b80/Embedded/LayoutThemes.txt	     549	      26	application/json	d35815251835aefe287c6d0e3aaa1da103ba8303
./storage/workspace/prefs_user_38953b80/Embedded/WorkspaceState.txt	     265	       9	application/json	139ff1edd5f6101386366e6f296a446e72f861b4
./storage/workspace/prefs_user_55f13eea/Embedded/LayoutThemes.txt	     549	      26	application/json	d35815251835aefe287c6d0e3aaa1da103ba8303
./storage/workspace/prefs_user_55f13eea/Embedded/WorkspaceState.txt	     265	       9	application/json	139ff1edd5f6101386366e6f296a446e72f861b4
./storage/workspace/prefs_user_60df5520/Embedded/LayoutThemes.txt	     549	      26	application/json	d35815251835aefe287c6d0e3aaa1da103ba8303
./storage/workspace/prefs_user_60df5520/Embedded/WorkspaceState.txt	     265	       9	application/json	139ff1edd5f6101386366e6f296a446e72f861b4
./storage/workspace/prefs_user_83053072/Embedded/LayoutThemes.txt	     549	      26	application/json	d35815251835aefe287c6d0e3aaa1da103ba8303
./storage/workspace/prefs_user_83053072/Embedded/WorkspaceState.txt	     265	       9	application/json	139ff1edd5f6101386366e6f296a446e72f861b4
./storage/workspace/prefs_user_a3247d35/Embedded/LayoutThemes.txt	     549	      26	application/json	d35815251835aefe287c6d0e3aaa1da103ba8303
./storage/workspace/prefs_user_a3247d35/Embedded/WorkspaceState.txt	     265	       9	application/json	139ff1edd5f6101386366e6f296a446e72f861b4
./storage/workspace/prefs_user_b327016e/Embedded/LayoutThemes.txt	     549	      26	application/json	d35815251835aefe287c6d0e3aaa1da103ba8303
./storage/workspace/prefs_user_b327016e/Embedded/WorkspaceState.txt	     273	       9	application/json	c2fe2a921c44487e3ee4dbcbc92a9df19dd4d5bf
./storage/workspace/prefs_user_c590fab1/Embedded/LayoutThemes.txt	     549	      26	application/json	d35815251835aefe287c6d0e3aaa1da103ba8303
./storage/workspace/prefs_user_c590fab1/Embedded/WorkspaceState.txt	     273	       9	application/json	a48c8a9f4e0eee08be57e3baa824221585dd8375
./storage/workspace/tmp_audio_dc4848/Finder/Audio/clip.mp3.bin	       0	       0	inode/x-empty	da39a3ee5e6b4b0d3255bfef95601890afd80709
./storage/workspace/tmp_audio_dc4848/Finder/Tasks/Welcome/Welcome.rtf	     877	       2	text/rtf	a33d9833ef501bf9e5d01ba75d683e586d2206a4
./storage/workspace_test/Parent/Existing 10.rtf	     112	       2	text/rtf	3fce1ff86460a05ec22dddf9673f579411bc2af9
./storage/workspace_test/Parent/Existing 11.rtf	     112	       2	text/rtf	3fce1ff86460a05ec22dddf9673f579411bc2af9
./storage/workspace_test/Parent/Existing 12.rtf	     112	       2	text/rtf	3fce1ff86460a05ec22dddf9673f579411bc2af9
./storage/workspace_test/Parent/Existing 13.rtf	     112	       2	text/rtf	3fce1ff86460a05ec22dddf9673f579411bc2af9
./storage/workspace_test/Parent/Existing 14.rtf	     112	       2	text/rtf	3fce1ff86460a05ec22dddf9673f579411bc2af9
./storage/workspace_test/Parent/Existing 15.rtf	     112	       2	text/rtf	3fce1ff86460a05ec22dddf9673f579411bc2af9
./storage/workspace_test/Parent/Existing 16.rtf	     112	       2	text/rtf	3fce1ff86460a05ec22dddf9673f579411bc2af9
./storage/workspace_test/Parent/Existing 17.rtf	     112	       2	text/rtf	3fce1ff86460a05ec22dddf9673f579411bc2af9
./storage/workspace_test/Parent/Existing 18.rtf	     112	       2	text/rtf	3fce1ff86460a05ec22dddf9673f579411bc2af9
./storage/workspace_test/Parent/Existing 19.rtf	     112	       2	text/rtf	3fce1ff86460a05ec22dddf9673f579411bc2af9
./storage/workspace_test/Parent/Existing 2.rtf	     112	       2	text/rtf	3fce1ff86460a05ec22dddf9673f579411bc2af9
./storage/workspace_test/Parent/Existing 20.rtf	     112	       2	text/rtf	3fce1ff86460a05ec22dddf9673f579411bc2af9
./storage/workspace_test/Parent/Existing 21.rtf	     112	       2	text/rtf	3fce1ff86460a05ec22dddf9673f579411bc2af9
./storage/workspace_test/Parent/Existing 22.rtf	     112	       2	text/rtf	3fce1ff86460a05ec22dddf9673f579411bc2af9
./storage/workspace_test/Parent/Existing 23.rtf	     112	       2	text/rtf	3fce1ff86460a05ec22dddf9673f579411bc2af9
./storage/workspace_test/Parent/Existing 24.rtf	     112	       2	text/rtf	3fce1ff86460a05ec22dddf9673f579411bc2af9
./storage/workspace_test/Parent/Existing 25.rtf	     112	       2	text/rtf	3fce1ff86460a05ec22dddf9673f579411bc2af9
./storage/workspace_test/Parent/Existing 26.rtf	     112	       2	text/rtf	3fce1ff86460a05ec22dddf9673f579411bc2af9
./storage/workspace_test/Parent/Existing 27.rtf	     112	       2	text/rtf	3fce1ff86460a05ec22dddf9673f579411bc2af9
./storage/workspace_test/Parent/Existing 3.rtf	     112	       2	text/rtf	3fce1ff86460a05ec22dddf9673f579411bc2af9
./storage/workspace_test/Parent/Existing 4.rtf	     112	       2	text/rtf	3fce1ff86460a05ec22dddf9673f579411bc2af9
./storage/workspace_test/Parent/Existing 5.rtf	     112	       2	text/rtf	3fce1ff86460a05ec22dddf9673f579411bc2af9
./storage/workspace_test/Parent/Existing 6.rtf	     112	       2	text/rtf	3fce1ff86460a05ec22dddf9673f579411bc2af9
./storage/workspace_test/Parent/Existing 7.rtf	     112	       2	text/rtf	3fce1ff86460a05ec22dddf9673f579411bc2af9
./storage/workspace_test/Parent/Existing 8.rtf	     112	       2	text/rtf	3fce1ff86460a05ec22dddf9673f579411bc2af9
./storage/workspace_test/Parent/Existing 9.rtf	     112	       2	text/rtf	3fce1ff86460a05ec22dddf9673f579411bc2af9
./storage/workspace_test/Parent/Existing.rtf	     112	       2	text/rtf	3fce1ff86460a05ec22dddf9673f579411bc2af9
./storage/workspace_test/Sample Client/Sample Export 11.rtf	     110	       2	text/rtf	9be66a89e5f7c8391cdf5be14acc01e7ddff9aa2
./storage/workspace_test/Sample Client/Sample Export 12.rtf	     110	       2	text/rtf	9be66a89e5f7c8391cdf5be14acc01e7ddff9aa2
./storage/workspace_test/Sample Client/Sample Export 14.rtf	     110	       2	text/rtf	9be66a89e5f7c8391cdf5be14acc01e7ddff9aa2
./storage/workspace_test/Sample Client/Sample Export 16.rtf	     110	       2	text/rtf	9be66a89e5f7c8391cdf5be14acc01e7ddff9aa2
./storage/workspace_test/Sample Client/Sample Export 18.rtf	     110	       2	text/rtf	9be66a89e5f7c8391cdf5be14acc01e7ddff9aa2
./storage/workspace_test/Sample Client/Sample Export 21.rtf	     110	       2	text/rtf	9be66a89e5f7c8391cdf5be14acc01e7ddff9aa2
./storage/workspace_test/Sample Client/Sample Export 22.rtf	     110	       2	text/rtf	9be66a89e5f7c8391cdf5be14acc01e7ddff9aa2
./storage/workspace_test/Sample Client/Sample Export 25.rtf	     110	       2	text/rtf	9be66a89e5f7c8391cdf5be14acc01e7ddff9aa2
./storage/workspace_test/Sample Client/Sample Export 26.rtf	     110	       2	text/rtf	9be66a89e5f7c8391cdf5be14acc01e7ddff9aa2
./storage/workspace_test/Sample Client/Sample Export 29.rtf	     110	       2	text/rtf	9be66a89e5f7c8391cdf5be14acc01e7ddff9aa2
./storage/workspace_test/Sample Client/Sample Export 3.rtf	     110	       2	text/rtf	9be66a89e5f7c8391cdf5be14acc01e7ddff9aa2
./storage/workspace_test/Sample Client/Sample Export 30.rtf	     110	       2	text/rtf	9be66a89e5f7c8391cdf5be14acc01e7ddff9aa2
./storage/workspace_test/Sample Client/Sample Export 33.rtf	     110	       2	text/rtf	9be66a89e5f7c8391cdf5be14acc01e7ddff9aa2
./storage/workspace_test/Sample Client/Sample Export 34.rtf	     110	       2	text/rtf	9be66a89e5f7c8391cdf5be14acc01e7ddff9aa2
./storage/workspace_test/Sample Client/Sample Export 37.rtf	     110	       2	text/rtf	9be66a89e5f7c8391cdf5be14acc01e7ddff9aa2
./storage/workspace_test/Sample Client/Sample Export 39.rtf	     110	       2	text/rtf	9be66a89e5f7c8391cdf5be14acc01e7ddff9aa2
./storage/workspace_test/Sample Client/Sample Export 41.rtf	     110	       2	text/rtf	9be66a89e5f7c8391cdf5be14acc01e7ddff9aa2
./storage/workspace_test/Sample Client/Sample Export 43.rtf	     110	       2	text/rtf	9be66a89e5f7c8391cdf5be14acc01e7ddff9aa2
./storage/workspace_test/Sample Client/Sample Export 45.rtf	     110	       2	text/rtf	9be66a89e5f7c8391cdf5be14acc01e7ddff9aa2
./storage/workspace_test/Sample Client/Sample Export 47.rtf	     110	       2	text/rtf	9be66a89e5f7c8391cdf5be14acc01e7ddff9aa2
./storage/workspace_test/Sample Client/Sample Export 48.rtf	     110	       2	text/rtf	9be66a89e5f7c8391cdf5be14acc01e7ddff9aa2
./storage/workspace_test/Sample Client/Sample Export 5.rtf	     110	       2	text/rtf	9be66a89e5f7c8391cdf5be14acc01e7ddff9aa2
./storage/workspace_test/Sample Client/Sample Export 51.rtf	     110	       2	text/rtf	9be66a89e5f7c8391cdf5be14acc01e7ddff9aa2
./storage/workspace_test/Sample Client/Sample Export 53.rtf	     110	       2	text/rtf	9be66a89e5f7c8391cdf5be14acc01e7ddff9aa2
./storage/workspace_test/Sample Client/Sample Export 54.rtf	     110	       2	text/rtf	9be66a89e5f7c8391cdf5be14acc01e7ddff9aa2
./storage/workspace_test/Sample Client/Sample Export 57.rtf	     110	       2	text/rtf	9be66a89e5f7c8391cdf5be14acc01e7ddff9aa2
./storage/workspace_test/Sample Client/Sample Export 6.rtf	     110	       2	text/rtf	9be66a89e5f7c8391cdf5be14acc01e7ddff9aa2
./storage/workspace_test/Sample Client/Sample Export 9.rtf	     110	       2	text/rtf	9be66a89e5f7c8391cdf5be14acc01e7ddff9aa2
./storage/workspace_test/Sample Client/sample export 10.rtf	     110	       2	text/rtf	9be66a89e5f7c8391cdf5be14acc01e7ddff9aa2
./storage/workspace_test/Sample Client/sample export 13.rtf	     110	       2	text/rtf	9be66a89e5f7c8391cdf5be14acc01e7ddff9aa2
./storage/workspace_test/Sample Client/sample export 15.rtf	     110	       2	text/rtf	9be66a89e5f7c8391cdf5be14acc01e7ddff9aa2
./storage/workspace_test/Sample Client/sample export 17.rtf	     110	       2	text/rtf	9be66a89e5f7c8391cdf5be14acc01e7ddff9aa2
./storage/workspace_test/Sample Client/sample export 19.rtf	     110	       2	text/rtf	9be66a89e5f7c8391cdf5be14acc01e7ddff9aa2
./storage/workspace_test/Sample Client/sample export 2.rtf	     110	       2	text/rtf	9be66a89e5f7c8391cdf5be14acc01e7ddff9aa2
./storage/workspace_test/Sample Client/sample export 20.rtf	     110	       2	text/rtf	9be66a89e5f7c8391cdf5be14acc01e7ddff9aa2
./storage/workspace_test/Sample Client/sample export 23.rtf	     110	       2	text/rtf	9be66a89e5f7c8391cdf5be14acc01e7ddff9aa2
./storage/workspace_test/Sample Client/sample export 24.rtf	     110	       2	text/rtf	9be66a89e5f7c8391cdf5be14acc01e7ddff9aa2
./storage/workspace_test/Sample Client/sample export 27.rtf	     110	       2	text/rtf	9be66a89e5f7c8391cdf5be14acc01e7ddff9aa2
./storage/workspace_test/Sample Client/sample export 28.rtf	     110	       2	text/rtf	9be66a89e5f7c8391cdf5be14acc01e7ddff9aa2
./storage/workspace_test/Sample Client/sample export 31.rtf	     110	       2	text/rtf	9be66a89e5f7c8391cdf5be14acc01e7ddff9aa2
./storage/workspace_test/Sample Client/sample export 32.rtf	     110	       2	text/rtf	9be66a89e5f7c8391cdf5be14acc01e7ddff9aa2
./storage/workspace_test/Sample Client/sample export 35.rtf	     110	       2	text/rtf	9be66a89e5f7c8391cdf5be14acc01e7ddff9aa2
./storage/workspace_test/Sample Client/sample export 36.rtf	     110	       2	text/rtf	9be66a89e5f7c8391cdf5be14acc01e7ddff9aa2
./storage/workspace_test/Sample Client/sample export 38.rtf	     110	       2	text/rtf	9be66a89e5f7c8391cdf5be14acc01e7ddff9aa2
./storage/workspace_test/Sample Client/sample export 4.rtf	     110	       2	text/rtf	9be66a89e5f7c8391cdf5be14acc01e7ddff9aa2
./storage/workspace_test/Sample Client/sample export 40.rtf	     110	       2	text/rtf	9be66a89e5f7c8391cdf5be14acc01e7ddff9aa2
./storage/workspace_test/Sample Client/sample export 42.rtf	     110	       2	text/rtf	9be66a89e5f7c8391cdf5be14acc01e7ddff9aa2
./storage/workspace_test/Sample Client/sample export 44.rtf	     110	       2	text/rtf	9be66a89e5f7c8391cdf5be14acc01e7ddff9aa2
./storage/workspace_test/Sample Client/sample export 46.rtf	     110	       2	text/rtf	9be66a89e5f7c8391cdf5be14acc01e7ddff9aa2
./storage/workspace_test/Sample Client/sample export 49.rtf	     110	       2	text/rtf	9be66a89e5f7c8391cdf5be14acc01e7ddff9aa2
./storage/workspace_test/Sample Client/sample export 50.rtf	     110	       2	text/rtf	9be66a89e5f7c8391cdf5be14acc01e7ddff9aa2
./storage/workspace_test/Sample Client/sample export 52.rtf	     110	       2	text/rtf	9be66a89e5f7c8391cdf5be14acc01e7ddff9aa2
./storage/workspace_test/Sample Client/sample export 56.rtf	     110	       2	text/rtf	9be66a89e5f7c8391cdf5be14acc01e7ddff9aa2
./storage/workspace_test/Sample Client/sample export 7.rtf	     110	       2	text/rtf	9be66a89e5f7c8391cdf5be14acc01e7ddff9aa2
./storage/workspace_test/Sample Client/sample export 8.rtf	     110	       2	text/rtf	9be66a89e5f7c8391cdf5be14acc01e7ddff9aa2
./storage/workspace_test/Sample Client/sample export.rtf	     110	       2	text/rtf	9be66a89e5f7c8391cdf5be14acc01e7ddff9aa2
./storage/workspace_test/apps_open_user_01c9cfa2/Finder/Tasks/Welcome/Welcome.rtf	     877	       2	text/rtf	a33d9833ef501bf9e5d01ba75d683e586d2206a4
./storage/workspace_test/apps_open_user_0384ff4f/Finder/Images/photo.jpg.bin	       0	       0	inode/x-empty	da39a3ee5e6b4b0d3255bfef95601890afd80709
./storage/workspace_test/apps_open_user_0384ff4f/Finder/Tasks/Welcome/Welcome.rtf	     877	       2	text/rtf	a33d9833ef501bf9e5d01ba75d683e586d2206a4
./storage/workspace_test/apps_open_user_03f3ad4f/Finder/Notes/Design Notes.rtf	     120	       2	text/rtf	0b402ff4dfeb9b51a2c5085f03b77e451727021e
./storage/workspace_test/apps_open_user_03f3ad4f/Finder/Tasks/Welcome/Welcome.rtf	     877	       2	text/rtf	a33d9833ef501bf9e5d01ba75d683e586d2206a4
./storage/workspace_test/apps_open_user_0aaeb741/Finder/Tasks/Welcome/Welcome.rtf	     877	       2	text/rtf	a33d9833ef501bf9e5d01ba75d683e586d2206a4
./storage/workspace_test/apps_open_user_0d1b9fc4/Finder/Images/photo.jpg.bin	       0	       0	inode/x-empty	da39a3ee5e6b4b0d3255bfef95601890afd80709
./storage/workspace_test/apps_open_user_0d1b9fc4/Finder/Tasks/Welcome/Welcome.rtf	     877	       2	text/rtf	a33d9833ef501bf9e5d01ba75d683e586d2206a4
./storage/workspace_test/apps_open_user_10184251/Embedded/Task Draft.txt	     198	       9	text/plain	19774d422927248506881f17cf16e29044085c0f
./storage/workspace_test/apps_open_user_10184251/Finder/Tasks/Welcome/Welcome.rtf	     877	       2	text/rtf	a33d9833ef501bf9e5d01ba75d683e586d2206a4
./storage/workspace_test/apps_open_user_122505c1/Finder/Notes/Design Notes.rtf	     120	       2	text/rtf	0b402ff4dfeb9b51a2c5085f03b77e451727021e
./storage/workspace_test/apps_open_user_122505c1/Finder/Tasks/Welcome/Welcome.rtf	     877	       2	text/rtf	a33d9833ef501bf9e5d01ba75d683e586d2206a4
./storage/workspace_test/apps_open_user_1417b4e5/Finder/Audio/clip.mp3.bin	       0	       0	inode/x-empty	da39a3ee5e6b4b0d3255bfef95601890afd80709
./storage/workspace_test/apps_open_user_1417b4e5/Finder/Tasks/Welcome/Welcome.rtf	     877	       2	text/rtf	a33d9833ef501bf9e5d01ba75d683e586d2206a4
./storage/workspace_test/apps_open_user_14d12159/Finder/Tasks/Welcome/Welcome.rtf	     877	       2	text/rtf	a33d9833ef501bf9e5d01ba75d683e586d2206a4
./storage/workspace_test/apps_open_user_14d12159/Finder/Time Card/Today.rtf	     344	       2	text/rtf	212112ae99edf4722e70e1f8768420e68beb915f
./storage/workspace_test/apps_open_user_180e5129/Finder/Images/photo.jpg.bin	       0	       0	inode/x-empty	da39a3ee5e6b4b0d3255bfef95601890afd80709
./storage/workspace_test/apps_open_user_180e5129/Finder/Tasks/Welcome/Welcome.rtf	     877	       2	text/rtf	a33d9833ef501bf9e5d01ba75d683e586d2206a4
./storage/workspace_test/apps_open_user_1af5db91/Finder/Tasks/Welcome/Welcome.rtf	     877	       2	text/rtf	a33d9833ef501bf9e5d01ba75d683e586d2206a4
./storage/workspace_test/apps_open_user_1d56c098/Finder/Notes/Design Notes.rtf	     120	       2	text/rtf	0b402ff4dfeb9b51a2c5085f03b77e451727021e
./storage/workspace_test/apps_open_user_1d56c098/Finder/Tasks/Welcome/Welcome.rtf	     877	       2	text/rtf	a33d9833ef501bf9e5d01ba75d683e586d2206a4
./storage/workspace_test/apps_open_user_26af6b2e/Finder/Tasks/Welcome/Welcome.rtf	     877	       2	text/rtf	a33d9833ef501bf9e5d01ba75d683e586d2206a4
./storage/workspace_test/apps_open_user_2b1cfeb0/Finder/Notes/Single Line.rtf	     108	       2	text/rtf	76ff7e3b660579a9469c1a7b603994cd46bcd401
./storage/workspace_test/apps_open_user_2b1cfeb0/Finder/Tasks/Welcome/Welcome.rtf	     877	       2	text/rtf	a33d9833ef501bf9e5d01ba75d683e586d2206a4
./storage/workspace_test/apps_open_user_34889855/Finder/Tasks/Welcome/Welcome.rtf	     877	       2	text/rtf	a33d9833ef501bf9e5d01ba75d683e586d2206a4
./storage/workspace_test/apps_open_user_3b4da980/Finder/Tasks/Welcome/Welcome.rtf	     877	       2	text/rtf	a33d9833ef501bf9e5d01ba75d683e586d2206a4
./storage/workspace_test/apps_open_user_3ca4b076/Finder/Images/photo.jpg.bin	       0	       0	inode/x-empty	da39a3ee5e6b4b0d3255bfef95601890afd80709
./storage/workspace_test/apps_open_user_3ca4b076/Finder/Tasks/Welcome/Welcome.rtf	     877	       2	text/rtf	a33d9833ef501bf9e5d01ba75d683e586d2206a4
./storage/workspace_test/apps_open_user_4013d370/Embedded/Task Draft.txt	     198	       9	text/plain	5c551937011a5440a73f89c36a996fa3d211363f
./storage/workspace_test/apps_open_user_4013d370/Finder/Tasks/Welcome/Welcome.rtf	     877	       2	text/rtf	a33d9833ef501bf9e5d01ba75d683e586d2206a4
./storage/workspace_test/apps_open_user_43a1e2bf/Finder/Images/song.mp3.bin	       0	       0	inode/x-empty	da39a3ee5e6b4b0d3255bfef95601890afd80709
./storage/workspace_test/apps_open_user_43a1e2bf/Finder/Tasks/Welcome/Welcome.rtf	     877	       2	text/rtf	a33d9833ef501bf9e5d01ba75d683e586d2206a4
./storage/workspace_test/apps_open_user_47e30d70/Finder/Images/song.mp3.bin	       0	       0	inode/x-empty	da39a3ee5e6b4b0d3255bfef95601890afd80709
./storage/workspace_test/apps_open_user_47e30d70/Finder/Tasks/Welcome/Welcome.rtf	     877	       2	text/rtf	a33d9833ef501bf9e5d01ba75d683e586d2206a4
./storage/workspace_test/apps_open_user_511548e5/Finder/Tasks/Task Board.txt	     198	       9	text/plain	ecde807f575453e9f40fe59e3c8f75d46312bd48
./storage/workspace_test/apps_open_user_511548e5/Finder/Tasks/Welcome/Welcome.rtf	     877	       2	text/rtf	a33d9833ef501bf9e5d01ba75d683e586d2206a4
./storage/workspace_test/apps_open_user_542642fb/Finder/Notes/Design Notes.rtf	     120	       2	text/rtf	0b402ff4dfeb9b51a2c5085f03b77e451727021e
./storage/workspace_test/apps_open_user_542642fb/Finder/Tasks/Welcome/Welcome.rtf	     877	       2	text/rtf	a33d9833ef501bf9e5d01ba75d683e586d2206a4
./storage/workspace_test/apps_open_user_546ced29/Finder/Images/song.mp3.bin	       0	       0	inode/x-empty	da39a3ee5e6b4b0d3255bfef95601890afd80709
./storage/workspace_test/apps_open_user_546ced29/Finder/Tasks/Welcome/Welcome.rtf	     877	       2	text/rtf	a33d9833ef501bf9e5d01ba75d683e586d2206a4
./storage/workspace_test/apps_open_user_54fc7100/Finder/Audio/clip.mp3.bin	       0	       0	inode/x-empty	da39a3ee5e6b4b0d3255bfef95601890afd80709
./storage/workspace_test/apps_open_user_54fc7100/Finder/Tasks/Welcome/Welcome.rtf	     877	       2	text/rtf	a33d9833ef501bf9e5d01ba75d683e586d2206a4
./storage/workspace_test/apps_open_user_560f57a0/Finder/Tasks/Welcome/Welcome.rtf	     877	       2	text/rtf	a33d9833ef501bf9e5d01ba75d683e586d2206a4
./storage/workspace_test/apps_open_user_5722199b/Finder/Tasks/Welcome/Welcome.rtf	     877	       2	text/rtf	a33d9833ef501bf9e5d01ba75d683e586d2206a4
./storage/workspace_test/apps_open_user_5722199b/Finder/Time Card/Today.rtf	     344	       2	text/rtf	212112ae99edf4722e70e1f8768420e68beb915f
./storage/workspace_test/apps_open_user_5d322f0a/Finder/Notes/Design Notes.rtf	     120	       2	text/rtf	0b402ff4dfeb9b51a2c5085f03b77e451727021e
./storage/workspace_test/apps_open_user_5d322f0a/Finder/Tasks/Welcome/Welcome.rtf	     877	       2	text/rtf	a33d9833ef501bf9e5d01ba75d683e586d2206a4
./storage/workspace_test/apps_open_user_61af3a0f/Finder/Images/photo.jpg.bin	       0	       0	inode/x-empty	da39a3ee5e6b4b0d3255bfef95601890afd80709
./storage/workspace_test/apps_open_user_61af3a0f/Finder/Tasks/Welcome/Welcome.rtf	     877	       2	text/rtf	a33d9833ef501bf9e5d01ba75d683e586d2206a4
./storage/workspace_test/apps_open_user_632f6c2e/Finder/Tasks/Welcome/Welcome.rtf	     877	       2	text/rtf	a33d9833ef501bf9e5d01ba75d683e586d2206a4
./storage/workspace_test/apps_open_user_66721e33/Finder/Tasks/Welcome/Welcome.rtf	     877	       2	text/rtf	a33d9833ef501bf9e5d01ba75d683e586d2206a4
./storage/workspace_test/apps_open_user_758f4a9d/Finder/Tasks/Task Board.txt	     198	       9	text/plain	eb3020e3455c0726f5c1bfb42a817552d2ad7c92
./storage/workspace_test/apps_open_user_758f4a9d/Finder/Tasks/Welcome/Welcome.rtf	     877	       2	text/rtf	a33d9833ef501bf9e5d01ba75d683e586d2206a4
./storage/workspace_test/apps_open_user_786f6833/Embedded/Task Draft.txt	     198	       9	text/plain	3b49c790ad7ada9e64341d61972b3b4f33be7e43
./storage/workspace_test/apps_open_user_786f6833/Finder/Tasks/Welcome/Welcome.rtf	     877	       2	text/rtf	a33d9833ef501bf9e5d01ba75d683e586d2206a4
./storage/workspace_test/apps_open_user_7d7b0617/Finder/Tasks/Welcome/Welcome.rtf	     877	       2	text/rtf	a33d9833ef501bf9e5d01ba75d683e586d2206a4
./storage/workspace_test/apps_open_user_7e829851/Finder/Tasks/Welcome/Welcome.rtf	     877	       2	text/rtf	a33d9833ef501bf9e5d01ba75d683e586d2206a4
./storage/workspace_test/apps_open_user_7e829851/Finder/Time Card/Today.rtf	     344	       2	text/rtf	212112ae99edf4722e70e1f8768420e68beb915f
./storage/workspace_test/apps_open_user_81183ade/Finder/Tasks/Welcome/Welcome.rtf	     877	       2	text/rtf	a33d9833ef501bf9e5d01ba75d683e586d2206a4
./storage/workspace_test/apps_open_user_818d178d/Finder/Tasks/Welcome/Welcome.rtf	     877	       2	text/rtf	a33d9833ef501bf9e5d01ba75d683e586d2206a4
./storage/workspace_test/apps_open_user_83d68a89/Finder/Images/song.mp3.bin	       0	       0	inode/x-empty	da39a3ee5e6b4b0d3255bfef95601890afd80709
./storage/workspace_test/apps_open_user_83d68a89/Finder/Tasks/Welcome/Welcome.rtf	     877	       2	text/rtf	a33d9833ef501bf9e5d01ba75d683e586d2206a4
./storage/workspace_test/apps_open_user_84424622/Finder/Notes/Design Notes.rtf	     120	       2	text/rtf	0b402ff4dfeb9b51a2c5085f03b77e451727021e
./storage/workspace_test/apps_open_user_84424622/Finder/Tasks/Welcome/Welcome.rtf	     877	       2	text/rtf	a33d9833ef501bf9e5d01ba75d683e586d2206a4
./storage/workspace_test/apps_open_user_860ea6b9/Finder/Tasks/Welcome/Welcome.rtf	     877	       2	text/rtf	a33d9833ef501bf9e5d01ba75d683e586d2206a4
./storage/workspace_test/apps_open_user_89317eee/Embedded/Task Draft.txt	     198	       9	text/plain	da55b489e226e032d05ffcccb548ada4a06c5157
./storage/workspace_test/apps_open_user_89317eee/Finder/Tasks/Welcome/Welcome.rtf	     877	       2	text/rtf	a33d9833ef501bf9e5d01ba75d683e586d2206a4
./storage/workspace_test/apps_open_user_8b765eb0/Finder/Tasks/Welcome/Welcome.rtf	     877	       2	text/rtf	a33d9833ef501bf9e5d01ba75d683e586d2206a4
./storage/workspace_test/apps_open_user_8b765eb0/Finder/Time Card/Today.rtf	     344	       2	text/rtf	212112ae99edf4722e70e1f8768420e68beb915f
./storage/workspace_test/apps_open_user_8fcba099/Finder/Tasks/Task Board.txt	     198	       9	text/plain	02c4b5af6cf6352141ecabc5f461f8b66f42616d
./storage/workspace_test/apps_open_user_8fcba099/Finder/Tasks/Welcome/Welcome.rtf	     877	       2	text/rtf	a33d9833ef501bf9e5d01ba75d683e586d2206a4
./storage/workspace_test/apps_open_user_90bc822e/Finder/Images/photo.jpg.bin	       0	       0	inode/x-empty	da39a3ee5e6b4b0d3255bfef95601890afd80709
./storage/workspace_test/apps_open_user_90bc822e/Finder/Tasks/Welcome/Welcome.rtf	     877	       2	text/rtf	a33d9833ef501bf9e5d01ba75d683e586d2206a4
./storage/workspace_test/apps_open_user_978b21cb/Finder/Audio/clip.mp3.bin	       0	       0	inode/x-empty	da39a3ee5e6b4b0d3255bfef95601890afd80709
./storage/workspace_test/apps_open_user_978b21cb/Finder/Tasks/Welcome/Welcome.rtf	     877	       2	text/rtf	a33d9833ef501bf9e5d01ba75d683e586d2206a4
./storage/workspace_test/apps_open_user_97bae14d/Finder/Audio/clip.mp3.bin	       0	       0	inode/x-empty	da39a3ee5e6b4b0d3255bfef95601890afd80709
./storage/workspace_test/apps_open_user_97bae14d/Finder/Tasks/Welcome/Welcome.rtf	     877	       2	text/rtf	a33d9833ef501bf9e5d01ba75d683e586d2206a4
./storage/workspace_test/apps_open_user_9b90cdc3/Finder/Tasks/Welcome/Welcome.rtf	     877	       2	text/rtf	a33d9833ef501bf9e5d01ba75d683e586d2206a4
./storage/workspace_test/apps_open_user_9b90cdc3/Finder/Time Card/Today.rtf	     344	       2	text/rtf	212112ae99edf4722e70e1f8768420e68beb915f
./storage/workspace_test/apps_open_user_9d1e3f4d/Finder/Tasks/Welcome/Welcome.rtf	     877	       2	text/rtf	a33d9833ef501bf9e5d01ba75d683e586d2206a4
./storage/workspace_test/apps_open_user_9e6e3b85/Finder/Images/song.mp3.bin	       0	       0	inode/x-empty	da39a3ee5e6b4b0d3255bfef95601890afd80709
./storage/workspace_test/apps_open_user_9e6e3b85/Finder/Tasks/Welcome/Welcome.rtf	     877	       2	text/rtf	a33d9833ef501bf9e5d01ba75d683e586d2206a4
./storage/workspace_test/apps_open_user_a07e4d3e/Finder/Tasks/Welcome/Welcome.rtf	     877	       2	text/rtf	a33d9833ef501bf9e5d01ba75d683e586d2206a4
./storage/workspace_test/apps_open_user_a86640fa/Finder/Tasks/Welcome/Welcome.rtf	     877	       2	text/rtf	a33d9833ef501bf9e5d01ba75d683e586d2206a4
./storage/workspace_test/apps_open_user_ab0f17a5/Finder/Images/photo.jpg.bin	       0	       0	inode/x-empty	da39a3ee5e6b4b0d3255bfef95601890afd80709
./storage/workspace_test/apps_open_user_ab0f17a5/Finder/Tasks/Welcome/Welcome.rtf	     877	       2	text/rtf	a33d9833ef501bf9e5d01ba75d683e586d2206a4
./storage/workspace_test/apps_open_user_ac00318c/Finder/Audio/clip.mp3.bin	       0	       0	inode/x-empty	da39a3ee5e6b4b0d3255bfef95601890afd80709
./storage/workspace_test/apps_open_user_ac00318c/Finder/Tasks/Welcome/Welcome.rtf	     877	       2	text/rtf	a33d9833ef501bf9e5d01ba75d683e586d2206a4
./storage/workspace_test/apps_open_user_b2931457/Finder/Notes/Single Line.rtf	     108	       2	text/rtf	76ff7e3b660579a9469c1a7b603994cd46bcd401
./storage/workspace_test/apps_open_user_b2931457/Finder/Tasks/Welcome/Welcome.rtf	     877	       2	text/rtf	a33d9833ef501bf9e5d01ba75d683e586d2206a4
./storage/workspace_test/apps_open_user_b4270535/Finder/Tasks/Welcome/Welcome.rtf	     877	       2	text/rtf	a33d9833ef501bf9e5d01ba75d683e586d2206a4
./storage/workspace_test/apps_open_user_b8705df6/Finder/Tasks/Welcome/Welcome.rtf	     877	       2	text/rtf	a33d9833ef501bf9e5d01ba75d683e586d2206a4
./storage/workspace_test/apps_open_user_bc071909/Finder/Tasks/Task Board.txt	     198	       9	text/plain	cf101869292da359d49ead83fd50ae028d882710
./storage/workspace_test/apps_open_user_bc071909/Finder/Tasks/Welcome/Welcome.rtf	     877	       2	text/rtf	a33d9833ef501bf9e5d01ba75d683e586d2206a4
./storage/workspace_test/apps_open_user_bcec096f/Finder/Tasks/Welcome/Welcome.rtf	     877	       2	text/rtf	a33d9833ef501bf9e5d01ba75d683e586d2206a4
./storage/workspace_test/apps_open_user_bcec096f/Finder/Time Card/Today.rtf	     344	       2	text/rtf	212112ae99edf4722e70e1f8768420e68beb915f
./storage/workspace_test/apps_open_user_be629937/Finder/Tasks/Welcome/Welcome.rtf	     877	       2	text/rtf	a33d9833ef501bf9e5d01ba75d683e586d2206a4
./storage/workspace_test/apps_open_user_beb82d60/Finder/Images/photo.jpg.bin	       0	       0	inode/x-empty	da39a3ee5e6b4b0d3255bfef95601890afd80709
./storage/workspace_test/apps_open_user_beb82d60/Finder/Tasks/Welcome/Welcome.rtf	     877	       2	text/rtf	a33d9833ef501bf9e5d01ba75d683e586d2206a4
./storage/workspace_test/apps_open_user_c03903f5/Finder/Tasks/Welcome/Welcome.rtf	     877	       2	text/rtf	a33d9833ef501bf9e5d01ba75d683e586d2206a4
./storage/workspace_test/apps_open_user_c156a787/Finder/Tasks/Task Board.txt	     198	       9	text/plain	7e271c37052ec422368cf1f2813cff51312468b1
./storage/workspace_test/apps_open_user_c156a787/Finder/Tasks/Welcome/Welcome.rtf	     877	       2	text/rtf	a33d9833ef501bf9e5d01ba75d683e586d2206a4
./storage/workspace_test/apps_open_user_c17bff7b/Embedded/Task Draft.txt	     198	       9	text/plain	1926efa95c3a964b80a1bb39127e7b1ef8539a70
./storage/workspace_test/apps_open_user_c17bff7b/Finder/Tasks/Welcome/Welcome.rtf	     877	       2	text/rtf	a33d9833ef501bf9e5d01ba75d683e586d2206a4
./storage/workspace_test/apps_open_user_c6eaf9c3/Finder/Images/song.mp3.bin	       0	       0	inode/x-empty	da39a3ee5e6b4b0d3255bfef95601890afd80709
./storage/workspace_test/apps_open_user_c6eaf9c3/Finder/Tasks/Welcome/Welcome.rtf	     877	       2	text/rtf	a33d9833ef501bf9e5d01ba75d683e586d2206a4
./storage/workspace_test/apps_open_user_c83c938c/Finder/Tasks/Welcome/Welcome.rtf	     877	       2	text/rtf	a33d9833ef501bf9e5d01ba75d683e586d2206a4
./storage/workspace_test/apps_open_user_cc71c51f/Finder/Tasks/Welcome/Welcome.rtf	     877	       2	text/rtf	a33d9833ef501bf9e5d01ba75d683e586d2206a4
./storage/workspace_test/apps_open_user_cc71c51f/Finder/Time Card/Today.rtf	     344	       2	text/rtf	212112ae99edf4722e70e1f8768420e68beb915f
./storage/workspace_test/apps_open_user_ce02de11/Finder/Audio/clip.mp3.bin	       0	       0	inode/x-empty	da39a3ee5e6b4b0d3255bfef95601890afd80709
./storage/workspace_test/apps_open_user_ce02de11/Finder/Tasks/Welcome/Welcome.rtf	     877	       2	text/rtf	a33d9833ef501bf9e5d01ba75d683e586d2206a4
./storage/workspace_test/apps_open_user_d0311842/Finder/Tasks/Welcome/Welcome.rtf	     877	       2	text/rtf	a33d9833ef501bf9e5d01ba75d683e586d2206a4
./storage/workspace_test/apps_open_user_d0311842/Finder/Time Card/Today.rtf	     344	       2	text/rtf	212112ae99edf4722e70e1f8768420e68beb915f
./storage/workspace_test/apps_open_user_d1f770e5/Finder/Tasks/Welcome/Welcome.rtf	     877	       2	text/rtf	a33d9833ef501bf9e5d01ba75d683e586d2206a4
./storage/workspace_test/apps_open_user_d26a4b17/Finder/Notes/Design Notes.rtf	     120	       2	text/rtf	0b402ff4dfeb9b51a2c5085f03b77e451727021e
./storage/workspace_test/apps_open_user_d26a4b17/Finder/Tasks/Welcome/Welcome.rtf	     877	       2	text/rtf	a33d9833ef501bf9e5d01ba75d683e586d2206a4
./storage/workspace_test/apps_open_user_d5861100/Finder/Images/photo.jpg.bin	       0	       0	inode/x-empty	da39a3ee5e6b4b0d3255bfef95601890afd80709
./storage/workspace_test/apps_open_user_d5861100/Finder/Tasks/Welcome/Welcome.rtf	     877	       2	text/rtf	a33d9833ef501bf9e5d01ba75d683e586d2206a4
./storage/workspace_test/apps_open_user_d74c2459/Finder/Notes/Design Notes.rtf	     120	       2	text/rtf	0b402ff4dfeb9b51a2c5085f03b77e451727021e
./storage/workspace_test/apps_open_user_d74c2459/Finder/Tasks/Welcome/Welcome.rtf	     877	       2	text/rtf	a33d9833ef501bf9e5d01ba75d683e586d2206a4
./storage/workspace_test/apps_open_user_d97055d6/Finder/Images/song.mp3.bin	       0	       0	inode/x-empty	da39a3ee5e6b4b0d3255bfef95601890afd80709
./storage/workspace_test/apps_open_user_d97055d6/Finder/Tasks/Welcome/Welcome.rtf	     877	       2	text/rtf	a33d9833ef501bf9e5d01ba75d683e586d2206a4
./storage/workspace_test/apps_open_user_d9d97248/Finder/Tasks/Welcome/Welcome.rtf	     877	       2	text/rtf	a33d9833ef501bf9e5d01ba75d683e586d2206a4
./storage/workspace_test/apps_open_user_df07ec7c/Finder/Tasks/Welcome/Welcome.rtf	     877	       2	text/rtf	a33d9833ef501bf9e5d01ba75d683e586d2206a4
./storage/workspace_test/apps_open_user_df07ec7c/Finder/Time Card/Today.rtf	     344	       2	text/rtf	212112ae99edf4722e70e1f8768420e68beb915f
./storage/workspace_test/apps_open_user_e28734e7/Finder/Tasks/Task Board.txt	     198	       9	text/plain	2a19424b707b4e1e84e222dfb9fa6e13833a5447
./storage/workspace_test/apps_open_user_e28734e7/Finder/Tasks/Welcome/Welcome.rtf	     877	       2	text/rtf	a33d9833ef501bf9e5d01ba75d683e586d2206a4
./storage/workspace_test/apps_open_user_e3a2e7b0/Finder/Tasks/Welcome/Welcome.rtf	     877	       2	text/rtf	a33d9833ef501bf9e5d01ba75d683e586d2206a4
./storage/workspace_test/apps_open_user_e7be18b5/Finder/Tasks/Welcome/Welcome.rtf	     877	       2	text/rtf	a33d9833ef501bf9e5d01ba75d683e586d2206a4
./storage/workspace_test/apps_open_user_ef04d000/Finder/Tasks/Welcome/Welcome.rtf	     877	       2	text/rtf	a33d9833ef501bf9e5d01ba75d683e586d2206a4
./storage/workspace_test/apps_open_user_f2d97d44/Finder/Notes/Design Notes.rtf	     120	       2	text/rtf	0b402ff4dfeb9b51a2c5085f03b77e451727021e
./storage/workspace_test/apps_open_user_f2d97d44/Finder/Tasks/Welcome/Welcome.rtf	     877	       2	text/rtf	a33d9833ef501bf9e5d01ba75d683e586d2206a4
./storage/workspace_test/apps_open_user_f4ba5c5d/Finder/Tasks/Welcome/Welcome.rtf	     877	       2	text/rtf	a33d9833ef501bf9e5d01ba75d683e586d2206a4
./storage/workspace_test/apps_open_user_f57e9ef2/Finder/Tasks/Welcome/Welcome.rtf	     877	       2	text/rtf	a33d9833ef501bf9e5d01ba75d683e586d2206a4
./storage/workspace_test/apps_open_user_f6d7032f/Finder/Images/song.mp3.bin	       0	       0	inode/x-empty	da39a3ee5e6b4b0d3255bfef95601890afd80709
./storage/workspace_test/apps_open_user_f6d7032f/Finder/Tasks/Welcome/Welcome.rtf	     877	       2	text/rtf	a33d9833ef501bf9e5d01ba75d683e586d2206a4
./storage/workspace_test/apps_open_user_f6e9c1d5/Finder/Tasks/Welcome/Welcome.rtf	     877	       2	text/rtf	a33d9833ef501bf9e5d01ba75d683e586d2206a4
./storage/workspace_test/apps_open_user_f969248a/Finder/Tasks/Welcome/Welcome.rtf	     877	       2	text/rtf	a33d9833ef501bf9e5d01ba75d683e586d2206a4
./storage/workspace_test/apps_open_user_fb932382/Finder/Tasks/Welcome/Welcome.rtf	     877	       2	text/rtf	a33d9833ef501bf9e5d01ba75d683e586d2206a4
./storage/workspace_test/apps_open_user_fd6dd513/Finder/Tasks/Welcome/Welcome.rtf	     877	       2	text/rtf	a33d9833ef501bf9e5d01ba75d683e586d2206a4
./storage/workspace_test/create_file_user_35e13157/Finder/Tasks/Untitled Note.rtf	     101	       2	text/rtf	c1ba7343c12dacf2f9426d7cbd50f39fb834b420
./storage/workspace_test/create_file_user_35e13157/Finder/Tasks/Welcome/Welcome.rtf	     877	       2	text/rtf	a33d9833ef501bf9e5d01ba75d683e586d2206a4
./storage/workspace_test/create_file_user_40525287/Finder/Tasks/Untitled Note.rtf	     101	       2	text/rtf	c1ba7343c12dacf2f9426d7cbd50f39fb834b420
./storage/workspace_test/create_file_user_40525287/Finder/Tasks/Welcome/Welcome.rtf	     877	       2	text/rtf	a33d9833ef501bf9e5d01ba75d683e586d2206a4
./storage/workspace_test/create_file_user_46f632b9/Finder/Tasks/Untitled Note.rtf	     101	       2	text/rtf	c1ba7343c12dacf2f9426d7cbd50f39fb834b420
./storage/workspace_test/create_file_user_46f632b9/Finder/Tasks/Welcome/Welcome.rtf	     877	       2	text/rtf	a33d9833ef501bf9e5d01ba75d683e586d2206a4
./storage/workspace_test/create_file_user_4b8e97a5/Finder/Tasks/Welcome/Welcome.rtf	     877	       2	text/rtf	a33d9833ef501bf9e5d01ba75d683e586d2206a4
./storage/workspace_test/create_file_user_4b8e97a5/Finder/Tasks/x.rtf	     105	       2	text/rtf	85e23c5ac3566c3dbfe0c7ac7581e8e884d228c3
./storage/workspace_test/create_file_user_638e5fa2/Finder/Tasks/Welcome/Welcome.rtf	     877	       2	text/rtf	a33d9833ef501bf9e5d01ba75d683e586d2206a4
./storage/workspace_test/create_file_user_638e5fa2/Finder/Tasks/x.rtf	     105	       2	text/rtf	85e23c5ac3566c3dbfe0c7ac7581e8e884d228c3
./storage/workspace_test/create_file_user_81c767c7/Finder/Tasks/Welcome/Welcome.rtf	     877	       2	text/rtf	a33d9833ef501bf9e5d01ba75d683e586d2206a4
./storage/workspace_test/create_file_user_81c767c7/Finder/Tasks/x.rtf	     105	       2	text/rtf	85e23c5ac3566c3dbfe0c7ac7581e8e884d228c3
./storage/workspace_test/create_file_user_9efe7ca6/Finder/Tasks/Untitled Note.rtf	     101	       2	text/rtf	c1ba7343c12dacf2f9426d7cbd50f39fb834b420
./storage/workspace_test/create_file_user_9efe7ca6/Finder/Tasks/Welcome/Welcome.rtf	     877	       2	text/rtf	a33d9833ef501bf9e5d01ba75d683e586d2206a4
./storage/workspace_test/create_file_user_a1c207a9/Finder/Tasks/Untitled Note.rtf	     101	       2	text/rtf	c1ba7343c12dacf2f9426d7cbd50f39fb834b420
./storage/workspace_test/create_file_user_a1c207a9/Finder/Tasks/Welcome/Welcome.rtf	     877	       2	text/rtf	a33d9833ef501bf9e5d01ba75d683e586d2206a4
./storage/workspace_test/create_file_user_b1c4e611/Finder/Tasks/Welcome/Welcome.rtf	     877	       2	text/rtf	a33d9833ef501bf9e5d01ba75d683e586d2206a4
./storage/workspace_test/create_file_user_b1c4e611/Finder/Tasks/x.rtf	     105	       2	text/rtf	85e23c5ac3566c3dbfe0c7ac7581e8e884d228c3
./storage/workspace_test/create_file_user_e2098e7a/Finder/Tasks/Welcome/Welcome.rtf	     877	       2	text/rtf	a33d9833ef501bf9e5d01ba75d683e586d2206a4
./storage/workspace_test/create_file_user_e2098e7a/Finder/Tasks/x.rtf	     105	       2	text/rtf	85e23c5ac3566c3dbfe0c7ac7581e8e884d228c3
./storage/workspace_test/create_file_user_e30b5c49/Finder/Tasks/Welcome/Welcome.rtf	     877	       2	text/rtf	a33d9833ef501bf9e5d01ba75d683e586d2206a4
./storage/workspace_test/create_file_user_e30b5c49/Finder/Tasks/x.rtf	     105	       2	text/rtf	85e23c5ac3566c3dbfe0c7ac7581e8e884d228c3
./storage/workspace_test/create_file_user_eb61d907/Finder/Tasks/Untitled Note.rtf	     101	       2	text/rtf	c1ba7343c12dacf2f9426d7cbd50f39fb834b420
./storage/workspace_test/create_file_user_eb61d907/Finder/Tasks/Welcome/Welcome.rtf	     877	       2	text/rtf	a33d9833ef501bf9e5d01ba75d683e586d2206a4
./storage/workspace_test/create_subfolder_user_175c6536/Finder/Tasks/Welcome/Welcome.rtf	     877	       2	text/rtf	a33d9833ef501bf9e5d01ba75d683e586d2206a4
./storage/workspace_test/create_subfolder_user_222962c8/Finder/Tasks/Welcome/Welcome.rtf	     877	       2	text/rtf	a33d9833ef501bf9e5d01ba75d683e586d2206a4
./storage/workspace_test/create_subfolder_user_40fa5f5f/Finder/Tasks/Welcome/Welcome.rtf	     877	       2	text/rtf	a33d9833ef501bf9e5d01ba75d683e586d2206a4
./storage/workspace_test/create_subfolder_user_49e0c452/Finder/Tasks/Welcome/Welcome.rtf	     877	       2	text/rtf	a33d9833ef501bf9e5d01ba75d683e586d2206a4
./storage/workspace_test/create_subfolder_user_4fb299df/Finder/Tasks/Welcome/Welcome.rtf	     877	       2	text/rtf	a33d9833ef501bf9e5d01ba75d683e586d2206a4
./storage/workspace_test/create_subfolder_user_53fce87a/Finder/Tasks/Welcome/Welcome.rtf	     877	       2	text/rtf	a33d9833ef501bf9e5d01ba75d683e586d2206a4
./storage/workspace_test/create_subfolder_user_5eecc969/Finder/Tasks/Welcome/Welcome.rtf	     877	       2	text/rtf	a33d9833ef501bf9e5d01ba75d683e586d2206a4
./storage/workspace_test/create_subfolder_user_64e8e168/Finder/Tasks/Welcome/Welcome.rtf	     877	       2	text/rtf	a33d9833ef501bf9e5d01ba75d683e586d2206a4
./storage/workspace_test/create_subfolder_user_84a5c6d0/Finder/Tasks/Welcome/Welcome.rtf	     877	       2	text/rtf	a33d9833ef501bf9e5d01ba75d683e586d2206a4
./storage/workspace_test/create_subfolder_user_983624c5/Finder/Tasks/Welcome/Welcome.rtf	     877	       2	text/rtf	a33d9833ef501bf9e5d01ba75d683e586d2206a4
./storage/workspace_test/create_subfolder_user_a00fe333/Finder/Tasks/Welcome/Welcome.rtf	     877	       2	text/rtf	a33d9833ef501bf9e5d01ba75d683e586d2206a4
./storage/workspace_test/create_subfolder_user_ac7474d7/Finder/Tasks/Welcome/Welcome.rtf	     877	       2	text/rtf	a33d9833ef501bf9e5d01ba75d683e586d2206a4
./storage/workspace_test/create_subfolder_user_bc143c26/Finder/Tasks/Welcome/Welcome.rtf	     877	       2	text/rtf	a33d9833ef501bf9e5d01ba75d683e586d2206a4
./storage/workspace_test/create_subfolder_user_c542881b/Finder/Tasks/Welcome/Welcome.rtf	     877	       2	text/rtf	a33d9833ef501bf9e5d01ba75d683e586d2206a4
./storage/workspace_test/create_subfolder_user_cf01dad4/Finder/Tasks/Welcome/Welcome.rtf	     877	       2	text/rtf	a33d9833ef501bf9e5d01ba75d683e586d2206a4
./storage/workspace_test/create_subfolder_user_e1fd3af5/Finder/Tasks/Welcome/Welcome.rtf	     877	       2	text/rtf	a33d9833ef501bf9e5d01ba75d683e586d2206a4
./storage/workspace_test/destroy_user 3/Finder/Tasks/Welcome/Welcome.rtf	     877	       2	text/rtf	a33d9833ef501bf9e5d01ba75d683e586d2206a4
./storage/workspace_test/destroy_user/Finder/Tasks/Welcome/Welcome.rtf	     877	       2	text/rtf	a33d9833ef501bf9e5d01ba75d683e586d2206a4
./storage/workspace_test/disk_loader_user_3c415881/Finder/Tasks/Welcome/Welcome.rtf	     877	       2	text/rtf	a33d9833ef501bf9e5d01ba75d683e586d2206a4
./storage/workspace_test/disk_loader_user_4d10e9c5/Finder/Tasks/Welcome/Welcome.rtf	     877	       2	text/rtf	a33d9833ef501bf9e5d01ba75d683e586d2206a4
./storage/workspace_test/disk_loader_user_94cfae7c/Finder/Tasks/Welcome/Welcome.rtf	     877	       2	text/rtf	a33d9833ef501bf9e5d01ba75d683e586d2206a4
./storage/workspace_test/disk_loader_user_b04beaed/Finder/Tasks/Welcome/Welcome.rtf	     877	       2	text/rtf	a33d9833ef501bf9e5d01ba75d683e586d2206a4
./storage/workspace_test/disk_loader_user_b365b5c7/Finder/Tasks/Welcome/Welcome.rtf	     877	       2	text/rtf	a33d9833ef501bf9e5d01ba75d683e586d2206a4
./storage/workspace_test/disk_loader_user_ed954c70/Finder/Tasks/Welcome/Welcome.rtf	     877	       2	text/rtf	a33d9833ef501bf9e5d01ba75d683e586d2206a4
./storage/workspace_test/documents_import_test@example.com 10/Finder/Tasks/Uploads/Untitled Note.rtf	     101	       2	text/rtf	c1ba7343c12dacf2f9426d7cbd50f39fb834b420
./storage/workspace_test/documents_import_test@example.com 11/Finder/Tasks/Uploads/Untitled Note.rtf	     101	       2	text/rtf	c1ba7343c12dacf2f9426d7cbd50f39fb834b420
./storage/workspace_test/documents_import_test@example.com 12/Finder/Tasks/Uploads/Untitled Note.rtf	     101	       2	text/rtf	c1ba7343c12dacf2f9426d7cbd50f39fb834b420
./storage/workspace_test/documents_import_test@example.com 13/Finder/Tasks/Uploads/Untitled Note.rtf	     101	       2	text/rtf	c1ba7343c12dacf2f9426d7cbd50f39fb834b420
./storage/workspace_test/documents_import_test@example.com 14/Finder/Tasks/Uploads/Untitled Note.rtf	     101	       2	text/rtf	c1ba7343c12dacf2f9426d7cbd50f39fb834b420
./storage/workspace_test/documents_import_test@example.com 15/Finder/Tasks/Uploads/Untitled Note.rtf	     101	       2	text/rtf	c1ba7343c12dacf2f9426d7cbd50f39fb834b420
./storage/workspace_test/documents_import_test@example.com 16/Finder/Tasks/Uploads/Untitled Note.rtf	     101	       2	text/rtf	c1ba7343c12dacf2f9426d7cbd50f39fb834b420
./storage/workspace_test/documents_import_test@example.com 17/Finder/Tasks/Uploads/Untitled Note.rtf	     101	       2	text/rtf	c1ba7343c12dacf2f9426d7cbd50f39fb834b420
./storage/workspace_test/documents_import_test@example.com 2/Finder/Tasks/Uploads/Untitled Note.rtf	     101	       2	text/rtf	c1ba7343c12dacf2f9426d7cbd50f39fb834b420
./storage/workspace_test/documents_import_test@example.com 20/Finder/Tasks/Uploads/Untitled Note.rtf	     101	       2	text/rtf	c1ba7343c12dacf2f9426d7cbd50f39fb834b420
./storage/workspace_test/documents_import_test@example.com 23/Finder/Tasks/Uploads/Untitled Note.rtf	     101	       2	text/rtf	c1ba7343c12dacf2f9426d7cbd50f39fb834b420
./storage/workspace_test/documents_import_test@example.com 26/Finder/Tasks/Uploads/Untitled Note.rtf	     101	       2	text/rtf	c1ba7343c12dacf2f9426d7cbd50f39fb834b420
./storage/workspace_test/documents_import_test@example.com 29/Finder/Tasks/Uploads/Untitled Note.rtf	     101	       2	text/rtf	c1ba7343c12dacf2f9426d7cbd50f39fb834b420
./storage/workspace_test/documents_import_test@example.com 3/Finder/Tasks/Uploads/Untitled Note.rtf	     101	       2	text/rtf	c1ba7343c12dacf2f9426d7cbd50f39fb834b420
./storage/workspace_test/documents_import_test@example.com 32/Finder/Tasks/Uploads/Untitled Note.rtf	     101	       2	text/rtf	c1ba7343c12dacf2f9426d7cbd50f39fb834b420
./storage/workspace_test/documents_import_test@example.com 35/Finder/Tasks/Uploads/Untitled Note.rtf	     101	       2	text/rtf	c1ba7343c12dacf2f9426d7cbd50f39fb834b420
./storage/workspace_test/documents_import_test@example.com 38/Finder/Tasks/Uploads/Untitled Note.rtf	     101	       2	text/rtf	c1ba7343c12dacf2f9426d7cbd50f39fb834b420
./storage/workspace_test/documents_import_test@example.com 4/Finder/Tasks/Uploads/Untitled Note.rtf	     101	       2	text/rtf	c1ba7343c12dacf2f9426d7cbd50f39fb834b420
./storage/workspace_test/documents_import_test@example.com 41/Finder/Tasks/Uploads/Untitled Note.rtf	     101	       2	text/rtf	c1ba7343c12dacf2f9426d7cbd50f39fb834b420
./storage/workspace_test/documents_import_test@example.com 44/Finder/Tasks/Uploads/Untitled Note.rtf	     101	       2	text/rtf	c1ba7343c12dacf2f9426d7cbd50f39fb834b420
./storage/workspace_test/documents_import_test@example.com 47/Finder/Tasks/Uploads/Untitled Note.rtf	     101	       2	text/rtf	c1ba7343c12dacf2f9426d7cbd50f39fb834b420
./storage/workspace_test/documents_import_test@example.com 5/Finder/Tasks/Uploads/Untitled Note.rtf	     101	       2	text/rtf	c1ba7343c12dacf2f9426d7cbd50f39fb834b420
./storage/workspace_test/documents_import_test@example.com 6/Finder/Tasks/Uploads/Untitled Note.rtf	     101	       2	text/rtf	c1ba7343c12dacf2f9426d7cbd50f39fb834b420
./storage/workspace_test/documents_import_test@example.com 7/Finder/Tasks/Uploads/Untitled Note.rtf	     101	       2	text/rtf	c1ba7343c12dacf2f9426d7cbd50f39fb834b420
./storage/workspace_test/documents_import_test@example.com 8/Finder/Tasks/Uploads/Untitled Note.rtf	     101	       2	text/rtf	c1ba7343c12dacf2f9426d7cbd50f39fb834b420
./storage/workspace_test/documents_import_test@example.com 9/Finder/Tasks/Uploads/Untitled Note.rtf	     101	       2	text/rtf	c1ba7343c12dacf2f9426d7cbd50f39fb834b420
./storage/workspace_test/documents_import_test@example.com/Finder/Tasks/Uploads/Untitled Note.rtf	     101	       2	text/rtf	c1ba7343c12dacf2f9426d7cbd50f39fb834b420
./storage/workspace_test/drafts_user_031b294f/Embedded/Task Draft.txt	     198	       9	text/plain	ea414b1f5cb127cadeb6e93ef1030342862c62f4
./storage/workspace_test/drafts_user_031b294f/Finder/Tasks/Saved Task List.txt	     218	      10	text/plain	1f19cc8768aa1a89579b3d803e94dc88914e79bd
./storage/workspace_test/drafts_user_031b294f/Finder/Tasks/Welcome/Welcome.rtf	     877	       2	text/rtf	a33d9833ef501bf9e5d01ba75d683e586d2206a4
./storage/workspace_test/drafts_user_15006fd0/Embedded/Task Draft.txt	     198	       9	text/plain	eb46f1b395ad653c80402e86aabaec129978197f
./storage/workspace_test/drafts_user_15006fd0/Finder/Tasks/Welcome/Welcome.rtf	     877	       2	text/rtf	a33d9833ef501bf9e5d01ba75d683e586d2206a4
./storage/workspace_test/drafts_user_150da2f5/Embedded/Task Draft.txt	     198	       9	text/plain	ae01a841b11d4925486cd686b79dc8931be4c880
./storage/workspace_test/drafts_user_150da2f5/Finder/Tasks/Welcome/Welcome.rtf	     877	       2	text/rtf	a33d9833ef501bf9e5d01ba75d683e586d2206a4
./storage/workspace_test/drafts_user_162ed480/Embedded/Task Draft.txt	     198	       9	text/plain	89dfc6ccb501c2eb8fd0fe4eb6f1915d7dcacb3d
./storage/workspace_test/drafts_user_162ed480/Finder/Tasks/Saved Task List.txt	     218	      10	text/plain	51a74071bcdbcd681608d44e6fd6ab8ca01433ca
./storage/workspace_test/drafts_user_162ed480/Finder/Tasks/Welcome/Welcome.rtf	     877	       2	text/rtf	a33d9833ef501bf9e5d01ba75d683e586d2206a4
./storage/workspace_test/drafts_user_1771c38f/Embedded/Task Draft.txt	     198	       9	text/plain	fbefb85524618c00bdbc80d66ecc2995871a001e
./storage/workspace_test/drafts_user_1771c38f/Finder/Tasks/Welcome/Welcome.rtf	     877	       2	text/rtf	a33d9833ef501bf9e5d01ba75d683e586d2206a4
./storage/workspace_test/drafts_user_1cef3f23/Embedded/Task Draft.txt	     198	       9	text/plain	64541a36b2c668b34ea9865cfb9c84993326874f
./storage/workspace_test/drafts_user_1cef3f23/Finder/Tasks/Welcome/Welcome.rtf	     877	       2	text/rtf	a33d9833ef501bf9e5d01ba75d683e586d2206a4
./storage/workspace_test/drafts_user_33e79b3c/Finder/Tasks/Welcome/Welcome.rtf	     877	       2	text/rtf	a33d9833ef501bf9e5d01ba75d683e586d2206a4
./storage/workspace_test/drafts_user_5daad026/Embedded/Task Draft.txt	     198	       9	text/plain	6eea6706259bc8f97584f642c472b79fc329d841
./storage/workspace_test/drafts_user_5daad026/Finder/Tasks/Saved Task List.txt	     218	      10	text/plain	ca952455844186810f8fa6896b32dbb492b2fcc9
./storage/workspace_test/drafts_user_5daad026/Finder/Tasks/Welcome/Welcome.rtf	     877	       2	text/rtf	a33d9833ef501bf9e5d01ba75d683e586d2206a4
./storage/workspace_test/drafts_user_61962541/Finder/Tasks/Welcome/Welcome.rtf	     877	       2	text/rtf	a33d9833ef501bf9e5d01ba75d683e586d2206a4
./storage/workspace_test/drafts_user_85ae2020/Finder/Tasks/Welcome/Welcome.rtf	     877	       2	text/rtf	a33d9833ef501bf9e5d01ba75d683e586d2206a4
./storage/workspace_test/drafts_user_88e31f86/Embedded/Task Draft.txt	     198	       9	text/plain	e9ca7559d314f804abddcef01a587c0e76980671
./storage/workspace_test/drafts_user_88e31f86/Finder/Tasks/Welcome/Welcome.rtf	     877	       2	text/rtf	a33d9833ef501bf9e5d01ba75d683e586d2206a4
./storage/workspace_test/drafts_user_88ea75ea/Embedded/Task Draft.txt	     198	       9	text/plain	6a499347ff526b1ba78350d7d2be3207b25ab4bf
./storage/workspace_test/drafts_user_88ea75ea/Finder/Tasks/Saved Task List.txt	     218	      10	text/plain	03a703274ba11e70ba42c7677e070de32495d867
./storage/workspace_test/drafts_user_88ea75ea/Finder/Tasks/Welcome/Welcome.rtf	     877	       2	text/rtf	a33d9833ef501bf9e5d01ba75d683e586d2206a4
./storage/workspace_test/drafts_user_94ebbc6d/Finder/Tasks/Welcome/Welcome.rtf	     877	       2	text/rtf	a33d9833ef501bf9e5d01ba75d683e586d2206a4
./storage/workspace_test/drafts_user_95995c71/Embedded/Task Draft.txt	     198	       9	text/plain	f60d6a0487eb46c30fae9af9ec003d78794c4a58
./storage/workspace_test/drafts_user_95995c71/Finder/Tasks/Welcome/Welcome.rtf	     877	       2	text/rtf	a33d9833ef501bf9e5d01ba75d683e586d2206a4
./storage/workspace_test/drafts_user_9949d9b5/Embedded/Task Draft.txt	     198	       9	text/plain	6e2330e17187188b93c3c104fc3a8827a683a7a6
./storage/workspace_test/drafts_user_9949d9b5/Finder/Tasks/Saved Task List.txt	     218	      10	text/plain	89e69a328eaa47ef2f885daf66f3c00485da2d16
./storage/workspace_test/drafts_user_9949d9b5/Finder/Tasks/Welcome/Welcome.rtf	     877	       2	text/rtf	a33d9833ef501bf9e5d01ba75d683e586d2206a4
./storage/workspace_test/drafts_user_aa212477/Embedded/Task Draft.txt	     198	       9	text/plain	e7d09fc6a5fe9f845a09bae5b8be262f6615b7f9
./storage/workspace_test/drafts_user_aa212477/Finder/Tasks/Welcome/Welcome.rtf	     877	       2	text/rtf	a33d9833ef501bf9e5d01ba75d683e586d2206a4
./storage/workspace_test/drafts_user_c4dfa461/Finder/Tasks/Welcome/Welcome.rtf	     877	       2	text/rtf	a33d9833ef501bf9e5d01ba75d683e586d2206a4
./storage/workspace_test/drafts_user_c87747bc/Embedded/Task Draft.txt	     198	       9	text/plain	fbfd1cdadcf29d2f8e3e95770f6aa29107168fdd
./storage/workspace_test/drafts_user_c87747bc/Finder/Tasks/Saved Task List.txt	     218	      10	text/plain	35def0248b469819ab41ffa71c6e67f5a4584df6
./storage/workspace_test/drafts_user_c87747bc/Finder/Tasks/Welcome/Welcome.rtf	     877	       2	text/rtf	a33d9833ef501bf9e5d01ba75d683e586d2206a4
./storage/workspace_test/drafts_user_d0cc8784/Embedded/Task Draft.txt	     198	       9	text/plain	88f98a83e17dd4ac97032fadcc8bd43ffe397dce
./storage/workspace_test/drafts_user_d0cc8784/Finder/Tasks/Saved Task List.txt	     218	      10	text/plain	329297c6c3f458df1db6f538e11c41f7469b411e
./storage/workspace_test/drafts_user_d0cc8784/Finder/Tasks/Welcome/Welcome.rtf	     877	       2	text/rtf	a33d9833ef501bf9e5d01ba75d683e586d2206a4
./storage/workspace_test/drafts_user_d5250d05/Embedded/Task Draft.txt	     198	       9	text/plain	dff37a6a930ad7e5987e7ae72477e4a055aa037f
./storage/workspace_test/drafts_user_d5250d05/Finder/Tasks/Saved Task List.txt	     218	      10	text/plain	99520d7e28b941709f3396bcbee7f97e41c528fb
./storage/workspace_test/drafts_user_d5250d05/Finder/Tasks/Welcome/Welcome.rtf	     877	       2	text/rtf	a33d9833ef501bf9e5d01ba75d683e586d2206a4
./storage/workspace_test/drafts_user_de149286/Finder/Tasks/Welcome/Welcome.rtf	     877	       2	text/rtf	a33d9833ef501bf9e5d01ba75d683e586d2206a4
./storage/workspace_test/drafts_user_e23f20b5/Embedded/Task Draft.txt	     198	       9	text/plain	d57bfa607422d8378459c241040e5ad0f5319eb1
./storage/workspace_test/drafts_user_e23f20b5/Finder/Tasks/Welcome/Welcome.rtf	     877	       2	text/rtf	a33d9833ef501bf9e5d01ba75d683e586d2206a4
./storage/workspace_test/drafts_user_f2eee371/Finder/Tasks/Welcome/Welcome.rtf	     877	       2	text/rtf	a33d9833ef501bf9e5d01ba75d683e586d2206a4
./storage/workspace_test/drafts_user_f9cdb7eb/Finder/Tasks/Welcome/Welcome.rtf	     877	       2	text/rtf	a33d9833ef501bf9e5d01ba75d683e586d2206a4
./storage/workspace_test/drag_drop@example.com 2/Tasks/Drag Drop Tasks.txt	     232	      14	text/plain	27a2fa2a094a966227373afa4c55420d1c250033
./storage/workspace_test/drag_drop@example.com 3/Tasks/Drag Drop Tasks.txt	     232	      14	text/plain	2c7aaf47a303bca4725e6c90ccf6605f00933ca1
./storage/workspace_test/drag_drop@example.com 4/Tasks/Drag Drop Tasks.txt	     229	      14	text/plain	fc5bc5954821fb9f7f9a60ffe4052b5fc522a101
./storage/workspace_test/drag_drop@example.com 5/Tasks/Drag Drop Tasks.txt	     229	      14	text/plain	ee5d4c566427a5669ba0156a863e6c39804e86ea
./storage/workspace_test/drag_drop@example.com 6/Tasks/Drag Drop Tasks.txt	     229	      14	text/plain	9afa0e0ce159036010bd12ad777eed71551e424a
./storage/workspace_test/drag_drop@example.com 7/Tasks/Drag Drop Tasks.txt	     229	      14	text/plain	bbe8426072445b20714629c55baf0ee4e9fd2777
./storage/workspace_test/drag_drop@example.com 8/Tasks/Drag Drop Tasks.txt	     230	      14	text/plain	448f8a85e58ab76eea94d1a615c496f75f552c02
./storage/workspace_test/drag_drop@example.com/Tasks 2/Drag Drop Tasks.txt	     232	      14	text/plain	2eaac4645e958b789195061dbc691aea08e06828
./storage/workspace_test/drag_drop@example.com/Tasks 3/Drag Drop Tasks.txt	     232	      14	text/plain	413546d56456485001605b4c7ecb4bacb30f9ed6
./storage/workspace_test/drag_drop@example.com/Tasks/Drag Drop Tasks.txt	     232	      14	text/plain	66f9ab11896e8cb31fa37f84099cb5b8b2ffc2bc
./storage/workspace_test/embedded_draft_user_06e3d6b6/Embedded/Task Draft.txt	     198	       9	text/plain	d1e5307eab77442e07ecda96edaeb36bcb03ec37
./storage/workspace_test/embedded_draft_user_06e3d6b6/Finder/Tasks/Welcome/Welcome.rtf	     877	       2	text/rtf	a33d9833ef501bf9e5d01ba75d683e586d2206a4
./storage/workspace_test/embedded_draft_user_2054bc8a/Embedded/Task Draft.txt	     198	       9	text/plain	6f6d01e57462c844685f0207ff70f46a3fe9e48a
./storage/workspace_test/embedded_draft_user_2054bc8a/Finder/Tasks/Welcome/Welcome.rtf	     877	       2	text/rtf	a33d9833ef501bf9e5d01ba75d683e586d2206a4
./storage/workspace_test/embedded_draft_user_2805e7f3/Embedded/Task Draft.txt	     198	       9	text/plain	7862c8c4cf3878482f494c1ef5825de9b7c9e2a1
./storage/workspace_test/embedded_draft_user_2805e7f3/Finder/Tasks/Welcome/Welcome.rtf	     877	       2	text/rtf	a33d9833ef501bf9e5d01ba75d683e586d2206a4
./storage/workspace_test/embedded_draft_user_28db9062/Finder/Tasks/Welcome/Welcome.rtf	     877	       2	text/rtf	a33d9833ef501bf9e5d01ba75d683e586d2206a4
./storage/workspace_test/embedded_draft_user_5ca54558/Embedded/Note Draft.rtf	     101	       2	text/rtf	c1ba7343c12dacf2f9426d7cbd50f39fb834b420
./storage/workspace_test/embedded_draft_user_5ca54558/Finder/Tasks/Welcome/Welcome.rtf	     877	       2	text/rtf	a33d9833ef501bf9e5d01ba75d683e586d2206a4
./storage/workspace_test/embedded_draft_user_5d8d8b04/Embedded/Note Draft.rtf	     101	       2	text/rtf	c1ba7343c12dacf2f9426d7cbd50f39fb834b420
./storage/workspace_test/embedded_draft_user_5d8d8b04/Finder/Tasks/Welcome/Welcome.rtf	     877	       2	text/rtf	a33d9833ef501bf9e5d01ba75d683e586d2206a4
./storage/workspace_test/embedded_draft_user_7b2cbb0f/Finder/Tasks/Welcome/Welcome.rtf	     877	       2	text/rtf	a33d9833ef501bf9e5d01ba75d683e586d2206a4
./storage/workspace_test/embedded_draft_user_7fb47a82/Embedded/Note Draft.rtf	     101	       2	text/rtf	c1ba7343c12dacf2f9426d7cbd50f39fb834b420
./storage/workspace_test/embedded_draft_user_7fb47a82/Finder/Tasks/Welcome/Welcome.rtf	     877	       2	text/rtf	a33d9833ef501bf9e5d01ba75d683e586d2206a4
./storage/workspace_test/embedded_draft_user_8cc941c3/Finder/Tasks/Welcome/Welcome.rtf	     877	       2	text/rtf	a33d9833ef501bf9e5d01ba75d683e586d2206a4
./storage/workspace_test/embedded_draft_user_92c22fa6/Embedded/Task Draft.txt	     198	       9	text/plain	067c6967c488441164b8134f4669cc7d22c52fa0
./storage/workspace_test/embedded_draft_user_92c22fa6/Finder/Tasks/Welcome/Welcome.rtf	     877	       2	text/rtf	a33d9833ef501bf9e5d01ba75d683e586d2206a4
./storage/workspace_test/embedded_draft_user_93ed5ed5/Embedded/Task Draft.txt	     198	       9	text/plain	e4339b8d042141aca74db4c1d733266144474a72
./storage/workspace_test/embedded_draft_user_93ed5ed5/Finder/Tasks/Welcome/Welcome.rtf	     877	       2	text/rtf	a33d9833ef501bf9e5d01ba75d683e586d2206a4
./storage/workspace_test/embedded_draft_user_94b4d882/Embedded/Note Draft.rtf	     101	       2	text/rtf	c1ba7343c12dacf2f9426d7cbd50f39fb834b420
./storage/workspace_test/embedded_draft_user_94b4d882/Finder/Tasks/Welcome/Welcome.rtf	     877	       2	text/rtf	a33d9833ef501bf9e5d01ba75d683e586d2206a4
./storage/workspace_test/embedded_draft_user_9b3515b1/Embedded/Note Draft.rtf	     101	       2	text/rtf	c1ba7343c12dacf2f9426d7cbd50f39fb834b420
./storage/workspace_test/embedded_draft_user_9b3515b1/Finder/Tasks/Welcome/Welcome.rtf	     877	       2	text/rtf	a33d9833ef501bf9e5d01ba75d683e586d2206a4
./storage/workspace_test/embedded_draft_user_9ec8dd88/Finder/Tasks/Welcome/Welcome.rtf	     877	       2	text/rtf	a33d9833ef501bf9e5d01ba75d683e586d2206a4
./storage/workspace_test/embedded_draft_user_ae7bcf02/Embedded/Note Draft.rtf	     101	       2	text/rtf	c1ba7343c12dacf2f9426d7cbd50f39fb834b420
./storage/workspace_test/embedded_draft_user_ae7bcf02/Finder/Tasks/Welcome/Welcome.rtf	     877	       2	text/rtf	a33d9833ef501bf9e5d01ba75d683e586d2206a4
./storage/workspace_test/embedded_draft_user_af9e086d/Embedded/Task Draft.txt	     198	       9	text/plain	7862c8c4cf3878482f494c1ef5825de9b7c9e2a1
./storage/workspace_test/embedded_draft_user_af9e086d/Finder/Tasks/Welcome/Welcome.rtf	     877	       2	text/rtf	a33d9833ef501bf9e5d01ba75d683e586d2206a4
./storage/workspace_test/embedded_draft_user_b4819069/Finder/Tasks/Welcome/Welcome.rtf	     877	       2	text/rtf	a33d9833ef501bf9e5d01ba75d683e586d2206a4
./storage/workspace_test/embedded_draft_user_be9d6335/Embedded/Task Draft.txt	     198	       9	text/plain	ea414b1f5cb127cadeb6e93ef1030342862c62f4
./storage/workspace_test/embedded_draft_user_be9d6335/Finder/Tasks/Welcome/Welcome.rtf	     877	       2	text/rtf	a33d9833ef501bf9e5d01ba75d683e586d2206a4
./storage/workspace_test/embedded_draft_user_cdb99cb0/Embedded/Task Draft.txt	     198	       9	text/plain	836e329a8fbf40d248ff5a58bf9cb2d1082d3a06
./storage/workspace_test/embedded_draft_user_cdb99cb0/Finder/Tasks/Welcome/Welcome.rtf	     877	       2	text/rtf	a33d9833ef501bf9e5d01ba75d683e586d2206a4
./storage/workspace_test/embedded_draft_user_ddf28a7a/Embedded/Task Draft.txt	     198	       9	text/plain	725beef2e1d6cb183e5766f202cbfa726be4de2e
./storage/workspace_test/embedded_draft_user_ddf28a7a/Finder/Tasks/Welcome/Welcome.rtf	     877	       2	text/rtf	a33d9833ef501bf9e5d01ba75d683e586d2206a4
./storage/workspace_test/embedded_draft_user_dea6e728/Embedded/Task Draft.txt	     198	       9	text/plain	5332ea822353af1fb24d52758f71bcce07db185a
./storage/workspace_test/embedded_draft_user_dea6e728/Finder/Tasks/Welcome/Welcome.rtf	     877	       2	text/rtf	a33d9833ef501bf9e5d01ba75d683e586d2206a4
./storage/workspace_test/embedded_draft_user_e2de28ff/Embedded/Task Draft.txt	     198	       9	text/plain	43dccfcc8a8cc39e2ea34b8b80371f1b3d240ca1
./storage/workspace_test/embedded_draft_user_e2de28ff/Finder/Tasks/Welcome/Welcome.rtf	     877	       2	text/rtf	a33d9833ef501bf9e5d01ba75d683e586d2206a4
./storage/workspace_test/embedded_draft_user_e38d98e5/Finder/Tasks/Welcome/Welcome.rtf	     877	       2	text/rtf	a33d9833ef501bf9e5d01ba75d683e586d2206a4
./storage/workspace_test/embedded_draft_user_f05d264b/Embedded/Task Draft.txt	     198	       9	text/plain	3fb3e664f9e95b0295f69351e2edc9c12b2efa54
./storage/workspace_test/embedded_draft_user_f05d264b/Finder/Tasks/Welcome/Welcome.rtf	     877	       2	text/rtf	a33d9833ef501bf9e5d01ba75d683e586d2206a4
./storage/workspace_test/finder_initializer_test_04df1878@example.com/Finder/Tasks/Favorite Candidate.rtf	     112	       2	text/rtf	2359c4ed859f68ba86ddc0d974b5b094606489e5
./storage/workspace_test/finder_initializer_test_3ab47231@example.com/Finder/Tasks/Favorite Candidate.rtf	     112	       2	text/rtf	2359c4ed859f68ba86ddc0d974b5b094606489e5
./storage/workspace_test/finder_initializer_test_3aeb2c12@example.com/Finder/Tasks/Favorite Candidate.rtf	     112	       2	text/rtf	2359c4ed859f68ba86ddc0d974b5b094606489e5
./storage/workspace_test/finder_initializer_test_3d16796d@example.com/Finder/Tasks/Favorite Candidate.rtf	     112	       2	text/rtf	2359c4ed859f68ba86ddc0d974b5b094606489e5
./storage/workspace_test/finder_initializer_test_802d0bda@example.com/Finder/Tasks/Favorite Candidate.rtf	     112	       2	text/rtf	2359c4ed859f68ba86ddc0d974b5b094606489e5
./storage/workspace_test/finder_initializer_test_90dcc525@example.com/Finder/Tasks/Favorite Candidate.rtf	     112	       2	text/rtf	2359c4ed859f68ba86ddc0d974b5b094606489e5
./storage/workspace_test/finder_initializer_test_9d55a948@example.com/Finder/Tasks/Favorite Candidate.rtf	     112	       2	text/rtf	2359c4ed859f68ba86ddc0d974b5b094606489e5
./storage/workspace_test/finder_initializer_test_a58eae56@example.com/Finder/Tasks/Favorite Candidate.rtf	     112	       2	text/rtf	2359c4ed859f68ba86ddc0d974b5b094606489e5
./storage/workspace_test/finder_initializer_test_aeaaf8b1@example.com/Finder/Tasks/Favorite Candidate.rtf	     112	       2	text/rtf	2359c4ed859f68ba86ddc0d974b5b094606489e5
./storage/workspace_test/finder_initializer_test_d914d8f7@example.com/Finder/Tasks/Favorite Candidate.rtf	     112	       2	text/rtf	2359c4ed859f68ba86ddc0d974b5b094606489e5
./storage/workspace_test/finder_initializer_test_e7416a8e@example.com/Finder/Tasks/Favorite Candidate.rtf	     112	       2	text/rtf	2359c4ed859f68ba86ddc0d974b5b094606489e5
./storage/workspace_test/finder_initializer_test_ebd2b22d@example.com/Finder/Tasks/Favorite Candidate.rtf	     112	       2	text/rtf	2359c4ed859f68ba86ddc0d974b5b094606489e5
./storage/workspace_test/move_document_user_085b0856/Finder/Tasks/Welcome/Welcome.rtf	     877	       2	text/rtf	a33d9833ef501bf9e5d01ba75d683e586d2206a4
./storage/workspace_test/move_document_user_2d322760/Finder/Tasks/B/note.rtf	     105	       2	text/rtf	85e23c5ac3566c3dbfe0c7ac7581e8e884d228c3
./storage/workspace_test/move_document_user_2d322760/Finder/Tasks/Welcome/Welcome.rtf	     877	       2	text/rtf	a33d9833ef501bf9e5d01ba75d683e586d2206a4
./storage/workspace_test/move_document_user_2f1f4f75/Finder/Tasks/B/note.rtf	     105	       2	text/rtf	85e23c5ac3566c3dbfe0c7ac7581e8e884d228c3
./storage/workspace_test/move_document_user_2f1f4f75/Finder/Tasks/Welcome/Welcome.rtf	     877	       2	text/rtf	a33d9833ef501bf9e5d01ba75d683e586d2206a4
./storage/workspace_test/move_document_user_3d233df0/Finder/Tasks/Welcome/Welcome.rtf	     877	       2	text/rtf	a33d9833ef501bf9e5d01ba75d683e586d2206a4
./storage/workspace_test/move_document_user_45c87767/Finder/Tasks/B/note.rtf	     105	       2	text/rtf	85e23c5ac3566c3dbfe0c7ac7581e8e884d228c3
./storage/workspace_test/move_document_user_45c87767/Finder/Tasks/Welcome/Welcome.rtf	     877	       2	text/rtf	a33d9833ef501bf9e5d01ba75d683e586d2206a4
./storage/workspace_test/move_document_user_478d8c4d/Finder/Tasks/B/note.rtf	     105	       2	text/rtf	85e23c5ac3566c3dbfe0c7ac7581e8e884d228c3
./storage/workspace_test/move_document_user_478d8c4d/Finder/Tasks/Welcome/Welcome.rtf	     877	       2	text/rtf	a33d9833ef501bf9e5d01ba75d683e586d2206a4
./storage/workspace_test/move_document_user_53391c91/Finder/Tasks/Welcome/Welcome.rtf	     877	       2	text/rtf	a33d9833ef501bf9e5d01ba75d683e586d2206a4
./storage/workspace_test/move_document_user_5bb704aa/Finder/Tasks/Welcome/Welcome.rtf	     877	       2	text/rtf	a33d9833ef501bf9e5d01ba75d683e586d2206a4
./storage/workspace_test/move_document_user_7505c204/Finder/Tasks/Welcome/Welcome.rtf	     877	       2	text/rtf	a33d9833ef501bf9e5d01ba75d683e586d2206a4
./storage/workspace_test/move_document_user_7d0f6ef6/Finder/Tasks/Welcome/Welcome.rtf	     877	       2	text/rtf	a33d9833ef501bf9e5d01ba75d683e586d2206a4
./storage/workspace_test/move_document_user_8ffd69a8/Finder/Tasks/B/note.rtf	     105	       2	text/rtf	85e23c5ac3566c3dbfe0c7ac7581e8e884d228c3
./storage/workspace_test/move_document_user_8ffd69a8/Finder/Tasks/Welcome/Welcome.rtf	     877	       2	text/rtf	a33d9833ef501bf9e5d01ba75d683e586d2206a4
./storage/workspace_test/move_document_user_bfcd9527/Finder/Tasks/B/note.rtf	     105	       2	text/rtf	85e23c5ac3566c3dbfe0c7ac7581e8e884d228c3
./storage/workspace_test/move_document_user_bfcd9527/Finder/Tasks/Welcome/Welcome.rtf	     877	       2	text/rtf	a33d9833ef501bf9e5d01ba75d683e586d2206a4
./storage/workspace_test/move_document_user_d70c6490/Finder/Tasks/Welcome/Welcome.rtf	     877	       2	text/rtf	a33d9833ef501bf9e5d01ba75d683e586d2206a4
./storage/workspace_test/move_document_user_f077d9b8/Finder/Tasks/B/note.rtf	     105	       2	text/rtf	85e23c5ac3566c3dbfe0c7ac7581e8e884d228c3
./storage/workspace_test/move_document_user_f077d9b8/Finder/Tasks/Welcome/Welcome.rtf	     877	       2	text/rtf	a33d9833ef501bf9e5d01ba75d683e586d2206a4
./storage/workspace_test/move_document_user_f9c68c33/Finder/Tasks/B/note.rtf	     105	       2	text/rtf	85e23c5ac3566c3dbfe0c7ac7581e8e884d228c3
./storage/workspace_test/move_document_user_f9c68c33/Finder/Tasks/Welcome/Welcome.rtf	     877	       2	text/rtf	a33d9833ef501bf9e5d01ba75d683e586d2206a4
./storage/workspace_test/move_document_user_fff9cc83/Finder/Tasks/Welcome/Welcome.rtf	     877	       2	text/rtf	a33d9833ef501bf9e5d01ba75d683e586d2206a4
./storage/workspace_test/open_doc_user_04684ec9/Finder/Notes/Daily Note.rtf	     108	       2	text/rtf	79d06ea1c7596f0c5c51c24cbf372f57046646ac
./storage/workspace_test/open_doc_user_04684ec9/Finder/Tasks/Welcome/Welcome.rtf	     877	       2	text/rtf	a33d9833ef501bf9e5d01ba75d683e586d2206a4
./storage/workspace_test/open_doc_user_085781ff/Finder/Tasks/Welcome/Welcome.rtf	     877	       2	text/rtf	a33d9833ef501bf9e5d01ba75d683e586d2206a4
./storage/workspace_test/open_doc_user_08ece817/Finder/Notes/Daily Note.rtf	     108	       2	text/rtf	79d06ea1c7596f0c5c51c24cbf372f57046646ac
./storage/workspace_test/open_doc_user_08ece817/Finder/Tasks/Welcome/Welcome.rtf	     877	       2	text/rtf	a33d9833ef501bf9e5d01ba75d683e586d2206a4
./storage/workspace_test/open_doc_user_09edf338/Finder/Tasks/Task Note.rtf	     104	       2	text/rtf	9444b786c8af8e267f39bffeea17f5401757d01b
./storage/workspace_test/open_doc_user_09edf338/Finder/Tasks/Welcome/Welcome.rtf	     877	       2	text/rtf	a33d9833ef501bf9e5d01ba75d683e586d2206a4
./storage/workspace_test/open_doc_user_0fb00473/Finder/Tasks/Daily Tasks.txt	     199	       9	text/plain	27d00722b9c18a0ee4597c19e4ab7d2803d076c2
./storage/workspace_test/open_doc_user_0fb00473/Finder/Tasks/Welcome/Welcome.rtf	     877	       2	text/rtf	a33d9833ef501bf9e5d01ba75d683e586d2206a4
./storage/workspace_test/open_doc_user_1602ffd6/Finder/Notes/Daily Note.rtf	     108	       2	text/rtf	79d06ea1c7596f0c5c51c24cbf372f57046646ac
./storage/workspace_test/open_doc_user_1602ffd6/Finder/Tasks/Welcome/Welcome.rtf	     877	       2	text/rtf	a33d9833ef501bf9e5d01ba75d683e586d2206a4
./storage/workspace_test/open_doc_user_169bfb2b/Finder/Tasks/Welcome/Welcome.rtf	     877	       2	text/rtf	a33d9833ef501bf9e5d01ba75d683e586d2206a4
./storage/workspace_test/open_doc_user_2128982e/Finder/Tasks/Welcome/Welcome.rtf	     877	       2	text/rtf	a33d9833ef501bf9e5d01ba75d683e586d2206a4
./storage/workspace_test/open_doc_user_24d7baa1/Finder/Tasks/Welcome/Welcome.rtf	     877	       2	text/rtf	a33d9833ef501bf9e5d01ba75d683e586d2206a4
./storage/workspace_test/open_doc_user_2f5cbc27/Finder/Tasks/Welcome/Welcome.rtf	     877	       2	text/rtf	a33d9833ef501bf9e5d01ba75d683e586d2206a4
./storage/workspace_test/open_doc_user_3d4e733a/Finder/Tasks/Welcome/Welcome.rtf	     877	       2	text/rtf	a33d9833ef501bf9e5d01ba75d683e586d2206a4
./storage/workspace_test/open_doc_user_40681f97/Finder/Tasks/Welcome/Welcome.rtf	     877	       2	text/rtf	a33d9833ef501bf9e5d01ba75d683e586d2206a4
./storage/workspace_test/open_doc_user_49f267d4/Finder/Tasks/Task Note.rtf	     104	       2	text/rtf	9444b786c8af8e267f39bffeea17f5401757d01b
./storage/workspace_test/open_doc_user_49f267d4/Finder/Tasks/Welcome/Welcome.rtf	     877	       2	text/rtf	a33d9833ef501bf9e5d01ba75d683e586d2206a4
./storage/workspace_test/open_doc_user_4e5758ec/Finder/Tasks/Daily Tasks.txt	     199	       9	text/plain	d0255627eb5642ba9b23919e7c6344dc11ad8ad2
./storage/workspace_test/open_doc_user_4e5758ec/Finder/Tasks/Welcome/Welcome.rtf	     877	       2	text/rtf	a33d9833ef501bf9e5d01ba75d683e586d2206a4
./storage/workspace_test/open_doc_user_5188de23/Finder/Tasks/Welcome/Welcome.rtf	     877	       2	text/rtf	a33d9833ef501bf9e5d01ba75d683e586d2206a4
./storage/workspace_test/open_doc_user_623c74ed/Finder/Images/clip.mp3.bin	       0	       0	inode/x-empty	da39a3ee5e6b4b0d3255bfef95601890afd80709
./storage/workspace_test/open_doc_user_623c74ed/Finder/Tasks/Welcome/Welcome.rtf	     877	       2	text/rtf	a33d9833ef501bf9e5d01ba75d683e586d2206a4
./storage/workspace_test/open_doc_user_655b7114/Finder/Notes/Daily Note.rtf	     108	       2	text/rtf	79d06ea1c7596f0c5c51c24cbf372f57046646ac
./storage/workspace_test/open_doc_user_655b7114/Finder/Tasks/Welcome/Welcome.rtf	     877	       2	text/rtf	a33d9833ef501bf9e5d01ba75d683e586d2206a4
./storage/workspace_test/open_doc_user_6aed7680/Finder/Notes/Daily Note.rtf	     108	       2	text/rtf	79d06ea1c7596f0c5c51c24cbf372f57046646ac
./storage/workspace_test/open_doc_user_6aed7680/Finder/Tasks/Welcome/Welcome.rtf	     877	       2	text/rtf	a33d9833ef501bf9e5d01ba75d683e586d2206a4
./storage/workspace_test/open_doc_user_75ae0b05/Finder/Tasks/Daily Tasks.txt	     199	       9	text/plain	d194e1880b02fe19ac14b5224b85d0f611ded65a
./storage/workspace_test/open_doc_user_75ae0b05/Finder/Tasks/Welcome/Welcome.rtf	     877	       2	text/rtf	a33d9833ef501bf9e5d01ba75d683e586d2206a4
./storage/workspace_test/open_doc_user_8392b2f1/Finder/Images/clip.mp3.bin	       0	       0	inode/x-empty	da39a3ee5e6b4b0d3255bfef95601890afd80709
./storage/workspace_test/open_doc_user_8392b2f1/Finder/Tasks/Welcome/Welcome.rtf	     877	       2	text/rtf	a33d9833ef501bf9e5d01ba75d683e586d2206a4
./storage/workspace_test/open_doc_user_8e3c3d08/Finder/Tasks/Welcome/Welcome.rtf	     877	       2	text/rtf	a33d9833ef501bf9e5d01ba75d683e586d2206a4
./storage/workspace_test/open_doc_user_92ba9bc8/Finder/Tasks/Welcome/Welcome.rtf	     877	       2	text/rtf	a33d9833ef501bf9e5d01ba75d683e586d2206a4
./storage/workspace_test/open_doc_user_995ad6d9/Finder/Images/clip.mp3.bin	       0	       0	inode/x-empty	da39a3ee5e6b4b0d3255bfef95601890afd80709
./storage/workspace_test/open_doc_user_995ad6d9/Finder/Tasks/Welcome/Welcome.rtf	     877	       2	text/rtf	a33d9833ef501bf9e5d01ba75d683e586d2206a4
./storage/workspace_test/open_doc_user_a29ca8fd/Finder/Tasks/Task Note.rtf	     104	       2	text/rtf	9444b786c8af8e267f39bffeea17f5401757d01b
./storage/workspace_test/open_doc_user_a29ca8fd/Finder/Tasks/Welcome/Welcome.rtf	     877	       2	text/rtf	a33d9833ef501bf9e5d01ba75d683e586d2206a4
./storage/workspace_test/open_doc_user_a6c4919b/Finder/Tasks/Welcome/Welcome.rtf	     877	       2	text/rtf	a33d9833ef501bf9e5d01ba75d683e586d2206a4
./storage/workspace_test/open_doc_user_a9c22156/Finder/Tasks/Welcome/Welcome.rtf	     877	       2	text/rtf	a33d9833ef501bf9e5d01ba75d683e586d2206a4
./storage/workspace_test/open_doc_user_acd31244/Finder/Tasks/Daily Tasks.txt	     199	       9	text/plain	50c50eed023d0448d44947f03fecdfe4d7b70850
./storage/workspace_test/open_doc_user_acd31244/Finder/Tasks/Welcome/Welcome.rtf	     877	       2	text/rtf	a33d9833ef501bf9e5d01ba75d683e586d2206a4
./storage/workspace_test/open_doc_user_b047bb97/Finder/Tasks/Task Note.rtf	     104	       2	text/rtf	9444b786c8af8e267f39bffeea17f5401757d01b
./storage/workspace_test/open_doc_user_b047bb97/Finder/Tasks/Welcome/Welcome.rtf	     877	       2	text/rtf	a33d9833ef501bf9e5d01ba75d683e586d2206a4
./storage/workspace_test/open_doc_user_b13f0e98/Finder/Tasks/Welcome/Welcome.rtf	     877	       2	text/rtf	a33d9833ef501bf9e5d01ba75d683e586d2206a4
./storage/workspace_test/open_doc_user_b5b0d955/Finder/Images/clip.mp3.bin	       0	       0	inode/x-empty	da39a3ee5e6b4b0d3255bfef95601890afd80709
./storage/workspace_test/open_doc_user_b5b0d955/Finder/Tasks/Welcome/Welcome.rtf	     877	       2	text/rtf	a33d9833ef501bf9e5d01ba75d683e586d2206a4
./storage/workspace_test/open_doc_user_bcef5478/Finder/Tasks/Welcome/Welcome.rtf	     877	       2	text/rtf	a33d9833ef501bf9e5d01ba75d683e586d2206a4
./storage/workspace_test/open_doc_user_bf1bd848/Finder/Tasks/Task Note.rtf	     104	       2	text/rtf	9444b786c8af8e267f39bffeea17f5401757d01b
./storage/workspace_test/open_doc_user_bf1bd848/Finder/Tasks/Welcome/Welcome.rtf	     877	       2	text/rtf	a33d9833ef501bf9e5d01ba75d683e586d2206a4
./storage/workspace_test/open_doc_user_c3618365/Finder/Tasks/Welcome/Welcome.rtf	     877	       2	text/rtf	a33d9833ef501bf9e5d01ba75d683e586d2206a4
./storage/workspace_test/open_doc_user_c40e3d78/Finder/Notes/Daily Note.rtf	     108	       2	text/rtf	79d06ea1c7596f0c5c51c24cbf372f57046646ac
./storage/workspace_test/open_doc_user_c40e3d78/Finder/Tasks/Welcome/Welcome.rtf	     877	       2	text/rtf	a33d9833ef501bf9e5d01ba75d683e586d2206a4
./storage/workspace_test/open_doc_user_d2b2a84a/Finder/Tasks/Welcome/Welcome.rtf	     877	       2	text/rtf	a33d9833ef501bf9e5d01ba75d683e586d2206a4
./storage/workspace_test/open_doc_user_d593e8d7/Finder/Tasks/Welcome/Welcome.rtf	     877	       2	text/rtf	a33d9833ef501bf9e5d01ba75d683e586d2206a4
./storage/workspace_test/open_doc_user_dcd4cbf9/Finder/Images/clip.mp3.bin	       0	       0	inode/x-empty	da39a3ee5e6b4b0d3255bfef95601890afd80709
./storage/workspace_test/open_doc_user_dcd4cbf9/Finder/Tasks/Welcome/Welcome.rtf	     877	       2	text/rtf	a33d9833ef501bf9e5d01ba75d683e586d2206a4
./storage/workspace_test/open_doc_user_e01250b8/Finder/Tasks/Daily Tasks.txt	     199	       9	text/plain	d29dc5c9fedae83c7d7dc57a38d3d222def80083
./storage/workspace_test/open_doc_user_e01250b8/Finder/Tasks/Welcome/Welcome.rtf	     877	       2	text/rtf	a33d9833ef501bf9e5d01ba75d683e586d2206a4
./storage/workspace_test/open_doc_user_e457ac3a/Finder/Tasks/Task Note.rtf	     104	       2	text/rtf	9444b786c8af8e267f39bffeea17f5401757d01b
./storage/workspace_test/open_doc_user_e457ac3a/Finder/Tasks/Welcome/Welcome.rtf	     877	       2	text/rtf	a33d9833ef501bf9e5d01ba75d683e586d2206a4
./storage/workspace_test/open_doc_user_e52aef20/Finder/Notes/Daily Note.rtf	     108	       2	text/rtf	79d06ea1c7596f0c5c51c24cbf372f57046646ac
./storage/workspace_test/open_doc_user_e52aef20/Finder/Tasks/Welcome/Welcome.rtf	     877	       2	text/rtf	a33d9833ef501bf9e5d01ba75d683e586d2206a4
./storage/workspace_test/open_doc_user_e7df62e2/Finder/Tasks/Task Note.rtf	     104	       2	text/rtf	9444b786c8af8e267f39bffeea17f5401757d01b
./storage/workspace_test/open_doc_user_e7df62e2/Finder/Tasks/Welcome/Welcome.rtf	     877	       2	text/rtf	a33d9833ef501bf9e5d01ba75d683e586d2206a4
./storage/workspace_test/open_doc_user_ee5cf386/Finder/Tasks/Daily Tasks.txt	     199	       9	text/plain	6adbf2e8111232e8051894fd2794156b24e31a00
./storage/workspace_test/open_doc_user_ee5cf386/Finder/Tasks/Welcome/Welcome.rtf	     877	       2	text/rtf	a33d9833ef501bf9e5d01ba75d683e586d2206a4
./storage/workspace_test/open_doc_user_f11cf917/Finder/Images/clip.mp3.bin	       0	       0	inode/x-empty	da39a3ee5e6b4b0d3255bfef95601890afd80709
./storage/workspace_test/open_doc_user_f11cf917/Finder/Tasks/Welcome/Welcome.rtf	     877	       2	text/rtf	a33d9833ef501bf9e5d01ba75d683e586d2206a4
./storage/workspace_test/open_doc_user_f1bd903e/Finder/Tasks/Task Note.rtf	     104	       2	text/rtf	9444b786c8af8e267f39bffeea17f5401757d01b
./storage/workspace_test/open_doc_user_f1bd903e/Finder/Tasks/Welcome/Welcome.rtf	     877	       2	text/rtf	a33d9833ef501bf9e5d01ba75d683e586d2206a4
./storage/workspace_test/open_doc_user_f24d64f2/Finder/Tasks/Welcome/Welcome.rtf	     877	       2	text/rtf	a33d9833ef501bf9e5d01ba75d683e586d2206a4
./storage/workspace_test/open_doc_user_f5c4eb94/Finder/Notes/Daily Note.rtf	     108	       2	text/rtf	79d06ea1c7596f0c5c51c24cbf372f57046646ac
./storage/workspace_test/open_doc_user_f5c4eb94/Finder/Tasks/Welcome/Welcome.rtf	     877	       2	text/rtf	a33d9833ef501bf9e5d01ba75d683e586d2206a4
./storage/workspace_test/open_doc_user_f6064255/Finder/Tasks/Task Note.rtf	     104	       2	text/rtf	9444b786c8af8e267f39bffeea17f5401757d01b
./storage/workspace_test/open_doc_user_f6064255/Finder/Tasks/Welcome/Welcome.rtf	     877	       2	text/rtf	a33d9833ef501bf9e5d01ba75d683e586d2206a4
./storage/workspace_test/open_doc_user_f675fd1b/Finder/Notes/Daily Note.rtf	     108	       2	text/rtf	79d06ea1c7596f0c5c51c24cbf372f57046646ac
./storage/workspace_test/open_doc_user_f675fd1b/Finder/Tasks/Welcome/Welcome.rtf	     877	       2	text/rtf	a33d9833ef501bf9e5d01ba75d683e586d2206a4
./storage/workspace_test/panel_search_user_078fa31a/Finder/Notes/test.dotfield.rtf	     101	       2	text/rtf	c1ba7343c12dacf2f9426d7cbd50f39fb834b420
./storage/workspace_test/panel_search_user_078fa31a/Finder/Tasks/Welcome/Welcome.rtf	     877	       2	text/rtf	a33d9833ef501bf9e5d01ba75d683e586d2206a4
./storage/workspace_test/panel_search_user_1e3900b8/Finder/Notes/test.dotfield.rtf	     101	       2	text/rtf	c1ba7343c12dacf2f9426d7cbd50f39fb834b420
./storage/workspace_test/panel_search_user_1e3900b8/Finder/Tasks/Welcome/Welcome.rtf	     877	       2	text/rtf	a33d9833ef501bf9e5d01ba75d683e586d2206a4
./storage/workspace_test/panel_search_user_2221a261/Finder/Notes/Retrospective.rtf	     126	       2	text/rtf	7c84b3f39b6514df5d2a67f01d1dfb8e8d3f73db
./storage/workspace_test/panel_search_user_2221a261/Finder/Notes/Sprint Plan.rtf	     116	       2	text/rtf	b7546cb087eeac320825b6dbae65d7498b9c1bf4
./storage/workspace_test/panel_search_user_2221a261/Finder/Tasks/Welcome/Welcome.rtf	     877	       2	text/rtf	a33d9833ef501bf9e5d01ba75d683e586d2206a4
./storage/workspace_test/panel_search_user_292a66c0/Finder/Notes/test.dotfield.rtf	     101	       2	text/rtf	c1ba7343c12dacf2f9426d7cbd50f39fb834b420
./storage/workspace_test/panel_search_user_292a66c0/Finder/Tasks/Welcome/Welcome.rtf	     877	       2	text/rtf	a33d9833ef501bf9e5d01ba75d683e586d2206a4
./storage/workspace_test/panel_search_user_3b8dc1c3/Finder/Notes/test.dotfield.rtf	     101	       2	text/rtf	c1ba7343c12dacf2f9426d7cbd50f39fb834b420
./storage/workspace_test/panel_search_user_3b8dc1c3/Finder/Tasks/Welcome/Welcome.rtf	     877	       2	text/rtf	a33d9833ef501bf9e5d01ba75d683e586d2206a4
./storage/workspace_test/panel_search_user_3e14c693/Finder/Notes/Retrospective.rtf	     126	       2	text/rtf	7c84b3f39b6514df5d2a67f01d1dfb8e8d3f73db
./storage/workspace_test/panel_search_user_3e14c693/Finder/Notes/Sprint Plan.rtf	     116	       2	text/rtf	b7546cb087eeac320825b6dbae65d7498b9c1bf4
./storage/workspace_test/panel_search_user_3e14c693/Finder/Tasks/Welcome/Welcome.rtf	     877	       2	text/rtf	a33d9833ef501bf9e5d01ba75d683e586d2206a4
./storage/workspace_test/panel_search_user_422129ce/Finder/Notes/Retrospective.rtf	     126	       2	text/rtf	7c84b3f39b6514df5d2a67f01d1dfb8e8d3f73db
./storage/workspace_test/panel_search_user_422129ce/Finder/Notes/Sprint Plan.rtf	     116	       2	text/rtf	b7546cb087eeac320825b6dbae65d7498b9c1bf4
./storage/workspace_test/panel_search_user_422129ce/Finder/Tasks/Welcome/Welcome.rtf	     877	       2	text/rtf	a33d9833ef501bf9e5d01ba75d683e586d2206a4
./storage/workspace_test/panel_search_user_6fbd6ed9/Finder/Notes/test.dotfield.rtf	     101	       2	text/rtf	c1ba7343c12dacf2f9426d7cbd50f39fb834b420
./storage/workspace_test/panel_search_user_6fbd6ed9/Finder/Tasks/Welcome/Welcome.rtf	     877	       2	text/rtf	a33d9833ef501bf9e5d01ba75d683e586d2206a4
./storage/workspace_test/panel_search_user_9e2a6490/Finder/Notes/Retrospective.rtf	     126	       2	text/rtf	7c84b3f39b6514df5d2a67f01d1dfb8e8d3f73db
./storage/workspace_test/panel_search_user_9e2a6490/Finder/Notes/Sprint Plan.rtf	     116	       2	text/rtf	b7546cb087eeac320825b6dbae65d7498b9c1bf4
./storage/workspace_test/panel_search_user_9e2a6490/Finder/Tasks/Welcome/Welcome.rtf	     877	       2	text/rtf	a33d9833ef501bf9e5d01ba75d683e586d2206a4
./storage/workspace_test/panel_search_user_a17265f5/Finder/Notes/Retrospective.rtf	     126	       2	text/rtf	7c84b3f39b6514df5d2a67f01d1dfb8e8d3f73db
./storage/workspace_test/panel_search_user_a17265f5/Finder/Notes/Sprint Plan.rtf	     116	       2	text/rtf	b7546cb087eeac320825b6dbae65d7498b9c1bf4
./storage/workspace_test/panel_search_user_a17265f5/Finder/Tasks/Welcome/Welcome.rtf	     877	       2	text/rtf	a33d9833ef501bf9e5d01ba75d683e586d2206a4
./storage/workspace_test/panel_search_user_c3e514aa/Finder/Notes/test.dotfield.rtf	     101	       2	text/rtf	c1ba7343c12dacf2f9426d7cbd50f39fb834b420
./storage/workspace_test/panel_search_user_c3e514aa/Finder/Tasks/Welcome/Welcome.rtf	     877	       2	text/rtf	a33d9833ef501bf9e5d01ba75d683e586d2206a4
./storage/workspace_test/panel_search_user_dc72f1cf/Finder/Notes/Retrospective.rtf	     126	       2	text/rtf	7c84b3f39b6514df5d2a67f01d1dfb8e8d3f73db
./storage/workspace_test/panel_search_user_dc72f1cf/Finder/Notes/Sprint Plan.rtf	     116	       2	text/rtf	b7546cb087eeac320825b6dbae65d7498b9c1bf4
./storage/workspace_test/panel_search_user_dc72f1cf/Finder/Tasks/Welcome/Welcome.rtf	     877	       2	text/rtf	a33d9833ef501bf9e5d01ba75d683e586d2206a4
./storage/workspace_test/panel_search_user_dfd33eb2/Finder/Notes/Retrospective.rtf	     126	       2	text/rtf	7c84b3f39b6514df5d2a67f01d1dfb8e8d3f73db
./storage/workspace_test/panel_search_user_dfd33eb2/Finder/Notes/Sprint Plan.rtf	     116	       2	text/rtf	b7546cb087eeac320825b6dbae65d7498b9c1bf4
./storage/workspace_test/panel_search_user_dfd33eb2/Finder/Tasks/Welcome/Welcome.rtf	     877	       2	text/rtf	a33d9833ef501bf9e5d01ba75d683e586d2206a4
./storage/workspace_test/panel_search_user_e963ebad/Finder/Notes/Retrospective.rtf	     126	       2	text/rtf	7c84b3f39b6514df5d2a67f01d1dfb8e8d3f73db
./storage/workspace_test/panel_search_user_e963ebad/Finder/Notes/Sprint Plan.rtf	     116	       2	text/rtf	b7546cb087eeac320825b6dbae65d7498b9c1bf4
./storage/workspace_test/panel_search_user_e963ebad/Finder/Tasks/Welcome/Welcome.rtf	     877	       2	text/rtf	a33d9833ef501bf9e5d01ba75d683e586d2206a4
./storage/workspace_test/panel_search_user_f2279132/Finder/Notes/test.dotfield.rtf	     101	       2	text/rtf	c1ba7343c12dacf2f9426d7cbd50f39fb834b420
./storage/workspace_test/panel_search_user_f2279132/Finder/Tasks/Welcome/Welcome.rtf	     877	       2	text/rtf	a33d9833ef501bf9e5d01ba75d683e586d2206a4
./storage/workspace_test/panel_search_user_feb5ef7e/Finder/Notes/test.dotfield.rtf	     101	       2	text/rtf	c1ba7343c12dacf2f9426d7cbd50f39fb834b420
./storage/workspace_test/panel_search_user_feb5ef7e/Finder/Tasks/Welcome/Welcome.rtf	     877	       2	text/rtf	a33d9833ef501bf9e5d01ba75d683e586d2206a4
./storage/workspace_test/policy_test_3dab677f@example.com/Finder/Notes/Policy Note.rtf	     106	       2	text/rtf	cf33d6d13b8f672ff3c083d94d3aee3f385f444e
./storage/workspace_test/policy_user_1334aa7a/Finder/Notes/Policy Note.rtf	     106	       2	text/rtf	cf33d6d13b8f672ff3c083d94d3aee3f385f444e
./storage/workspace_test/policy_user_1334aa7a/Finder/Tasks/Welcome/Welcome.rtf	     877	       2	text/rtf	a33d9833ef501bf9e5d01ba75d683e586d2206a4
./storage/workspace_test/policy_user_18b65539/Finder/Notes/Policy Note.rtf	     106	       2	text/rtf	cf33d6d13b8f672ff3c083d94d3aee3f385f444e
./storage/workspace_test/policy_user_18b65539/Finder/Tasks/Welcome/Welcome.rtf	     877	       2	text/rtf	a33d9833ef501bf9e5d01ba75d683e586d2206a4
./storage/workspace_test/policy_user_19089de1/Finder/Tasks/Welcome/Welcome.rtf	     877	       2	text/rtf	a33d9833ef501bf9e5d01ba75d683e586d2206a4
./storage/workspace_test/policy_user_193ab0ad/Finder/Notes/Policy Note.rtf	     106	       2	text/rtf	cf33d6d13b8f672ff3c083d94d3aee3f385f444e
./storage/workspace_test/policy_user_193ab0ad/Finder/Tasks/Welcome/Welcome.rtf	     877	       2	text/rtf	a33d9833ef501bf9e5d01ba75d683e586d2206a4
./storage/workspace_test/policy_user_1a1b0111/Finder/Tasks/Welcome/Welcome.rtf	     877	       2	text/rtf	a33d9833ef501bf9e5d01ba75d683e586d2206a4
./storage/workspace_test/policy_user_1b774c38/Finder/Tasks/Welcome/Welcome.rtf	     877	       2	text/rtf	a33d9833ef501bf9e5d01ba75d683e586d2206a4
./storage/workspace_test/policy_user_1f58ed56/Finder/Tasks/Welcome/Welcome.rtf	     877	       2	text/rtf	a33d9833ef501bf9e5d01ba75d683e586d2206a4
./storage/workspace_test/policy_user_22338e20/Finder/Tasks/Welcome/Welcome.rtf	     877	       2	text/rtf	a33d9833ef501bf9e5d01ba75d683e586d2206a4
./storage/workspace_test/policy_user_2568be63/Finder/Tasks/Welcome/Welcome.rtf	     877	       2	text/rtf	a33d9833ef501bf9e5d01ba75d683e586d2206a4
./storage/workspace_test/policy_user_259fa181/Finder/Tasks/Welcome/Welcome.rtf	     877	       2	text/rtf	a33d9833ef501bf9e5d01ba75d683e586d2206a4
./storage/workspace_test/policy_user_2ac3a69b/Finder/Tasks/Welcome/Welcome.rtf	     877	       2	text/rtf	a33d9833ef501bf9e5d01ba75d683e586d2206a4
./storage/workspace_test/policy_user_30767325/Finder/Tasks/Welcome/Welcome.rtf	     877	       2	text/rtf	a33d9833ef501bf9e5d01ba75d683e586d2206a4
./storage/workspace_test/policy_user_46ede058/Finder/Notes/Policy Note.rtf	     106	       2	text/rtf	cf33d6d13b8f672ff3c083d94d3aee3f385f444e
./storage/workspace_test/policy_user_46ede058/Finder/Tasks/Welcome/Welcome.rtf	     877	       2	text/rtf	a33d9833ef501bf9e5d01ba75d683e586d2206a4
./storage/workspace_test/policy_user_51d093ed/Finder/Tasks/Welcome/Welcome.rtf	     877	       2	text/rtf	a33d9833ef501bf9e5d01ba75d683e586d2206a4
./storage/workspace_test/policy_user_5c306191/Finder/Tasks/Welcome/Welcome.rtf	     877	       2	text/rtf	a33d9833ef501bf9e5d01ba75d683e586d2206a4
./storage/workspace_test/policy_user_6fb302df/Finder/Tasks/Welcome/Welcome.rtf	     877	       2	text/rtf	a33d9833ef501bf9e5d01ba75d683e586d2206a4
./storage/workspace_test/policy_user_73455e1b/Finder/Notes/Policy Note.rtf	     106	       2	text/rtf	cf33d6d13b8f672ff3c083d94d3aee3f385f444e
./storage/workspace_test/policy_user_73455e1b/Finder/Tasks/Welcome/Welcome.rtf	     877	       2	text/rtf	a33d9833ef501bf9e5d01ba75d683e586d2206a4
./storage/workspace_test/policy_user_89bb65c1/Finder/Tasks/Welcome/Welcome.rtf	     877	       2	text/rtf	a33d9833ef501bf9e5d01ba75d683e586d2206a4
./storage/workspace_test/policy_user_8a9bde49/Finder/Tasks/Welcome/Welcome.rtf	     877	       2	text/rtf	a33d9833ef501bf9e5d01ba75d683e586d2206a4
./storage/workspace_test/policy_user_8da9effb/Finder/Tasks/Welcome/Welcome.rtf	     877	       2	text/rtf	a33d9833ef501bf9e5d01ba75d683e586d2206a4
./storage/workspace_test/policy_user_910c2abb/Finder/Tasks/Welcome/Welcome.rtf	     877	       2	text/rtf	a33d9833ef501bf9e5d01ba75d683e586d2206a4
./storage/workspace_test/policy_user_933f1b64/Finder/Tasks/Welcome/Welcome.rtf	     877	       2	text/rtf	a33d9833ef501bf9e5d01ba75d683e586d2206a4
./storage/workspace_test/policy_user_9ee523c3/Finder/Tasks/Welcome/Welcome.rtf	     877	       2	text/rtf	a33d9833ef501bf9e5d01ba75d683e586d2206a4
./storage/workspace_test/policy_user_b0d2660d/Finder/Tasks/Welcome/Welcome.rtf	     877	       2	text/rtf	a33d9833ef501bf9e5d01ba75d683e586d2206a4
./storage/workspace_test/policy_user_b5b3c712/Finder/Tasks/Welcome/Welcome.rtf	     877	       2	text/rtf	a33d9833ef501bf9e5d01ba75d683e586d2206a4
./storage/workspace_test/policy_user_b5fdcdcf/Finder/Tasks/Welcome/Welcome.rtf	     877	       2	text/rtf	a33d9833ef501bf9e5d01ba75d683e586d2206a4
./storage/workspace_test/policy_user_bde79496/Finder/Tasks/Welcome/Welcome.rtf	     877	       2	text/rtf	a33d9833ef501bf9e5d01ba75d683e586d2206a4
./storage/workspace_test/policy_user_c3b5f7ff/Finder/Notes/Policy Note.rtf	     106	       2	text/rtf	cf33d6d13b8f672ff3c083d94d3aee3f385f444e
./storage/workspace_test/policy_user_c3b5f7ff/Finder/Tasks/Welcome/Welcome.rtf	     877	       2	text/rtf	a33d9833ef501bf9e5d01ba75d683e586d2206a4
./storage/workspace_test/policy_user_c4e98ace/Finder/Notes/Policy Note.rtf	     106	       2	text/rtf	cf33d6d13b8f672ff3c083d94d3aee3f385f444e
./storage/workspace_test/policy_user_c4e98ace/Finder/Tasks/Welcome/Welcome.rtf	     877	       2	text/rtf	a33d9833ef501bf9e5d01ba75d683e586d2206a4
./storage/workspace_test/policy_user_d8ca94cf/Finder/Tasks/Welcome/Welcome.rtf	     877	       2	text/rtf	a33d9833ef501bf9e5d01ba75d683e586d2206a4
./storage/workspace_test/policy_user_dea3c72b/Finder/Tasks/Welcome/Welcome.rtf	     877	       2	text/rtf	a33d9833ef501bf9e5d01ba75d683e586d2206a4
./storage/workspace_test/policy_user_e35160ea/Finder/Tasks/Welcome/Welcome.rtf	     877	       2	text/rtf	a33d9833ef501bf9e5d01ba75d683e586d2206a4
./storage/workspace_test/policy_user_ea5dbd19/Finder/Tasks/Welcome/Welcome.rtf	     877	       2	text/rtf	a33d9833ef501bf9e5d01ba75d683e586d2206a4
./storage/workspace_test/policy_user_eb35fe88/Finder/Notes/Policy Note.rtf	     106	       2	text/rtf	cf33d6d13b8f672ff3c083d94d3aee3f385f444e
./storage/workspace_test/policy_user_eb35fe88/Finder/Tasks/Welcome/Welcome.rtf	     877	       2	text/rtf	a33d9833ef501bf9e5d01ba75d683e586d2206a4
./storage/workspace_test/policy_user_eba8e867/Finder/Tasks/Welcome/Welcome.rtf	     877	       2	text/rtf	a33d9833ef501bf9e5d01ba75d683e586d2206a4
./storage/workspace_test/policy_user_f9fc3dad/Finder/Notes/Policy Note.rtf	     106	       2	text/rtf	cf33d6d13b8f672ff3c083d94d3aee3f385f444e
./storage/workspace_test/policy_user_f9fc3dad/Finder/Tasks/Welcome/Welcome.rtf	     877	       2	text/rtf	a33d9833ef501bf9e5d01ba75d683e586d2206a4
./storage/workspace_test/prefs_flow_user_0e1d3436/Finder/Tasks/Welcome/Welcome.rtf	     877	       2	text/rtf	a33d9833ef501bf9e5d01ba75d683e586d2206a4
./storage/workspace_test/prefs_flow_user_0ee2f36b/Finder/Tasks/Welcome/Welcome.rtf	     877	       2	text/rtf	a33d9833ef501bf9e5d01ba75d683e586d2206a4
./storage/workspace_test/prefs_flow_user_10a67510/Finder/Tasks/Welcome/Welcome.rtf	     877	       2	text/rtf	a33d9833ef501bf9e5d01ba75d683e586d2206a4
./storage/workspace_test/prefs_flow_user_1f27dd3b/Finder/Tasks/Welcome/Welcome.rtf	     877	       2	text/rtf	a33d9833ef501bf9e5d01ba75d683e586d2206a4
./storage/workspace_test/prefs_flow_user_30e5dd6f/Finder/Tasks/Welcome/Welcome.rtf	     877	       2	text/rtf	a33d9833ef501bf9e5d01ba75d683e586d2206a4
./storage/workspace_test/prefs_flow_user_32614a64/Finder/Tasks/Welcome/Welcome.rtf	     877	       2	text/rtf	a33d9833ef501bf9e5d01ba75d683e586d2206a4
./storage/workspace_test/prefs_flow_user_331448e7/Finder/Tasks/Welcome/Welcome.rtf	     877	       2	text/rtf	a33d9833ef501bf9e5d01ba75d683e586d2206a4
./storage/workspace_test/prefs_flow_user_5b5e28a1/Finder/Tasks/Welcome/Welcome.rtf	     877	       2	text/rtf	a33d9833ef501bf9e5d01ba75d683e586d2206a4
./storage/workspace_test/prefs_flow_user_604c8fb5/Finder/Tasks/Welcome/Welcome.rtf	     877	       2	text/rtf	a33d9833ef501bf9e5d01ba75d683e586d2206a4
./storage/workspace_test/prefs_flow_user_65bf153b/Finder/Tasks/Welcome/Welcome.rtf	     877	       2	text/rtf	a33d9833ef501bf9e5d01ba75d683e586d2206a4
./storage/workspace_test/prefs_flow_user_743e4cae/Finder/Tasks/Welcome/Welcome.rtf	     877	       2	text/rtf	a33d9833ef501bf9e5d01ba75d683e586d2206a4
./storage/workspace_test/prefs_flow_user_80af98e9/Finder/Tasks/Welcome/Welcome.rtf	     877	       2	text/rtf	a33d9833ef501bf9e5d01ba75d683e586d2206a4
./storage/workspace_test/prefs_flow_user_81bcf082/Finder/Tasks/Welcome/Welcome.rtf	     877	       2	text/rtf	a33d9833ef501bf9e5d01ba75d683e586d2206a4
./storage/workspace_test/prefs_flow_user_d2555636/Finder/Tasks/Welcome/Welcome.rtf	     877	       2	text/rtf	a33d9833ef501bf9e5d01ba75d683e586d2206a4
./storage/workspace_test/prefs_flow_user_de588411/Finder/Tasks/Welcome/Welcome.rtf	     877	       2	text/rtf	a33d9833ef501bf9e5d01ba75d683e586d2206a4
./storage/workspace_test/prefs_flow_user_edd138b2/Finder/Tasks/Welcome/Welcome.rtf	     877	       2	text/rtf	a33d9833ef501bf9e5d01ba75d683e586d2206a4
./storage/workspace_test/prefs_user_0cf55b61/Finder/Tasks/Welcome/Welcome.rtf	     877	       2	text/rtf	a33d9833ef501bf9e5d01ba75d683e586d2206a4
./storage/workspace_test/prefs_user_18fee9da/Finder/Images/wall.jpg.bin	       0	       0	inode/x-empty	da39a3ee5e6b4b0d3255bfef95601890afd80709
./storage/workspace_test/prefs_user_18fee9da/Finder/Tasks/Welcome/Welcome.rtf	     877	       2	text/rtf	a33d9833ef501bf9e5d01ba75d683e586d2206a4
./storage/workspace_test/prefs_user_198fd223/Finder/Images/wall.jpg.bin	       0	       0	inode/x-empty	da39a3ee5e6b4b0d3255bfef95601890afd80709
./storage/workspace_test/prefs_user_198fd223/Finder/Tasks/Welcome/Welcome.rtf	     877	       2	text/rtf	a33d9833ef501bf9e5d01ba75d683e586d2206a4
./storage/workspace_test/prefs_user_20159668/Finder/Tasks/Welcome/Welcome.rtf	     877	       2	text/rtf	a33d9833ef501bf9e5d01ba75d683e586d2206a4
./storage/workspace_test/prefs_user_33873237/Finder/Tasks/Welcome/Welcome.rtf	     877	       2	text/rtf	a33d9833ef501bf9e5d01ba75d683e586d2206a4
./storage/workspace_test/prefs_user_38953b80/Finder/Tasks/Welcome/Welcome.rtf	     877	       2	text/rtf	a33d9833ef501bf9e5d01ba75d683e586d2206a4
./storage/workspace_test/prefs_user_55f13eea/Finder/Tasks/Welcome/Welcome.rtf	     877	       2	text/rtf	a33d9833ef501bf9e5d01ba75d683e586d2206a4
./storage/workspace_test/prefs_user_60df5520/Finder/Tasks/Welcome/Welcome.rtf	     877	       2	text/rtf	a33d9833ef501bf9e5d01ba75d683e586d2206a4
./storage/workspace_test/prefs_user_83053072/Finder/Tasks/Welcome/Welcome.rtf	     877	       2	text/rtf	a33d9833ef501bf9e5d01ba75d683e586d2206a4
./storage/workspace_test/prefs_user_a3247d35/Finder/Tasks/Welcome/Welcome.rtf	     877	       2	text/rtf	a33d9833ef501bf9e5d01ba75d683e586d2206a4
./storage/workspace_test/prefs_user_b327016e/Finder/Images/wall.jpg.bin	       0	       0	inode/x-empty	da39a3ee5e6b4b0d3255bfef95601890afd80709
./storage/workspace_test/prefs_user_b327016e/Finder/Tasks/Welcome/Welcome.rtf	     877	       2	text/rtf	a33d9833ef501bf9e5d01ba75d683e586d2206a4
./storage/workspace_test/prefs_user_c590fab1/Finder/Images/wall.jpg.bin	       0	       0	inode/x-empty	da39a3ee5e6b4b0d3255bfef95601890afd80709
./storage/workspace_test/prefs_user_c590fab1/Finder/Tasks/Welcome/Welcome.rtf	     877	       2	text/rtf	a33d9833ef501bf9e5d01ba75d683e586d2206a4
./storage/workspace_test/pwd_user_3c05f249/Finder/Tasks/Welcome/Welcome.rtf	     877	       2	text/rtf	a33d9833ef501bf9e5d01ba75d683e586d2206a4
./storage/workspace_test/pwd_user_4470101c/Finder/Tasks/Welcome/Welcome.rtf	     877	       2	text/rtf	a33d9833ef501bf9e5d01ba75d683e586d2206a4
./storage/workspace_test/pwd_user_5e38b8d1/Finder/Tasks/Welcome/Welcome.rtf	     877	       2	text/rtf	a33d9833ef501bf9e5d01ba75d683e586d2206a4
./storage/workspace_test/pwd_user_76930fa8/Finder/Tasks/Welcome/Welcome.rtf	     877	       2	text/rtf	a33d9833ef501bf9e5d01ba75d683e586d2206a4
./storage/workspace_test/pwd_user_8442df75/Finder/Tasks/Welcome/Welcome.rtf	     877	       2	text/rtf	a33d9833ef501bf9e5d01ba75d683e586d2206a4
./storage/workspace_test/pwd_user_84a3221a/Finder/Tasks/Welcome/Welcome.rtf	     877	       2	text/rtf	a33d9833ef501bf9e5d01ba75d683e586d2206a4
./storage/workspace_test/pwd_user_a8212951/Finder/Tasks/Welcome/Welcome.rtf	     877	       2	text/rtf	a33d9833ef501bf9e5d01ba75d683e586d2206a4
./storage/workspace_test/pwd_user_a8bfa0d3/Finder/Tasks/Welcome/Welcome.rtf	     877	       2	text/rtf	a33d9833ef501bf9e5d01ba75d683e586d2206a4
./storage/workspace_test/rename_user_0b363e33/Finder/Tasks/Welcome/Welcome.rtf	     877	       2	text/rtf	a33d9833ef501bf9e5d01ba75d683e586d2206a4
./storage/workspace_test/rename_user_2390d1b3/Finder/Tasks/Welcome/Welcome.rtf	     877	       2	text/rtf	a33d9833ef501bf9e5d01ba75d683e586d2206a4
./storage/workspace_test/rename_user_2b820493/Finder/Tasks/Welcome/Welcome.rtf	     877	       2	text/rtf	a33d9833ef501bf9e5d01ba75d683e586d2206a4
./storage/workspace_test/rename_user_42fa8d81/Finder/Tasks/Welcome/Welcome.rtf	     877	       2	text/rtf	a33d9833ef501bf9e5d01ba75d683e586d2206a4
./storage/workspace_test/rename_user_577edf46/Finder/Tasks/Welcome/Welcome.rtf	     877	       2	text/rtf	a33d9833ef501bf9e5d01ba75d683e586d2206a4
./storage/workspace_test/rename_user_59d3fbef/Finder/Tasks/Welcome/Welcome.rtf	     877	       2	text/rtf	a33d9833ef501bf9e5d01ba75d683e586d2206a4
./storage/workspace_test/rename_user_75aca840/Finder/Tasks/Welcome/Welcome.rtf	     877	       2	text/rtf	a33d9833ef501bf9e5d01ba75d683e586d2206a4
./storage/workspace_test/rename_user_d632eb03/Finder/Tasks/Welcome/Welcome.rtf	     877	       2	text/rtf	a33d9833ef501bf9e5d01ba75d683e586d2206a4
./storage/workspace_test/task_editor@example.com 2/Tasks/System Test Tasks.txt	     238	      11	text/plain	1df2f746c8eb2a94daa4099af892d31e52abebfe
./storage/workspace_test/task_editor@example.com 3/Tasks/System Test Tasks.txt	     238	      11	text/plain	98bb03a8ed0d5bd6ab7f8f35ab97ea5a715f1209
./storage/workspace_test/task_editor@example.com/Finder/Tasks/System Test Tasks.txt	     238	      11	text/plain	9b5effd8a43eb200eadcddaa3f7563584417c57e
./storage/workspace_test/tasks_save_file_user_034f7007/Embedded/Task Draft.txt	     198	       9	text/plain	ea414b1f5cb127cadeb6e93ef1030342862c62f4
./storage/workspace_test/tasks_save_file_user_034f7007/Finder/Tasks/Saved.txt	     203	      10	text/plain	956c11b2f9f3d722400753bf5b88b8a270d45c7a
./storage/workspace_test/tasks_save_file_user_034f7007/Finder/Tasks/Welcome/Welcome.rtf	     877	       2	text/rtf	a33d9833ef501bf9e5d01ba75d683e586d2206a4
./storage/workspace_test/tasks_save_file_user_07650002/Finder/Tasks/Welcome/Welcome.rtf	     877	       2	text/rtf	a33d9833ef501bf9e5d01ba75d683e586d2206a4
./storage/workspace_test/tasks_save_file_user_1426a311/Embedded/Task Draft.txt	     198	       9	text/plain	b8d7992562bb75c8b401d22a6236478a08638340
./storage/workspace_test/tasks_save_file_user_1426a311/Finder/Tasks/Saved.txt	     203	      10	text/plain	474c47a569663e7be6cafd665cabb6df07aea284
./storage/workspace_test/tasks_save_file_user_1426a311/Finder/Tasks/Welcome/Welcome.rtf	     877	       2	text/rtf	a33d9833ef501bf9e5d01ba75d683e586d2206a4
./storage/workspace_test/tasks_save_file_user_24262ad0/Finder/Tasks/Welcome/Welcome.rtf	     877	       2	text/rtf	a33d9833ef501bf9e5d01ba75d683e586d2206a4
./storage/workspace_test/tasks_save_file_user_3e4d996c/Embedded/Task Draft.txt	     198	       9	text/plain	d92d1ddde18affd4bbe92b4bf77ba9b51d9b01be
./storage/workspace_test/tasks_save_file_user_3e4d996c/Finder/Tasks/Saved.txt	     203	      10	text/plain	d743d475c4c85888a2d35ae51c724ceed2ee6104
./storage/workspace_test/tasks_save_file_user_3e4d996c/Finder/Tasks/Welcome/Welcome.rtf	     877	       2	text/rtf	a33d9833ef501bf9e5d01ba75d683e586d2206a4
./storage/workspace_test/tasks_save_file_user_6a698046/Finder/Tasks/Welcome/Welcome.rtf	     877	       2	text/rtf	a33d9833ef501bf9e5d01ba75d683e586d2206a4
./storage/workspace_test/tasks_save_file_user_8da4b50d/Embedded/Task Draft.txt	     198	       9	text/plain	052c4858a84bdef35f9e581c809770248a8f32bf
./storage/workspace_test/tasks_save_file_user_8da4b50d/Finder/Tasks/Saved.txt	     203	      10	text/plain	ad019e45f66666db054b3f412bc26e8ab38d8e3c
./storage/workspace_test/tasks_save_file_user_8da4b50d/Finder/Tasks/Welcome/Welcome.rtf	     877	       2	text/rtf	a33d9833ef501bf9e5d01ba75d683e586d2206a4
./storage/workspace_test/tasks_save_file_user_90817b80/Embedded/Task Draft.txt	     198	       9	text/plain	4bce483a862026def80b2dff574d6266d2af9d49
./storage/workspace_test/tasks_save_file_user_90817b80/Finder/Tasks/Saved.txt	     203	      10	text/plain	00d3d742f23f80100f2da215b2f6422f6ea7a506
./storage/workspace_test/tasks_save_file_user_90817b80/Finder/Tasks/Welcome/Welcome.rtf	     877	       2	text/rtf	a33d9833ef501bf9e5d01ba75d683e586d2206a4
./storage/workspace_test/tasks_save_file_user_a5c5d92e/Finder/Tasks/Welcome/Welcome.rtf	     877	       2	text/rtf	a33d9833ef501bf9e5d01ba75d683e586d2206a4
./storage/workspace_test/tasks_save_file_user_a6c4eb82/Embedded/Task Draft.txt	     198	       9	text/plain	63c98b59d74759a60630636b825f49e6958da1e1
./storage/workspace_test/tasks_save_file_user_a6c4eb82/Finder/Tasks/Saved.txt	     203	      10	text/plain	bd12bdef8d6f8dd82a4ab6f9f7fc22d0cadb789b
./storage/workspace_test/tasks_save_file_user_a6c4eb82/Finder/Tasks/Welcome/Welcome.rtf	     877	       2	text/rtf	a33d9833ef501bf9e5d01ba75d683e586d2206a4
./storage/workspace_test/tasks_save_file_user_d47f122b/Finder/Tasks/Welcome/Welcome.rtf	     877	       2	text/rtf	a33d9833ef501bf9e5d01ba75d683e586d2206a4
./storage/workspace_test/tasks_save_file_user_eed697d8/Finder/Tasks/Welcome/Welcome.rtf	     877	       2	text/rtf	a33d9833ef501bf9e5d01ba75d683e586d2206a4
./storage/workspace_test/tasks_save_file_user_f904e1c3/Finder/Tasks/Welcome/Welcome.rtf	     877	       2	text/rtf	a33d9833ef501bf9e5d01ba75d683e586d2206a4
./storage/workspace_test/tasks_save_file_user_fce63b92/Embedded/Task Draft.txt	     198	       9	text/plain	0efa71d97f75f53916be08c5e7a1491bc9763216
./storage/workspace_test/tasks_save_file_user_fce63b92/Finder/Tasks/Saved.txt	     203	      10	text/plain	db424c4e46d2a655a74067d6285f10996aa580ea
./storage/workspace_test/tasks_save_file_user_fce63b92/Finder/Tasks/Welcome/Welcome.rtf	     877	       2	text/rtf	a33d9833ef501bf9e5d01ba75d683e586d2206a4
./storage/workspace_test/upload_files_user_2838a019/Finder/Tasks/Uploads/Simple.rtf	     114	       2	text/rtf	4871b0d4ca63eeb0e25b509cbd29146d72e59d3f
./storage/workspace_test/upload_files_user_2838a019/Finder/Tasks/Welcome/Welcome.rtf	     877	       2	text/rtf	a33d9833ef501bf9e5d01ba75d683e586d2206a4
./storage/workspace_test/upload_files_user_2c30f975/Finder/Tasks/Uploads/Simple.rtf	     114	       2	text/rtf	4871b0d4ca63eeb0e25b509cbd29146d72e59d3f
./storage/workspace_test/upload_files_user_2c30f975/Finder/Tasks/Welcome/Welcome.rtf	     877	       2	text/rtf	a33d9833ef501bf9e5d01ba75d683e586d2206a4
./storage/workspace_test/upload_files_user_3d51ec91/Finder/Tasks/Welcome/Welcome.rtf	     877	       2	text/rtf	a33d9833ef501bf9e5d01ba75d683e586d2206a4
./storage/workspace_test/upload_files_user_41939eed/Finder/Tasks/Welcome/Welcome.rtf	     877	       2	text/rtf	a33d9833ef501bf9e5d01ba75d683e586d2206a4
./storage/workspace_test/upload_files_user_4a490274/Finder/Tasks/Welcome/Welcome.rtf	     877	       2	text/rtf	a33d9833ef501bf9e5d01ba75d683e586d2206a4
./storage/workspace_test/upload_files_user_545d2aba/Finder/Tasks/Uploads/Simple.rtf	     114	       2	text/rtf	4871b0d4ca63eeb0e25b509cbd29146d72e59d3f
./storage/workspace_test/upload_files_user_545d2aba/Finder/Tasks/Welcome/Welcome.rtf	     877	       2	text/rtf	a33d9833ef501bf9e5d01ba75d683e586d2206a4
./storage/workspace_test/upload_files_user_764e0ef2/Finder/Tasks/Welcome/Welcome.rtf	     877	       2	text/rtf	a33d9833ef501bf9e5d01ba75d683e586d2206a4
./storage/workspace_test/upload_files_user_88fd2aa2/Finder/Tasks/Uploads/Simple.rtf	     114	       2	text/rtf	4871b0d4ca63eeb0e25b509cbd29146d72e59d3f
./storage/workspace_test/upload_files_user_88fd2aa2/Finder/Tasks/Welcome/Welcome.rtf	     877	       2	text/rtf	a33d9833ef501bf9e5d01ba75d683e586d2206a4
./storage/workspace_test/upload_files_user_a2bfaeb4/Finder/Tasks/Welcome/Welcome.rtf	     877	       2	text/rtf	a33d9833ef501bf9e5d01ba75d683e586d2206a4
./storage/workspace_test/upload_files_user_a65dd046/Finder/Tasks/Welcome/Welcome.rtf	     877	       2	text/rtf	a33d9833ef501bf9e5d01ba75d683e586d2206a4
./storage/workspace_test/upload_files_user_b914896e/Finder/Tasks/Welcome/Welcome.rtf	     877	       2	text/rtf	a33d9833ef501bf9e5d01ba75d683e586d2206a4
./storage/workspace_test/upload_files_user_cac35983/Finder/Tasks/Uploads/Simple.rtf	     114	       2	text/rtf	4871b0d4ca63eeb0e25b509cbd29146d72e59d3f
./storage/workspace_test/upload_files_user_cac35983/Finder/Tasks/Welcome/Welcome.rtf	     877	       2	text/rtf	a33d9833ef501bf9e5d01ba75d683e586d2206a4
./storage/workspace_test/upload_files_user_eca549c9/Finder/Tasks/Uploads/Simple.rtf	     114	       2	text/rtf	4871b0d4ca63eeb0e25b509cbd29146d72e59d3f
./storage/workspace_test/upload_files_user_eca549c9/Finder/Tasks/Welcome/Welcome.rtf	     877	       2	text/rtf	a33d9833ef501bf9e5d01ba75d683e586d2206a4
./storage/workspace_test/upload_files_user_f211b26e/Finder/Tasks/Uploads/Simple.rtf	     114	       2	text/rtf	4871b0d4ca63eeb0e25b509cbd29146d72e59d3f
./storage/workspace_test/upload_files_user_f211b26e/Finder/Tasks/Welcome/Welcome.rtf	     877	       2	text/rtf	a33d9833ef501bf9e5d01ba75d683e586d2206a4
./test/application_system_test_case.rb	     249	       8	text/x-ruby	64144cfc9bb48e5820d2875acc835933f755a3fb
./test/controllers/.keep	       0	       0	inode/x-empty	da39a3ee5e6b4b0d3255bfef95601890afd80709
./test/fixtures/documents.yml	     455	      22	text/plain	42c5399a070edf954e3b79afeb5a603d01b8bb5e
./test/fixtures/files/.keep	       0	       0	inode/x-empty	da39a3ee5e6b4b0d3255bfef95601890afd80709
./test/helpers/.keep	       0	       0	inode/x-empty	da39a3ee5e6b4b0d3255bfef95601890afd80709
./test/integration/.keep	       0	       0	inode/x-empty	da39a3ee5e6b4b0d3255bfef95601890afd80709
./test/integration/apps_linked_open_test.rb	    5722	     161	text/x-ruby	cf0210e073555f600ee8e35bd86ca168b02ce4c8
./test/integration/documents_destroy_test.rb	    3222	      99	text/x-ruby	a980cf626ed0f265cfd356d7325b3033aabad8b4
./test/integration/documents_import_test.rb	    1987	      64	text/x-ruby	a6c3af0d9a12784a72e35ce1842f6c12405e2c5c
./test/integration/documents_panel_search_test.rb	    2216	      70	text/x-ruby	568d5c9f0d263578c8b34dc4fefef97efb139d03
./test/integration/documents_rename_test.rb	    1674	      55	text/x-ruby	a755d70ffc08977c89c3730b08620ed589e35aa9
./test/integration/documents_sync_test.rb	    3526	     103	text/x-ruby	abdedf3736fe0815fc56851d49fa33e7f7bc8b53
./test/integration/drafts_lifecycle_test.rb	    2576	      76	text/x-ruby	40ee0ccb6b0d063a34f2a90aeffee26121538d0c
./test/integration/workspace_preferences_and_user_flow_test.rb	    2010	      61	text/x-ruby	6d1298e65e15cc26fe3ddea688c0f9e05f4027b6
./test/mailers/.keep	       0	       0	inode/x-empty	da39a3ee5e6b4b0d3255bfef95601890afd80709
./test/models/.keep	       0	       0	inode/x-empty	da39a3ee5e6b4b0d3255bfef95601890afd80709
./test/models/document_test.rb	     276	      10	text/x-ruby	f10c11d2eddd9127711974787c446cbfa89fb487
./test/models/folder_test.rb	     120	       7	text/x-ruby	3e10e303ebc3bfb7fac74e1a08c47234f473fa1a
./test/models/item_test.rb	     118	       7	text/x-ruby	f3c350e096d7fd002507b8b6c506e1a29ab499e8
./test/policies/document_policy_test.rb	    2127	      60	text/x-ruby	403457b34a8b0bab823c82f310075375d822cca5
./test/services/apps/open_linked_document_test.rb	    3268	     111	text/x-ruby	570bbbebb7693202bc06f3bb3301c8cc472bb6b5
./test/services/apps/user/update_password_test.rb	    1154	      42	text/x-ruby	a91a0aa38fd7567f7f5e6ab454dc7ced9d1ce2c1
./test/services/apps/user/update_username_test.rb	    1571	      58	text/x-ruby	b4a5cdce1a17fd06ee0f4e824dcd76ea9baedbef
./test/services/document_disk_loader_test.rb	    3796	     102	text/x-ruby	1c7675269fde7ef107871dec20816f9bfc0bc3a0
./test/services/document_persistence_test.rb	    6012	     157	text/x-ruby	c5723e82f21aac3214c844c2e736646edbac8535
./test/services/documents/create_file_test.rb	    1269	      40	text/x-ruby	aba1c7aa275555796a98bba453a98999d3e0ca8a
./test/services/documents/create_subfolder_test.rb	    1259	      41	text/x-ruby	e437c3aacbcec78ff4f245713ca80852e4ff399a
./test/services/documents/move_document_test.rb	    1467	      41	text/x-ruby	a2cc34b4d0ae2a020ccfe2425be2d9a8e9771a9c
./test/services/documents/upload_files_test.rb	    1467	      46	text/x-ruby	56d48f325e9bcd83b4bb75998763099511a1d627
./test/services/embedded_draft_document_test.rb	    1893	      54	text/x-ruby	7242d70f11e3b33405054b6ee728952e0db2a13b
./test/services/finder_workspace_initializer_test.rb	    2825	      73	text/x-ruby	7b5c838bd8dc537ed20ef97e4865ca0b22190037
./test/services/note_rtf_converter_test.rb	     852	      25	text/x-ruby	c7fa7a830916f00edc695d779dd744bbe6b4eec7
./test/services/tasks/save_file_test.rb	    1821	      60	text/x-ruby	6e4fb9d98f2f4612ec30d9abea8162ce47edce89
./test/services/time_card_document_codec_test.rb	    1848	      58	text/x-ruby	e6cc14ada7ed471e49ec47f7ab40aa437a8db84f
./test/services/workspace_preferences/manager_test.rb	    1689	      50	text/x-ruby	1107ff37ae53380b4c6a227f2a2e79d587e8f781
./test/system/notes_editor_smoke_test.rb	     817	      32	text/x-ruby	f7d3c5d733ebcd2e03c5ee876eee2608f8cbaaf7
./test/system/os_window_sizing_contract_test.rb	    2096	      66	text/x-ruby	4a87e509ba9afaa190b35ad7963cdbce49abc7e6
./test/system/task_list_drag_drop_test.rb	    6678	     151	text/x-ruby	a7e7acba9a8095b1c5f8d58cd2b8a85167941012
./test/system/task_list_editor_behavior_test.rb	    3020	      96	text/x-ruby	0ead01e73138de98f18c417aa048cfa8ed283611
./test/system/time_card_smoke_test.rb	     928	      34	text/x-ruby	4c02b0d94219f531ac3ee7b1dff0e7d24dcedcd1
./test/test_helper.rb	     410	      15	text/x-ruby	2e3e0209b5d0416bb12b05934ecede7560a5ffc6
./tmp/.keep	       0	       0	inode/x-empty	da39a3ee5e6b4b0d3255bfef95601890afd80709
./tmp/cache/bootsnap/compile-cache-iseq/00/55626680e00fd2	    1352	       0	application/octet-stream	6389bc3a63046e22bb731e8c69bdff7c8ca3fa98
./tmp/cache/bootsnap/compile-cache-iseq/00/607d7cbb319bbf	     488	       0	application/octet-stream	5a7e568d50728099907270d110e30d33a330ee2a
./tmp/cache/bootsnap/compile-cache-iseq/00/67747fedb8e029	     504	       0	application/octet-stream	f3eae7bbb103b57a22e5aa0e1915595f90a95e88
./tmp/cache/bootsnap/compile-cache-iseq/00/9992f5ebd458ad	   40148	     344	application/octet-stream	89739401b5d8484835f682c4afa04d03dd31f21b
./tmp/cache/bootsnap/compile-cache-iseq/00/aa6d913f0bbdfe	    2540	       1	application/octet-stream	9188df9964a73ca46c73a192ae425d12ffc9ea3f
./tmp/cache/bootsnap/compile-cache-iseq/00/b57f3882f49a12	    2956	      14	application/octet-stream	311f1d7c1bf76f9ee0d26bd928cbf0f3e632a72d
./tmp/cache/bootsnap/compile-cache-iseq/00/e04c0c68180249	    2680	       3	application/octet-stream	5263844582c852f82afd5d54558e630ef52127b0
./tmp/cache/bootsnap/compile-cache-iseq/00/e098a0a46b6c68	    3756	      24	application/octet-stream	ccb98428e7ed4914ef1871e3227a68e807c1050b
./tmp/cache/bootsnap/compile-cache-iseq/00/fe30264bd57714	     688	       0	application/octet-stream	7be0f767cdc40c055548b9bf03fd0165b556ebb7
./tmp/cache/bootsnap/compile-cache-iseq/01/080ef813f8a96a	    1880	       0	application/octet-stream	012bf6985d961bf29ec47870114508e5bb6ee6dc
./tmp/cache/bootsnap/compile-cache-iseq/01/138892da68df7d	    6048	      10	application/octet-stream	2b968511516f595fb80405c26a42c0d758161f6f
./tmp/cache/bootsnap/compile-cache-iseq/01/2585feb34ae735	     936	       0	application/octet-stream	e78aeea130fb940334f66e5331792081b5607662
./tmp/cache/bootsnap/compile-cache-iseq/01/40724414d7f5a0	    3300	      21	application/octet-stream	14125f2c949627210c9bdeb0443f5a0758095512
./tmp/cache/bootsnap/compile-cache-iseq/01/634de9e7b25d8f	    4780	      11	application/octet-stream	3afd660999ae18a4a719230d36bf4dc425fd3ccc
./tmp/cache/bootsnap/compile-cache-iseq/01/6b18d120ff4eee	    1140	       0	application/octet-stream	c3e154c0959ad3375cea5556960546bd0e47368f
./tmp/cache/bootsnap/compile-cache-iseq/01/7619cae24ddd79	    2124	       0	application/octet-stream	2900213dd0e458a1ce5b8bd74b2b77d99e2c7606
./tmp/cache/bootsnap/compile-cache-iseq/01/8aa407ed43d94f	     668	       0	application/octet-stream	7cf584ae8d189827975b6bf9463e22e148188345
./tmp/cache/bootsnap/compile-cache-iseq/01/9e3db8ee2f3597	    1692	       1	application/octet-stream	a328137e16be52f3615351380b2e12d34807c1a7
./tmp/cache/bootsnap/compile-cache-iseq/01/e5674f7b26e84f	    2976	      13	application/octet-stream	b83c4aeddb9b9681d78cb958fb7536f1684fb674
./tmp/cache/bootsnap/compile-cache-iseq/01/e7475860219992	     580	       0	application/octet-stream	fab1b45c02fba8dbb93db701f5c124fd0b4d43dd
./tmp/cache/bootsnap/compile-cache-iseq/01/f99c584dc28ae2	     640	       0	application/octet-stream	107051947e7530611143ba48f3093166e67f053f
./tmp/cache/bootsnap/compile-cache-iseq/02/2c4805f6bd252c	    6808	      88	application/octet-stream	77b072cf3df9f468a7470602c08508d50908c966
./tmp/cache/bootsnap/compile-cache-iseq/02/4730876afdda7f	    7280	      20	application/octet-stream	e20f17f9339908e4e420c75ad999c797c2896fd2
./tmp/cache/bootsnap/compile-cache-iseq/02/75499bf2256692	    1604	       0	application/octet-stream	5b62e4a198ebf0b24c3659d9fefe24dfdc6f6ec4
./tmp/cache/bootsnap/compile-cache-iseq/02/798b081ad2b83f	    2968	      15	application/octet-stream	971fb2675f0c5e1bcd665fe6c1beac8feb0d1915
./tmp/cache/bootsnap/compile-cache-iseq/02/8403bbd03c820c	    5288	       5	application/octet-stream	c8645dd9366f3032b924af0f7cedcb321858af84
./tmp/cache/bootsnap/compile-cache-iseq/02/a891f61d0acd39	    1340	       0	application/octet-stream	104f6faf8efc74a465d9afadc47b9ec222cccef8
./tmp/cache/bootsnap/compile-cache-iseq/02/d5cf98236b24d4	    6828	       5	application/octet-stream	af6aa21831a33a2ec8ea1284e0c464533930b5f2
./tmp/cache/bootsnap/compile-cache-iseq/02/e37cd274a95638	    2828	       4	application/octet-stream	238f563a4a94aa7a2c806dc679b49da7076360e3
./tmp/cache/bootsnap/compile-cache-iseq/02/f39cc34f2f6269	    1084	       0	application/octet-stream	b153edae3798b3ef9918ba73232c7393e5877218
./tmp/cache/bootsnap/compile-cache-iseq/03/46470efff34af0	    2240	       3	application/octet-stream	49442e91a925f182dd51acf0e6121ea37071fecb
./tmp/cache/bootsnap/compile-cache-iseq/03/4813d1740fde34	    8132	      60	application/octet-stream	26592143215252934c48f0003bcc231907a118ef
./tmp/cache/bootsnap/compile-cache-iseq/03/5145cc701d8d45	     928	       3	application/octet-stream	e7c0ecd3bbf6c83c727bc69a77ad3d4ad95b437a
./tmp/cache/bootsnap/compile-cache-iseq/03/743775bc61149e	    3540	      37	application/octet-stream	372ea905c44dac9bc7d03abdaa1a325015754856
./tmp/cache/bootsnap/compile-cache-iseq/03/785c72635a2441	    4012	      19	application/octet-stream	5e995d67229500c20584a744da666dbac7295aa1
./tmp/cache/bootsnap/compile-cache-iseq/03/c0a9b57f67f089	     328	       0	application/octet-stream	dd98bbdb2d989966d539f8e4e12602b313c6bf73
./tmp/cache/bootsnap/compile-cache-iseq/03/dbe941a13ff4d8	   11656	     416	application/octet-stream	6fa28d891df867208e5bea733ee1d996b3cc4b0a
./tmp/cache/bootsnap/compile-cache-iseq/03/e235e535a6c77e	    7120	      32	application/octet-stream	01db327796e20be6a824c340e9b60b3bae41cd77
./tmp/cache/bootsnap/compile-cache-iseq/04/1ba18432733012	     840	       0	application/octet-stream	329011db3472c8abb2614bb95d642c4b155fd06f
./tmp/cache/bootsnap/compile-cache-iseq/04/20d9fddbd8bd7b	    3744	      24	application/octet-stream	72e809de84e23aa7750be9cfaa4a4a0da3282119
./tmp/cache/bootsnap/compile-cache-iseq/04/3efda828a9e868	    1960	       1	application/octet-stream	be7c6ebe302031dd37fb38295a1481057128b073
./tmp/cache/bootsnap/compile-cache-iseq/04/4b6b0216fb3e6c	    4776	      14	application/octet-stream	67fc4bbbb5c1deb0ee68a64eaac3ad55827e10f7
./tmp/cache/bootsnap/compile-cache-iseq/04/4cfa162c6856bd	    3520	      25	application/octet-stream	27009aad9635239c549b435d4d22f4ca4cfa15e5
./tmp/cache/bootsnap/compile-cache-iseq/04/54a209150f2467	    3052	      16	application/octet-stream	b781282cfa2ffb82b1cc11d290816415ff63d481
./tmp/cache/bootsnap/compile-cache-iseq/04/5ba1ef4a798f8b	    2948	      14	application/octet-stream	cdd51d233362e79109a26d880e07eb99c29023f2
./tmp/cache/bootsnap/compile-cache-iseq/04/6e3eb0f824f573	    1588	       0	application/octet-stream	a7e760dead076b001059f914c581600658393635
./tmp/cache/bootsnap/compile-cache-iseq/04/744e50570af292	    8960	      62	application/octet-stream	921b87b42da224c2abffb700f674a5a6a051327e
./tmp/cache/bootsnap/compile-cache-iseq/04/7952c1feef8724	   13264	     191	application/octet-stream	0e38f1a1383b04138b206b42df943ce906236bba
./tmp/cache/bootsnap/compile-cache-iseq/04/85cd56bc964a24	    2688	       3	application/octet-stream	0c5e7a64ab002e1d9945cd3ec02597e597c2bd31
./tmp/cache/bootsnap/compile-cache-iseq/04/9d9dfe76369da3	    4536	       5	application/octet-stream	9411ffd53289d4294adadc63cb1d5ebf82ea0f18
./tmp/cache/bootsnap/compile-cache-iseq/04/e165b6859b9fe2	    1096	       0	application/octet-stream	9048ffa8896ed56e0e93fd566edd9614854014b9
./tmp/cache/bootsnap/compile-cache-iseq/05/1fb923ef9f137a	    1448	       3	application/octet-stream	ce799922671ce5a1ea7e1b9140cdb68db82a83dd
./tmp/cache/bootsnap/compile-cache-iseq/05/2179a41d7f0c1a	   59616	     949	application/octet-stream	bc2e047c84ad60c848e5132df4f82850534e4cfa
./tmp/cache/bootsnap/compile-cache-iseq/05/2cd2c3f9cbd972	    6420	      13	application/octet-stream	3f2133fcdf5e31da49f60886ec7622989f578373
./tmp/cache/bootsnap/compile-cache-iseq/05/2e7c9368b04496	    9008	     137	application/octet-stream	77d84a7c2b3126044ebfa494c1ebeb21d157744b
./tmp/cache/bootsnap/compile-cache-iseq/05/3d14d537db083f	    3268	      29	application/octet-stream	83ad402f368809273e44ad4c0824d1efd588e81e
./tmp/cache/bootsnap/compile-cache-iseq/05/4e220cb9f35e26	    3752	      17	application/octet-stream	16ba4e42c2d4de55c75bb17e314434857bd019d6
./tmp/cache/bootsnap/compile-cache-iseq/05/66904aa8202c43	    2740	       3	application/octet-stream	003d5a88097f2eb4e085cfa3fc897ed9e5595943
./tmp/cache/bootsnap/compile-cache-iseq/05/6c924c97534f05	    5680	       7	application/octet-stream	7d4bc45a55fbd2302ec29462aae9de511746a459
./tmp/cache/bootsnap/compile-cache-iseq/05/6ffd007ecd01a0	    4480	      12	application/octet-stream	7def9f322374bb1829a5b4ebfc9a0703b5a3693f
./tmp/cache/bootsnap/compile-cache-iseq/05/70b751f8cefa43	   13176	     203	application/octet-stream	72efed25f42ea18056c03a15a04c729150218817
./tmp/cache/bootsnap/compile-cache-iseq/05/89f0707237c0c1	    6104	      11	application/octet-stream	89f5f5881d14e82c50f8e4e795eafc7a7252ae05
./tmp/cache/bootsnap/compile-cache-iseq/05/90214198900944	    1932	       0	application/octet-stream	4d23d30569bb72cfbb88dbad6da0d68e3992c2fc
./tmp/cache/bootsnap/compile-cache-iseq/05/a7441a469056ba	    2412	       1	application/octet-stream	5b4e40d14f22076782bafb10c72603acadd529bc
./tmp/cache/bootsnap/compile-cache-iseq/05/b5fe9750be9651	    1812	       0	application/octet-stream	b6adf52b91c1fd430fb0d6eba32caa9957cd20c8
./tmp/cache/bootsnap/compile-cache-iseq/06/0f3acb08c291e9	    1288	       0	application/octet-stream	df0958877117069e8675af20322be0089eb61078
./tmp/cache/bootsnap/compile-cache-iseq/06/1e6661f9bf66f1	    2988	      12	application/octet-stream	aaf5cebe4566036f51215e3052057361cc6aab1e
./tmp/cache/bootsnap/compile-cache-iseq/06/2daf0728261151	    3888	      16	application/octet-stream	509dd84e8d93e634b261ec9908c0aa3683f0bed9
./tmp/cache/bootsnap/compile-cache-iseq/06/3359e389182f92	    1348	       0	application/octet-stream	cd59b54b6a02d37f367fd2975b920af57f591450
./tmp/cache/bootsnap/compile-cache-iseq/06/4cc17289158850	   24348	     539	application/octet-stream	243f5f0b7b689bdd775c04583b5e1a2ae6685b4d
./tmp/cache/bootsnap/compile-cache-iseq/06/6ae978e469eb29	    4544	       9	application/octet-stream	6c85387d4beba494cb7d40b58a122bb7dd395848
./tmp/cache/bootsnap/compile-cache-iseq/06/6db59161e284b4	   12892	     177	application/octet-stream	4393c560e404a48c973de98c20f9f5deceb7477a
./tmp/cache/bootsnap/compile-cache-iseq/06/7def9053448c19	    2712	       4	application/octet-stream	99e9c4866721bdc07f0213f69b189cea52ed1aa3
./tmp/cache/bootsnap/compile-cache-iseq/06/a4ffeb9d76178d	    6524	       5	application/octet-stream	c1ab7fe884343c6c7a9bbeaf1a68939231c7d79d
./tmp/cache/bootsnap/compile-cache-iseq/06/ab8718df46793e	    2652	       8	application/octet-stream	3edcfbf9b077587ebaa679a944c193187675a421
./tmp/cache/bootsnap/compile-cache-iseq/07/13e20dc3ed8951	    1832	       2	application/octet-stream	bf9ee5969efd67fe9f0e267813e6a6b2647d610b
./tmp/cache/bootsnap/compile-cache-iseq/07/1ebc78ba208fe4	    1560	       0	application/octet-stream	c43087f3e918fd35ea849ef59137584be0be11f8
./tmp/cache/bootsnap/compile-cache-iseq/07/29f31a0868061a	    2088	       2	application/octet-stream	bf05fb2ab757fdc90fe2de17f12a1713d47f8f71
./tmp/cache/bootsnap/compile-cache-iseq/07/7023b8a6edee8a	    1348	       0	application/octet-stream	61facb58147591e40205a32ab7b52e6f2134dc00
./tmp/cache/bootsnap/compile-cache-iseq/07/8d6a21b2153b9b	    2532	       0	application/octet-stream	b9248357b86fba766ab4f4929bebe4736416830a
./tmp/cache/bootsnap/compile-cache-iseq/07/92188e04f93895	    2812	       2	application/octet-stream	a3dc3e23769308363331dd49e794ff6b729f1dd0
./tmp/cache/bootsnap/compile-cache-iseq/07/c24d429dfb0ba3	    2928	       2	application/octet-stream	1a65350a3b189f9a94f4ab0d33abbd2d4a095edb
./tmp/cache/bootsnap/compile-cache-iseq/07/c50efc9643de41	    3872	      10	application/octet-stream	f0066b5279d36e3e5e98bb4941279142f6652db2
./tmp/cache/bootsnap/compile-cache-iseq/07/cd237f372e3cfa	    2800	      14	application/octet-stream	0a9c639eb40b0391181865855fc98d8fcee332bb
./tmp/cache/bootsnap/compile-cache-iseq/07/e438a5a08f14d0	    1564	       1	application/octet-stream	081e77a5978e6c70774df6a61f13cdc5439a5287
./tmp/cache/bootsnap/compile-cache-iseq/07/e493721a52491b	    2436	       1	application/octet-stream	3dcc949fb0e4c7cd384a68e4a08706bb13148fed
./tmp/cache/bootsnap/compile-cache-iseq/07/e6c98f85797b91	    2496	       3	application/octet-stream	f0280a6e2cbbe8fb6718fdbe5781d53c1fbd8f5c
./tmp/cache/bootsnap/compile-cache-iseq/07/edf135b743aa9e	    5388	       2	application/octet-stream	ade713d19d59a5cf77d004aecc23136e75d913eb
./tmp/cache/bootsnap/compile-cache-iseq/07/f46be5335963a9	    4904	      12	application/octet-stream	b80942c01f76ba15997d25f916eaeaabc82e4fd4
./tmp/cache/bootsnap/compile-cache-iseq/07/f5fc0739dc1a5c	    2068	       0	application/octet-stream	767b15657ad89b41845e41aea16cdf29920c2f83
./tmp/cache/bootsnap/compile-cache-iseq/08/081d0fa8ed8d10	    3744	      28	application/octet-stream	e8e0b299d7042b769daca759ff9c3f6d99bb17b4
./tmp/cache/bootsnap/compile-cache-iseq/08/1f172ee22a728b	   10492	     163	application/octet-stream	35dc7f68b5018e65e2fb96adef4705affe3c0b30
./tmp/cache/bootsnap/compile-cache-iseq/08/2628905fb25209	    8856	     137	application/octet-stream	043b3d0c1752c629dbf142770a209a59df734f49
./tmp/cache/bootsnap/compile-cache-iseq/08/434d63a745a6c2	     704	       0	application/octet-stream	70a8e6ff6cf1315e78f7209ed63ea32a1e9e5f5a
./tmp/cache/bootsnap/compile-cache-iseq/08/4737af56b674df	    6192	      13	application/octet-stream	890287c2f93ef00be10ed4c6bd2a3c2705b160c8
./tmp/cache/bootsnap/compile-cache-iseq/08/6fd29ba4742ff2	    2288	       2	application/octet-stream	80e368a60fd8506ee89e1dc9169888d477a07f16
./tmp/cache/bootsnap/compile-cache-iseq/08/94019ce6044b84	   12412	     193	application/octet-stream	ac3f21254dccccb7d1a3d7176ddb48aaaa50cea9
./tmp/cache/bootsnap/compile-cache-iseq/08/9576ac1222b92b	    8040	       4	application/octet-stream	34bd556cf6b30f41f6637aa59e97272009442b1d
./tmp/cache/bootsnap/compile-cache-iseq/08/9dfffc63afb5b6	    7548	       7	application/octet-stream	c47ea703ae55937a24de37a64a42dd5faabf9b40
./tmp/cache/bootsnap/compile-cache-iseq/08/a4d9185c63d17d	    4512	      14	application/octet-stream	54f8d25b32426ad2816efece6a0ca99237d2a7a0
./tmp/cache/bootsnap/compile-cache-iseq/08/abe5192b62205c	    1212	       0	application/octet-stream	8fd4aad4be1aaa7c7d3dc77d097a19bd846d592b
./tmp/cache/bootsnap/compile-cache-iseq/08/dabfd0b62c5a04	    3908	      19	application/octet-stream	0bcd68ec7e35341774bed485f9cde34215ce29c7
./tmp/cache/bootsnap/compile-cache-iseq/08/deba2be2aa7112	     704	       1	application/octet-stream	1da1dd26482d39700bc1ce996ec7cc718ffcd5e2
./tmp/cache/bootsnap/compile-cache-iseq/08/fc518c7322edae	    1760	       0	application/octet-stream	372da11526d21e39fb46883e7e75ea3047dd6e91
./tmp/cache/bootsnap/compile-cache-iseq/09/060f078dd56e49	    2240	       3	application/octet-stream	f437d712e5a3d6753c2f78382f8c146f1f102db4
./tmp/cache/bootsnap/compile-cache-iseq/09/245454530e40dd	   13856	     175	application/octet-stream	fba70c9e1c5f81a53889f909b16539c6d5819388
./tmp/cache/bootsnap/compile-cache-iseq/09/2f080f5e243038	    1180	       1	application/octet-stream	6f1a404b3f04bdc905deb6c5b561f252f6a3acea
./tmp/cache/bootsnap/compile-cache-iseq/09/3c7507b379b0ec	    1580	       0	application/octet-stream	4acb456944362e0e7d1290ec5804220e2b75d1f1
./tmp/cache/bootsnap/compile-cache-iseq/09/462820b0728b1f	     944	       0	application/octet-stream	f4aa04555d3013b4553927f19903843999478d16
./tmp/cache/bootsnap/compile-cache-iseq/09/85432e9c44d2ef	     716	       0	application/octet-stream	fc9975a3f3d08f9dab0a8e30ecd0f1ca3a658c81
./tmp/cache/bootsnap/compile-cache-iseq/09/afaac6c3db9686	    8848	     113	application/octet-stream	0ab83097042d1dd96d842a0b9b5817a07e585315
./tmp/cache/bootsnap/compile-cache-iseq/09/b9fde595ea4952	    4632	      10	application/octet-stream	bf607e4e51f68f9f3a6232dd923c8ba6b0fdfc52
./tmp/cache/bootsnap/compile-cache-iseq/09/d75cfba9426ff2	    7000	       7	application/octet-stream	2a0c224f6eebcada530b204a1c7a50dea4eb58e4
./tmp/cache/bootsnap/compile-cache-iseq/0a/62f4d3dde5d79e	    6320	       6	application/octet-stream	ac17b0e8f12f0187bed19c31985f33a4efff4842
./tmp/cache/bootsnap/compile-cache-iseq/0a/6c59de744ad060	    1176	       0	application/octet-stream	6fa3c47c667239f0535416194541a76145497e32
./tmp/cache/bootsnap/compile-cache-iseq/0a/7ac9cdd2668759	    4332	       4	application/octet-stream	8ab79dd1ca8d7918765dec93a7ab96370de667e8
./tmp/cache/bootsnap/compile-cache-iseq/0a/849b6e79f14407	    5808	      13	application/octet-stream	2e609145850019f83657554f912312ea06b59cf1
./tmp/cache/bootsnap/compile-cache-iseq/0a/a783af543b73d0	    7060	      16	application/octet-stream	7c2e0ebe8c9b031584713c1476b10c4d29f29fc1
./tmp/cache/bootsnap/compile-cache-iseq/0a/b79642dbd76e60	    8460	      12	application/octet-stream	f061cc906e56594a90964b47b47e682d5c6e14e7
./tmp/cache/bootsnap/compile-cache-iseq/0a/ec73f98f02b280	    2252	       4	application/octet-stream	00d7a0d61d5be7b5d90cff65ced08d73f944d538
./tmp/cache/bootsnap/compile-cache-iseq/0b/02f00f685e78e4	    4460	      11	application/octet-stream	9397f49e28a17436dea8f23b40ec4ffc3c947f67
./tmp/cache/bootsnap/compile-cache-iseq/0b/3db235597d0f22	    1292	       4	application/octet-stream	424d11ab0f53af1e648d9ba37545020ba4e16f80
./tmp/cache/bootsnap/compile-cache-iseq/0b/7d3d269d534b47	     504	       0	application/octet-stream	0730cf51facaba1253a60851c7c40c42ceca1cd8
./tmp/cache/bootsnap/compile-cache-iseq/0b/b738668fa053af	    1144	       0	application/octet-stream	09926fafcae054fa602705d64bb5f67cf06f82f1
./tmp/cache/bootsnap/compile-cache-iseq/0b/ba50b0fce4075e	    1664	       0	application/octet-stream	63492c617c54d202d8659c6e0d703575a8e3a001
./tmp/cache/bootsnap/compile-cache-iseq/0b/d2dc0ebc4929b1	    1752	       1	application/octet-stream	64a551cbab64756565668336748101045d8a6da9
./tmp/cache/bootsnap/compile-cache-iseq/0c/22888dcea2ca7b	    1680	       1	application/octet-stream	2e93e16c8bd764f8953a28ee2836fe05b539d9bb
./tmp/cache/bootsnap/compile-cache-iseq/0c/3efbdfec6beab2	   13636	     205	application/octet-stream	7330ea2a557d250a23250b6663e23ba5596e846b
./tmp/cache/bootsnap/compile-cache-iseq/0c/72460748a01dc9	     984	       0	application/octet-stream	e3a5e5817c9846d4b897f668720fca73a338a3b7
./tmp/cache/bootsnap/compile-cache-iseq/0c/7ef658d3d2a338	    7352	      66	application/octet-stream	f9600a83403bdbad84af84831a00f297849ea531
./tmp/cache/bootsnap/compile-cache-iseq/0c/8598cf9dc503a0	    3140	      18	application/octet-stream	cec6675b745b7500b67f557359d61411756ca626
./tmp/cache/bootsnap/compile-cache-iseq/0c/a2a95bc164c381	     848	       0	application/octet-stream	4031e3159fc3064f3c1a54046eecf20f90f13eda
./tmp/cache/bootsnap/compile-cache-iseq/0c/b41284891b3e29	    2608	       0	application/octet-stream	7bd650e3d1703acc08b73b0e8f3eb3c19c6ee535
./tmp/cache/bootsnap/compile-cache-iseq/0c/b447a9e6225e94	    1436	       0	application/octet-stream	19852c8bfdfc907db3cf4f51f0a529e693ebe9a5
./tmp/cache/bootsnap/compile-cache-iseq/0c/d0b46852b26d5b	    1152	       2	application/octet-stream	0c7f883d821ea04e5da6a3ddc166a8e8784ff691
./tmp/cache/bootsnap/compile-cache-iseq/0c/f5f4bb9ab3779a	    2340	       2	application/octet-stream	b20e7ee3916d909d246e6ccd1f745db562b24c3d
./tmp/cache/bootsnap/compile-cache-iseq/0d/0ba23d5e4f525f	    1572	       0	application/octet-stream	654c43dc47d8c5ec6b4faa54f8494437a6c80107
./tmp/cache/bootsnap/compile-cache-iseq/0d/1def7224b300ea	    4428	       3	application/octet-stream	b43dd025d4c894bbe211e4460e0a2a3fc88ad14e
./tmp/cache/bootsnap/compile-cache-iseq/0d/2e651d976ac8b5	    2684	      11	application/octet-stream	d68fbf21e9713048efb74d81ad406459623e01d4
./tmp/cache/bootsnap/compile-cache-iseq/0d/65e5211d7c7093	     652	       0	application/octet-stream	569580fa0cc2983b362d10f7fc68b3927b2029ea
./tmp/cache/bootsnap/compile-cache-iseq/0d/785e6173e12d14	    1764	       1	application/octet-stream	a3f10fd99c61e0708a1317938a5b6d3d7949c067
./tmp/cache/bootsnap/compile-cache-iseq/0d/7c11f42a0ca452	    7324	      28	application/octet-stream	85b4db036e0d7e1f785e02311555044377b78e7d
./tmp/cache/bootsnap/compile-cache-iseq/0d/90ad0e924f4224	    6220	      13	application/octet-stream	43f0910faa0dc8f7682ea9ee5e543b7c50a7f7c8
./tmp/cache/bootsnap/compile-cache-iseq/0d/c625280cb9b6f5	    1556	       2	application/octet-stream	4ce3d1c06041a80037c5d1bda4c8eb8441788e9a
./tmp/cache/bootsnap/compile-cache-iseq/0d/da70e568a3a5cd	    2764	       6	application/octet-stream	b9e223a905c219fe33edcc7ec175caec3106d155
./tmp/cache/bootsnap/compile-cache-iseq/0d/e9b8ef4e78fa15	   30132	     798	application/octet-stream	e6951483826ff3697c3bed61ea377efdd34c13b3
./tmp/cache/bootsnap/compile-cache-iseq/0d/f0f972900ac17b	    6128	       5	application/octet-stream	30c18a1ff96823d038c03bda11b61ab24f83b7c8
./tmp/cache/bootsnap/compile-cache-iseq/0d/f99f40e03e4c44	    1080	       0	application/octet-stream	0d8a85af574fc2794c35d69f6d1bac3a186038cf
./tmp/cache/bootsnap/compile-cache-iseq/0d/fe01899f777ac2	    4560	       7	application/octet-stream	5cfd984e670b773a33b68f9898dbef71958d299d
./tmp/cache/bootsnap/compile-cache-iseq/0e/0a3a007bcacf69	    8468	      18	application/octet-stream	872090ea11ecab030aed915be17de8dd56caafe1
./tmp/cache/bootsnap/compile-cache-iseq/0e/191c734486e047	    1264	       4	application/octet-stream	a9d1f4f1de2649eb9bc4f3c7dd6b3af3e17fadbd
./tmp/cache/bootsnap/compile-cache-iseq/0e/48078aeb85498b	   24392	     274	application/octet-stream	e3100a01e8721787762dabc9a0d04ddc53933ca3
./tmp/cache/bootsnap/compile-cache-iseq/0e/58b7fa4da35b65	    4668	       5	application/octet-stream	06ef7aa05b74b5d206419884ccd503ab6080351f
./tmp/cache/bootsnap/compile-cache-iseq/0e/58e318bf649837	   16352	     163	application/octet-stream	5f2ab463b0cf72826d2832eeff091120efe76390
./tmp/cache/bootsnap/compile-cache-iseq/0e/72690be7a59239	   10628	     127	application/octet-stream	ef21b7db29e582da098a43226a25b4efa8d10043
./tmp/cache/bootsnap/compile-cache-iseq/0e/7486f08d546a58	    5720	       5	application/octet-stream	23acbd344e72e5bb7cb4e4ca4529ca7ab51ebc67
./tmp/cache/bootsnap/compile-cache-iseq/0e/7ccd33d5a62270	    2080	       0	application/octet-stream	e21096fc96e76be5a8fa930325b836ddc654c9b5
./tmp/cache/bootsnap/compile-cache-iseq/0e/8ad94c64578841	   38820	     805	application/octet-stream	f01f18753085f9a6d8dd055f1c6176d146a7071b
./tmp/cache/bootsnap/compile-cache-iseq/0e/8ee7a48feeee6b	   12516	     133	application/octet-stream	9ea75515cfa7ed6b1ca45076c905fe1acbc66e28
./tmp/cache/bootsnap/compile-cache-iseq/0e/af0dc5b1477426	    3644	      20	application/octet-stream	3ea1b251f041b98e1567d1548a6c70502aa91e83
./tmp/cache/bootsnap/compile-cache-iseq/0e/b1c6df0a564e61	    5068	       7	application/octet-stream	c7ebe5631b3cc8816a96cad8699dcf7b6bcc3b25
./tmp/cache/bootsnap/compile-cache-iseq/0e/c2da2e2cb9401c	    2996	       3	application/octet-stream	570bcba4dee8228a53d05fbbe3e6daecf6b12f42
./tmp/cache/bootsnap/compile-cache-iseq/0e/c603355da12372	    7116	      12	application/octet-stream	c314d614dd8d5cd9374c7ce59b1ee1f40435390b
./tmp/cache/bootsnap/compile-cache-iseq/0f/2308b8f0c11136	    1336	       1	application/octet-stream	5bbd0e613dc089e0392a46dd4bb76fe84ebcabc8
./tmp/cache/bootsnap/compile-cache-iseq/0f/35c4e9c53ea6d8	    1724	       0	application/octet-stream	86918b5fdc75a5c2df2479ebf197de5c23bfa05c
./tmp/cache/bootsnap/compile-cache-iseq/0f/7f6f0810fdb355	   17548	     194	application/octet-stream	ca642655b7d53280d2a422266ec38419d6d32ed3
./tmp/cache/bootsnap/compile-cache-iseq/0f/851af70f9e0746	    2096	       0	application/octet-stream	ebcabb44a4ca21581534a817e632271f9529446e
./tmp/cache/bootsnap/compile-cache-iseq/0f/8b1e1cd685ce03	    3660	      18	application/octet-stream	7b213ec4c25eb591b950b891a1df8acf483132bb
./tmp/cache/bootsnap/compile-cache-iseq/0f/8ffd774243a5ec	    4184	      25	application/octet-stream	3e80d2f52d25853f088e57cbdf3970c8eabde20d
./tmp/cache/bootsnap/compile-cache-iseq/0f/dc0bea872778d0	   17000	     202	application/octet-stream	ca40731f3a2d3fa08a0b2520b624f51067d43fda
./tmp/cache/bootsnap/compile-cache-iseq/0f/e74fe6281b960e	    1408	       0	application/octet-stream	533e4ed28ee416687bb70f142185e56fc462d7e8
./tmp/cache/bootsnap/compile-cache-iseq/10/0242905b49cea8	    4056	      48	application/octet-stream	9c9969c5cde85666ce6eb82e2a17a0d8edb4d662
./tmp/cache/bootsnap/compile-cache-iseq/10/0df909cb0a8110	    7452	       8	application/octet-stream	7b038612046f396790ada2c196bc85c9350e5ba0
./tmp/cache/bootsnap/compile-cache-iseq/10/16bb19f8f3e842	    2436	       2	application/octet-stream	d776fbb2313a9b3783407b3aa2d9a262bdc4feed
./tmp/cache/bootsnap/compile-cache-iseq/10/2f704b704bbf93	    4480	      10	application/octet-stream	c157304c7a291ba827cd4fc81fe2ccb44d08ebbf
./tmp/cache/bootsnap/compile-cache-iseq/10/4a3c785a30168f	    5076	       2	application/octet-stream	e47d00a97f759795de793816aa1430bd7f6aad2c
./tmp/cache/bootsnap/compile-cache-iseq/10/660645dc540fd6	    3804	      28	application/octet-stream	54399bf09d08f5647b18a8e4e94bf2346c2baf79
./tmp/cache/bootsnap/compile-cache-iseq/10/76bdc7e963e485	    8752	      23	application/octet-stream	2dc4b1ffe39555417a5c6d3078f6981c5afbf32f
./tmp/cache/bootsnap/compile-cache-iseq/10/7ec0fdb24d7de0	   31980	     569	application/octet-stream	aadc52b60d7d4f147b361c7687b6db6d589633ef
./tmp/cache/bootsnap/compile-cache-iseq/10/8dfce9e8916bc2	    2148	       6	application/octet-stream	411666107a63fb8fd89d7f6942cb4000c9b488a0
./tmp/cache/bootsnap/compile-cache-iseq/10/97a50fbd3aa269	    3140	      27	application/octet-stream	5fe0c6f9058e524acb2f15ce29ce696f9347a49a
./tmp/cache/bootsnap/compile-cache-iseq/10/bb3400818b09f6	   11372	     179	application/octet-stream	c7b71efc3195a8840c3eaafb7a92808ebce4031a
./tmp/cache/bootsnap/compile-cache-iseq/10/e66bacd80dce0d	    2444	       0	application/octet-stream	66bde2556cb12328a3257a24271b4fab2f55221a
./tmp/cache/bootsnap/compile-cache-iseq/10/fcddb625c4b766	   20520	     210	application/octet-stream	3d8e46d4f63238edcd7eaf1a86287d2b75d31970
./tmp/cache/bootsnap/compile-cache-iseq/11/1e911d9d00cd9f	    1164	      11	application/octet-stream	dda99ad56bc30ab63dafcbad6970fa8245a2377f
./tmp/cache/bootsnap/compile-cache-iseq/11/305bb19451807f	     792	       0	application/octet-stream	432c8fa3c88b9f310505e6e9adaa2476c920a3ad
./tmp/cache/bootsnap/compile-cache-iseq/11/497b5d032369f1	    4108	      35	application/octet-stream	a1a98fca2f684918fc259f83ca7595e814fc87bf
./tmp/cache/bootsnap/compile-cache-iseq/11/4f7614b9c51f08	    1384	       0	application/octet-stream	a1901d7a96d0d787eb796eabd22c964bdecf3856
./tmp/cache/bootsnap/compile-cache-iseq/11/697e5de284b685	    1336	       1	application/octet-stream	0307a67776da82bff366e9f0f1be1168fa2afde4
./tmp/cache/bootsnap/compile-cache-iseq/11/93bf8ad1b56c9a	    1632	       0	application/octet-stream	4e7aefa9841729729385bdaa825be468d53343da
./tmp/cache/bootsnap/compile-cache-iseq/11/a710814f1c6b88	    5324	       4	application/octet-stream	d6b6b6afe7402cd678e501c198a07cc996074990
./tmp/cache/bootsnap/compile-cache-iseq/11/deba9b73dc11e6	    1920	       0	application/octet-stream	82fe352f32cb31897f6c2c07b552ded963981844
./tmp/cache/bootsnap/compile-cache-iseq/11/e2d674d12dcc8e	  597760	    1193	application/octet-stream	ddfd3b396504af9ba2621b32741340e09e7dd9c9
./tmp/cache/bootsnap/compile-cache-iseq/11/fdff5eb4a9208b	    1048	       0	application/octet-stream	d7803c7dd30a855881ea45c9966548271f329c98
./tmp/cache/bootsnap/compile-cache-iseq/11/ff8dba7fa12784	    3072	      29	application/octet-stream	a0bc1f9b751e38f7af5cbf68a5573a53a70cf7e7
./tmp/cache/bootsnap/compile-cache-iseq/12/1ce65a5eaa1c56	    3844	      16	application/octet-stream	5688de051a94d4623d1ff0f990f21eeafda37759
./tmp/cache/bootsnap/compile-cache-iseq/12/372ce99dd2a07a	   10568	     104	application/octet-stream	271d6e3c76a7238e5c51b424b40b5dcf207f02f7
./tmp/cache/bootsnap/compile-cache-iseq/12/4ff6152ee30c72	    4032	      22	application/octet-stream	ae618580d2b69e6e379894935746b45b74b32484
./tmp/cache/bootsnap/compile-cache-iseq/12/5466c546076367	    3640	      19	application/octet-stream	a95b48385b7431f9790ac9fdb9cc74164a1748bf
./tmp/cache/bootsnap/compile-cache-iseq/12/592ff19dce0540	     492	       0	application/octet-stream	550b9fa76f40c444b8d1afed6360febda4372520
./tmp/cache/bootsnap/compile-cache-iseq/12/6b625576980614	    2936	       5	application/octet-stream	c402208d468608979bd3bb4f1d2b5fcc0860477d
./tmp/cache/bootsnap/compile-cache-iseq/12/7e67161d427676	    3776	      20	application/octet-stream	c7e51be52deabd72162d940d72b20849c2144587
./tmp/cache/bootsnap/compile-cache-iseq/12/9a69d027ce5ebf	   26644	     834	application/octet-stream	b7e83f2df4df01f0c2ae8249d917b0edc48a1a3f
./tmp/cache/bootsnap/compile-cache-iseq/13/0c55c70a2fc6b2	    2548	       5	application/octet-stream	ac074eb4fe1887c9614fbc1c13a317667d0efeb1
./tmp/cache/bootsnap/compile-cache-iseq/13/2280ac5664157c	     976	       0	application/octet-stream	520b95bcb39b513cc4c5d61625750fa798af730e
./tmp/cache/bootsnap/compile-cache-iseq/13/60c650fd111d77	    1084	       0	application/octet-stream	84509fd42be742f95356f744690ac2f6f17af171
./tmp/cache/bootsnap/compile-cache-iseq/13/61f9912c99c943	    1520	       0	application/octet-stream	e98b21aa0f3d0db7ba1414bf13c3090444069119
./tmp/cache/bootsnap/compile-cache-iseq/13/6ec706aa74cc56	    2652	       5	application/octet-stream	1decab1e76dd63352d041951a5e3828e0237a8b5
./tmp/cache/bootsnap/compile-cache-iseq/13/767db4cc06479a	    8724	      39	application/octet-stream	cb875dff37ecd2ae2b367d32f99873b6fa55fcbb
./tmp/cache/bootsnap/compile-cache-iseq/13/a0a3a76940bd5d	    1352	       0	application/octet-stream	9d1b9465660b81df4bbef60dc558e26a76322cf3
./tmp/cache/bootsnap/compile-cache-iseq/13/e5b841349666d9	    4848	      14	application/octet-stream	8accf172f0cbb572b9506ef1ac231c06255898c2
./tmp/cache/bootsnap/compile-cache-iseq/13/edb75523721a7c	   11808	     166	application/octet-stream	66a47c56f68c4e467f345638c63bd2002bd09197
./tmp/cache/bootsnap/compile-cache-iseq/14/06a3c85df21493	    2492	       4	application/octet-stream	abd837d1bd2d3bc2db4b4ba49d106b37fa50cb0a
./tmp/cache/bootsnap/compile-cache-iseq/14/117ccc64a3128b	    3832	      26	application/octet-stream	2846ef79f9ae16a98fbb8c7d386fbfa509732cd0
./tmp/cache/bootsnap/compile-cache-iseq/14/18a3570611f848	    5276	      17	application/octet-stream	8550517e0ed3788b2c6bf316f2bbf53b6d469949
./tmp/cache/bootsnap/compile-cache-iseq/14/1bfa049ae69583	    4564	       8	application/octet-stream	8d9c7f6e8c694bb618a33c27ab7a8ac0c1f8e191
./tmp/cache/bootsnap/compile-cache-iseq/14/252801dbe929e4	    2056	       3	application/octet-stream	c152de66d265fedc9d8fad5b6d14e891e577d5a7
./tmp/cache/bootsnap/compile-cache-iseq/14/2d1b0d5f4c936e	    6320	       7	application/octet-stream	020e8b6e35330280467b6e3d4704cb3b0026314e
./tmp/cache/bootsnap/compile-cache-iseq/14/2f040bfdbbcf7e	    1272	       0	application/octet-stream	4e2e6645600f2cf100bc6caa49d8b2c96ffdc05f
./tmp/cache/bootsnap/compile-cache-iseq/14/3e0293d9f5b99c	     444	       0	application/octet-stream	6f9febe5867a0ce298161a5e777376ef16845f8f
./tmp/cache/bootsnap/compile-cache-iseq/14/450d061eb363d7	    3516	      29	application/octet-stream	8097dbc0670a7c44ec138aab9d0db9b83435d3ff
./tmp/cache/bootsnap/compile-cache-iseq/14/595589d84fb29d	    4192	      89	application/octet-stream	b2b0f5284a60dfab033d787d6a8f55f162cc0d53
./tmp/cache/bootsnap/compile-cache-iseq/14/5de12f45961d22	   12168	     176	application/octet-stream	b5c2f88137d8c08e9a00fadae8e0541c2d0b30d0
./tmp/cache/bootsnap/compile-cache-iseq/14/75104009f2e0ce	    2464	       1	application/octet-stream	cd0c6c36432fe830248faef3996e2b3b2bc332c2
./tmp/cache/bootsnap/compile-cache-iseq/14/7b36fd3b33c078	    1820	       2	application/octet-stream	0a74bc6aae86339fa2df4a983f653a96c91b5267
./tmp/cache/bootsnap/compile-cache-iseq/14/a6bb3aaded9b9d	    2276	       2	application/octet-stream	9ca33a412caef6188a55f2aa3fcf4bd4dce7db7b
./tmp/cache/bootsnap/compile-cache-iseq/14/bd6d6fb885e92b	    2708	       4	application/octet-stream	eb4d0a5e5d9e1c2c87396ba31e6a9c60314509fe
./tmp/cache/bootsnap/compile-cache-iseq/15/0a548f26909822	    1716	       1	application/octet-stream	ec4dae894aee4915470ff27e5df6f4a300726133
./tmp/cache/bootsnap/compile-cache-iseq/15/4b09910c3a0fa1	   12484	     212	application/octet-stream	56df3371597081aa05616ea35500e8c9a9f4af86
./tmp/cache/bootsnap/compile-cache-iseq/15/5e7660fa6637fd	    2900	      12	application/octet-stream	42f0a5ef7c963b1d0d480d2d3e62af0dd3390fb5
./tmp/cache/bootsnap/compile-cache-iseq/15/97316a320ba703	    5004	       2	application/octet-stream	5a34d111886666ab87e5b82e7dae1ad82d5e1af1
./tmp/cache/bootsnap/compile-cache-iseq/15/b4588a9d3542ad	   18080	     479	application/octet-stream	ed702501dbe59193be1b98a87aa01c5ba13f868f
./tmp/cache/bootsnap/compile-cache-iseq/15/e32ed11d573089	    1016	       0	application/octet-stream	dde8072979eff7c061c19803995f0f402978a30e
./tmp/cache/bootsnap/compile-cache-iseq/15/fcb1cab68087fd	    4668	       5	application/octet-stream	9d05306ff6b589ef7f0593039048227db87cf41b
./tmp/cache/bootsnap/compile-cache-iseq/16/0ed10557cb62be	   10188	     119	application/octet-stream	3831b8dfc5a739d4e3da23099c7bccbb35d08f6c
./tmp/cache/bootsnap/compile-cache-iseq/16/113e2c18050488	    1104	       1	application/octet-stream	2e4e22cbbda8e8448db8ff0217e9d64a98d37a4c
./tmp/cache/bootsnap/compile-cache-iseq/16/11aaed9ce79aa6	     704	       0	application/octet-stream	509f3af29b9274017f089632f999d52b8bd4eb15
./tmp/cache/bootsnap/compile-cache-iseq/16/75bca4cd17b7d3	     956	       0	application/octet-stream	8bb3fdeabbca5b4b1f75740f42f00210aa267c85
./tmp/cache/bootsnap/compile-cache-iseq/16/7fffeec4ea1d92	    2172	       0	application/octet-stream	449fa7f35aa2c3ca1838d54409cb28ca35dbc1e1
./tmp/cache/bootsnap/compile-cache-iseq/16/cdd68759c98dd6	     980	       0	application/octet-stream	54d67d118f520913d7c034ccb16ab4c9395e0903
./tmp/cache/bootsnap/compile-cache-iseq/16/e2a9dbb8768192	   12804	     146	application/octet-stream	06bf5f6576edb47eeb896d72f51d15392d7f4f46
./tmp/cache/bootsnap/compile-cache-iseq/16/efe6bfe9c65aef	    1888	       0	application/octet-stream	7f03d52996d03e77f6dccebff384cf5f09bf6ce3
./tmp/cache/bootsnap/compile-cache-iseq/17/0594e06abd28f4	    2764	       4	application/octet-stream	640bc87f80adf84de0c1779190f7a22984a2f67a
./tmp/cache/bootsnap/compile-cache-iseq/17/2aa2a53e37b8dd	     804	       0	application/octet-stream	3ae2756ef8645966f3648fae2a46734ed203b98b
./tmp/cache/bootsnap/compile-cache-iseq/17/37428f0c9b344e	    5976	       2	application/octet-stream	2f9b2a908648b386844634fa568ff9c8ea7e76cb
./tmp/cache/bootsnap/compile-cache-iseq/17/4236e6b644caf5	    5292	       7	application/octet-stream	60e83c68911990b1755517f06c76754596b78adc
./tmp/cache/bootsnap/compile-cache-iseq/17/54ca479e369ebd	    3732	      18	application/octet-stream	75f16f7a425b0dba9ef4ba6c21ef39255f92273e
./tmp/cache/bootsnap/compile-cache-iseq/17/5a0fc60f93e9d7	    6012	      24	application/octet-stream	9ea9d590203d584d9f39575ae08bbc130a8dec5d
./tmp/cache/bootsnap/compile-cache-iseq/17/6338a873168cfb	   32972	     662	application/octet-stream	686bdc68cfe574a418f650f1fc6d6ef9e162ee38
./tmp/cache/bootsnap/compile-cache-iseq/17/e987de4f7cd265	   19168	     287	application/octet-stream	f34caa1db10bf9532ecf1fe0ff954921e3f09cf9
./tmp/cache/bootsnap/compile-cache-iseq/18/2934d4c58ebb49	    1040	       0	application/octet-stream	beec3fa8077c22775629c48985b25f72bcec2f39
./tmp/cache/bootsnap/compile-cache-iseq/18/3eac8aa72ce6ce	    1668	       1	application/octet-stream	a8a044c3428cb58f2cefc9dde8f729398f34a0cc
./tmp/cache/bootsnap/compile-cache-iseq/18/6da79aab55ee99	    1500	       2	application/octet-stream	598140de7ad87e940c705801e9a39cc96d187b64
./tmp/cache/bootsnap/compile-cache-iseq/18/87f7da7411ab08	    4068	      16	application/octet-stream	33dd64317b5143af76a5a75b281e5ec6b5f05a0e
./tmp/cache/bootsnap/compile-cache-iseq/18/93a6c7a1d44fe4	     704	       0	application/octet-stream	8110d21dec44cfeeb0d5c129e46a390f18177a2e
./tmp/cache/bootsnap/compile-cache-iseq/18/ae16e37a79dac0	    4060	      15	application/octet-stream	8c286e9f58cb9329d4d994aacb881716c040fc59
./tmp/cache/bootsnap/compile-cache-iseq/18/b10b3983184f80	    1036	       0	application/octet-stream	cda20e60f8a0e5de7f7514e75ede7254e33852e0
./tmp/cache/bootsnap/compile-cache-iseq/18/b96930b4bdd2d9	    9576	      39	application/octet-stream	aefdbbd303ef4fa650e7bf818232a5e8884acfca
./tmp/cache/bootsnap/compile-cache-iseq/18/c324990a1a7d91	    7388	       8	application/octet-stream	95301abe956df5e4e2a0f6226f5a458709eaed4d
./tmp/cache/bootsnap/compile-cache-iseq/18/d194a70fdfbd10	     816	       2	application/octet-stream	801ae618b14ff629692b6c0216976af9283db19c
./tmp/cache/bootsnap/compile-cache-iseq/18/e567ed954cb6f1	    1964	       2	application/octet-stream	d358d137d8f697ad070ca75adec680d472543626
./tmp/cache/bootsnap/compile-cache-iseq/19/3c0d4d7738cc90	    3668	      40	application/octet-stream	6e4cc32f4bba14f7de3e2c6899f46462b56de493
./tmp/cache/bootsnap/compile-cache-iseq/19/485a7de5d8dc79	     672	       0	application/octet-stream	194b5a072ea029a4b2087469c6c07455a249a7f5
./tmp/cache/bootsnap/compile-cache-iseq/19/5796650a397387	    1540	       0	application/octet-stream	a1f01b9fe927256e25b4049774b01b39bfef0a0a
./tmp/cache/bootsnap/compile-cache-iseq/19/61156253f25739	    9792	      43	application/octet-stream	de62c9b53f02bb162cd412f920953553b26f0669
./tmp/cache/bootsnap/compile-cache-iseq/19/6e3da6ecea27d2	     752	       0	application/octet-stream	b2f3938d6de6d27c461f93d766b5ff94c88213ef
./tmp/cache/bootsnap/compile-cache-iseq/19/7d4feb74bed6bb	    3060	      21	application/octet-stream	35f8bc593cfaec4ceb656f87e5716646ed156b29
./tmp/cache/bootsnap/compile-cache-iseq/19/bbc64d73df7117	   15084	     201	application/octet-stream	9f5b36a64c6a1650dac8abc20f641265f2682e17
./tmp/cache/bootsnap/compile-cache-iseq/19/c02913154e6a67	    1116	       2	application/octet-stream	5eeb39713866f007eb2b86a446b5ae35d847d060
./tmp/cache/bootsnap/compile-cache-iseq/1a/3d5798722cac0d	    1156	       2	application/octet-stream	1c45d2a326c173d21dbfcfc2d5467b768f552e83
./tmp/cache/bootsnap/compile-cache-iseq/1a/5b0eb9fcd44e27	    2956	       7	application/octet-stream	41e00b28cc336ad4270521d4bf2f97703e8caee9
./tmp/cache/bootsnap/compile-cache-iseq/1a/624c2bfa10f408	    3136	      21	application/octet-stream	e4147ebf4bcb81037d6cd8bcc711315cd5ff6549
./tmp/cache/bootsnap/compile-cache-iseq/1a/66eca20495de12	    3184	      19	application/octet-stream	fab0425444616c4205d935b6bc31e2c029ea8245
./tmp/cache/bootsnap/compile-cache-iseq/1a/96f6f622c24c3d	    4088	      17	application/octet-stream	34249b861e5a8ef89bb0d3f771ddf6fcaf10dad9
./tmp/cache/bootsnap/compile-cache-iseq/1a/9860a3b1eb05c6	    2420	       4	application/octet-stream	e2113db5614e79530c6af50176393d19a02c8211
./tmp/cache/bootsnap/compile-cache-iseq/1a/b15e402134364d	   10736	     112	application/octet-stream	b657376d985ab8796f85addb8f538720bbc13918
./tmp/cache/bootsnap/compile-cache-iseq/1a/cf1bb4abf629cc	     488	       0	application/octet-stream	37596b371b2cd652a9c86f4fdacb0273c01d7681
./tmp/cache/bootsnap/compile-cache-iseq/1a/f1471927e40ba9	    1600	       1	application/octet-stream	66a20478aab1bbec2ee5d73ef8399cf1564e8ada
./tmp/cache/bootsnap/compile-cache-iseq/1b/1a69fdf9d576c8	   11404	     182	application/octet-stream	82f03875b62393d59f60b145548040caa8dd1e4b
./tmp/cache/bootsnap/compile-cache-iseq/1b/2cc82cb3c3711f	   12260	     167	application/octet-stream	42e42d89979087f4d73a59b4b1b8cb0790628568
./tmp/cache/bootsnap/compile-cache-iseq/1b/32e1b26d83eb06	   10124	     120	application/octet-stream	9fa4b10dbf6c01887e3ca7cb25b0ece8b67fa1a2
./tmp/cache/bootsnap/compile-cache-iseq/1b/3360cda40324b9	    1768	       0	application/octet-stream	996d405f208ca5579f043c9898f61e513465b099
./tmp/cache/bootsnap/compile-cache-iseq/1b/4f335d4cd2e72a	    6416	      17	application/octet-stream	a9490d8ecf6dc09687dfad9ba97353fac9d8ab20
./tmp/cache/bootsnap/compile-cache-iseq/1b/7248c3949d4ea1	    1584	       1	application/octet-stream	71839b0683a7c8866826f219c7a387705c7c3b89
./tmp/cache/bootsnap/compile-cache-iseq/1b/8aabbd0d6888df	    1628	       0	application/octet-stream	b53e31b9926c969680d52dd49643b721456d897a
./tmp/cache/bootsnap/compile-cache-iseq/1b/a0bd8d9a9f0eec	    3396	      30	application/octet-stream	0b98c7edd672eb313b02b2e50efa21f090390c49
./tmp/cache/bootsnap/compile-cache-iseq/1b/a678d38f35fb71	    3368	      25	application/octet-stream	d8871d29f559d28ab828a25778479a3bf3a013f1
./tmp/cache/bootsnap/compile-cache-iseq/1b/b2088377913983	    4200	       6	application/octet-stream	bbdf9b54f1af385719588d7782b92acd6562d7d8
./tmp/cache/bootsnap/compile-cache-iseq/1b/d2be00a17db3c4	    4308	      19	application/octet-stream	b805f99b93614f42d813219289f6e8044598bc6d
./tmp/cache/bootsnap/compile-cache-iseq/1c/0b73373f095bf6	    2436	       3	application/octet-stream	f0678e590f9bc6093d5ec58a0485b9fcc12b49ea
./tmp/cache/bootsnap/compile-cache-iseq/1c/113816beb688be	    8908	      49	application/octet-stream	33781dd62178d707793b6ee9a738f77bc3cdb0c8
./tmp/cache/bootsnap/compile-cache-iseq/1c/191e26ad15e6f4	     924	       0	application/octet-stream	ed06fe1f1819fc76f288c7226c179433c1f8b9de
./tmp/cache/bootsnap/compile-cache-iseq/1c/29172ddd01157e	   18020	     183	application/octet-stream	1525e533a1ed82de2a3c0d9a01593c082e466af5
./tmp/cache/bootsnap/compile-cache-iseq/1c/3c560e8eaa5c96	   29740	     446	application/octet-stream	495137946644d07fcc6fe9a02ea5d1f4c4baf45c
./tmp/cache/bootsnap/compile-cache-iseq/1c/3dc353c3f2bcc0	    1576	       0	application/octet-stream	b9535ebe41a5832448d1ad771a752927da7e259b
./tmp/cache/bootsnap/compile-cache-iseq/1c/4915efa2f43405	    2044	       0	application/octet-stream	5e532b8384c7e96078890e9c29f06acd7362d162
./tmp/cache/bootsnap/compile-cache-iseq/1c/746a64780cdc2b	    7808	      19	application/octet-stream	902da28f4f8ff3962afe8561f311844a058b9863
./tmp/cache/bootsnap/compile-cache-iseq/1c/9b3db28cbb2198	   11112	     142	application/octet-stream	972c67de612832b2cc68f71c9bcbb05904056978
./tmp/cache/bootsnap/compile-cache-iseq/1c/c3260b238542cb	    6552	       5	application/octet-stream	a46e623de8b50de3106914000d359e3687fb0ea4
./tmp/cache/bootsnap/compile-cache-iseq/1c/f90152f29db835	    1568	       0	application/octet-stream	5ba3ab6649cad3f6fa5ea535ab64e448312fec20
./tmp/cache/bootsnap/compile-cache-iseq/1d/00813f9507a050	   16584	     210	application/octet-stream	fd80acd3a8edbffc7b8b797f3987b6bc3d6a2c77
./tmp/cache/bootsnap/compile-cache-iseq/1d/1afd21456ab5f4	    1648	       2	application/octet-stream	9dfd12b1e5d7888b74c2015b768dc9c3ec24acc7
./tmp/cache/bootsnap/compile-cache-iseq/1d/2451d8588fc9d8	    1996	       1	application/octet-stream	f49f5b03b4acec8bd14965a1afab89ed76432413
./tmp/cache/bootsnap/compile-cache-iseq/1d/2a36d1fa57e50c	   11020	     202	application/octet-stream	f45935ce0976aab39ae7783a1d7ff1c9ffe203a3
./tmp/cache/bootsnap/compile-cache-iseq/1d/31ab0ab1bff4fb	    2280	       2	application/octet-stream	aeb7abb3105e2c197f00fd76f24bbd3bfecd49b0
./tmp/cache/bootsnap/compile-cache-iseq/1d/4dc8e1e799fc1b	    2832	      11	application/octet-stream	5f1f6ecea257f6e4c3fd224d10817b649a50851e
./tmp/cache/bootsnap/compile-cache-iseq/1d/8b1e1a5120e37b	   13728	     149	application/octet-stream	561f13f9b0fd5060699b4f54d5e8a227663b2c7b
./tmp/cache/bootsnap/compile-cache-iseq/1d/bf7c4138423af6	    2236	       2	application/octet-stream	629a5752c7b9a44211d944865227f69b84080233
./tmp/cache/bootsnap/compile-cache-iseq/1d/fe6c10e6abdaaf	   10840	     149	application/octet-stream	0e8fa99f7813988a81beac3d35d7c56e5bd7d818
./tmp/cache/bootsnap/compile-cache-iseq/1e/0a4966087351e7	     816	       0	application/octet-stream	4fd18dd6a415fb5c6345b1f31590ded2d3fef865
./tmp/cache/bootsnap/compile-cache-iseq/1e/88a9bff27903b2	   16716	     279	application/octet-stream	56268eb3a2b188042deeeaecd0ad524cd5097dd9
./tmp/cache/bootsnap/compile-cache-iseq/1e/9d452e6733ee47	    1292	       2	application/octet-stream	dd5c89796596711e57539b3c34497aa911eec67a
./tmp/cache/bootsnap/compile-cache-iseq/1e/c9d90a74bf7ac9	    3488	      23	application/octet-stream	00ffc105795a276f6c0ba6b39ea79820c3b771d7
./tmp/cache/bootsnap/compile-cache-iseq/1f/62cd72c9862a97	    5628	       3	application/octet-stream	8e9830d2c265340714b269e18e68a54728e1395d
./tmp/cache/bootsnap/compile-cache-iseq/1f/aca25c15c8c64c	     996	       0	application/octet-stream	d88a688ee3a0d2cef6e6ff7860e00b48ea84ca2a
./tmp/cache/bootsnap/compile-cache-iseq/1f/c057373905c908	   10820	     132	application/octet-stream	10ae72f4ff3c8cc1746a2d921cc08cd5807d23cc
./tmp/cache/bootsnap/compile-cache-iseq/1f/c5d11321d684a9	   11424	     202	application/octet-stream	86c35abce2ecddc0c822ee952d824d6410678f20
./tmp/cache/bootsnap/compile-cache-iseq/1f/d4980750e4b148	    1136	       0	application/octet-stream	88fa502c34320fff406ce070e13e97c0139ec0ef
./tmp/cache/bootsnap/compile-cache-iseq/1f/d7962ae5934978	     964	       0	application/octet-stream	a0c37bf52e5a90e5e0670722ccd4ec67e3705e4b
./tmp/cache/bootsnap/compile-cache-iseq/20/20cc4f833a579d	    1620	       0	application/octet-stream	c255abb43eb38e9ba15b8780141479d18f6e16f5
./tmp/cache/bootsnap/compile-cache-iseq/20/26f6fd518e2f5b	     456	       0	application/octet-stream	0e0ec34c32d7b56bb5b15c4adeaed5ad8d8e82e1
./tmp/cache/bootsnap/compile-cache-iseq/20/308ea2c72b0398	    1868	       3	application/octet-stream	b11ebc2ef3bb8325a239c22ff2950ebc0956cc1b
./tmp/cache/bootsnap/compile-cache-iseq/20/405603502ef87d	    4304	       8	application/octet-stream	f8f9649643d331e447ddc14c7ea29eb5a5b39478
./tmp/cache/bootsnap/compile-cache-iseq/20/5a1ad140420235	    4012	      24	application/octet-stream	8b14dc5921573b7dc088c41b23a8b6d77b3db7b5
./tmp/cache/bootsnap/compile-cache-iseq/20/7d492eada6c312	    3480	      24	application/octet-stream	df7254c3bfe102ae2f2d8d4759c8cdac22fd5d62
./tmp/cache/bootsnap/compile-cache-iseq/20/cb32729ce4b21d	    1916	       0	application/octet-stream	1b2987c2a9d7c9e5d57ba6cabe1c761a2e8cb07f
./tmp/cache/bootsnap/compile-cache-iseq/20/cbf426cc327332	    3876	      28	application/octet-stream	eab47d6ec4d94422a3fa2803a37ee6304de8cf3d
./tmp/cache/bootsnap/compile-cache-iseq/20/e472bc7feb07f7	     836	       1	application/octet-stream	8384b330562f6c66d47c0e9a0df144da41c5b8ea
./tmp/cache/bootsnap/compile-cache-iseq/20/ee40802ba20ea2	   12560	     143	application/octet-stream	b3cae07cda3b6ed38da57610e4b1fed9794bb61d
./tmp/cache/bootsnap/compile-cache-iseq/20/fd5c4bee90b0f3	     388	       0	application/octet-stream	912c1d998f2c5432acde6c136ca76883ae74b9ca
./tmp/cache/bootsnap/compile-cache-iseq/21/2f774561940a70	    3260	      28	application/octet-stream	13e257629eb55405de2f6cabf956677fbe76e99c
./tmp/cache/bootsnap/compile-cache-iseq/21/38ef7894265007	    2516	       1	application/octet-stream	5078087ea4bae6cd9c55b779369c78367a38a1f8
./tmp/cache/bootsnap/compile-cache-iseq/21/3cbb53042fd7de	    1080	       0	application/octet-stream	e11f3b9572d30a4f9af66292756b1f9d7bdb50ab
./tmp/cache/bootsnap/compile-cache-iseq/21/4186afd3137cc0	    6176	      12	application/octet-stream	4615b106539bea343f9b40235e41d2106fb09774
./tmp/cache/bootsnap/compile-cache-iseq/21/58416b4402dd25	    4796	      10	application/octet-stream	0c6d91d005a4e4c7f797d4c10a6776999b4e75d8
./tmp/cache/bootsnap/compile-cache-iseq/21/5f3b438e00aad7	    3696	      26	application/octet-stream	a8533d0c5d98419d8bf0b90ee71b3cefdecb2364
./tmp/cache/bootsnap/compile-cache-iseq/21/69ca4596240a19	    1296	       0	application/octet-stream	c553218aa141baf8fca9222cb56f0f848b88112b
./tmp/cache/bootsnap/compile-cache-iseq/21/8944ba3437bb51	   16916	     195	application/octet-stream	ea4c1abc528fc8b2333224106d1b9db0395131f3
./tmp/cache/bootsnap/compile-cache-iseq/21/a350f85af4003e	    1632	       0	application/octet-stream	fc4ebe506321cb0ebe19c83e628fba8cfce726c4
./tmp/cache/bootsnap/compile-cache-iseq/21/a8f617a6f83ae0	    9188	      59	application/octet-stream	9e8dcd90e6ed7798c3c0f47b875d9b308c3214b2
./tmp/cache/bootsnap/compile-cache-iseq/21/b812893e2de1aa	    1084	       3	application/octet-stream	549257b842b6c7b71155b07a49075cd977c3d0fc
./tmp/cache/bootsnap/compile-cache-iseq/21/c89c70d4c09939	    1552	       0	application/octet-stream	a2c83063850bb9631e997a55daa0b76c9edc763e
./tmp/cache/bootsnap/compile-cache-iseq/21/dd06509d34e2ee	    6820	      44	application/octet-stream	4d6906b372ac023921ca71c596f6bd9a7fd47e64
./tmp/cache/bootsnap/compile-cache-iseq/21/e71de8f36d0712	    7396	       7	application/octet-stream	be2d6f62d092793674f6d8382916349137fe016f
./tmp/cache/bootsnap/compile-cache-iseq/22/04a760601dfba8	    1884	       0	application/octet-stream	575aa3970bcb48831569095dd2db8de182f3d9a1
./tmp/cache/bootsnap/compile-cache-iseq/22/0efe893af379f9	    4584	      11	application/octet-stream	a064562e7c89ebc0aef6a0a02f02541d45cde63d
./tmp/cache/bootsnap/compile-cache-iseq/22/4716d68797ca37	   14804	     200	application/octet-stream	c9510990c0b2a565a57f79a60494ff589a763dbe
./tmp/cache/bootsnap/compile-cache-iseq/22/862e5d6b9d4f26	   64344	    1559	application/octet-stream	7be3b3a2cccdf4654d58cbecd549f5a0293d711d
./tmp/cache/bootsnap/compile-cache-iseq/22/aee4a49798e4c3	    7336	      17	application/octet-stream	3fe201daa93224ce26fb5859ef63bc728db581d5
./tmp/cache/bootsnap/compile-cache-iseq/22/ce4501df3ac787	     844	       0	application/octet-stream	d4de1357ef5e58483d069f7b06d45f7d0fca36d6
./tmp/cache/bootsnap/compile-cache-iseq/22/d02c927bdf6e5e	    9128	      69	application/octet-stream	12e1d379382c1a1ad990a5ddc58cafc52e8816ba
./tmp/cache/bootsnap/compile-cache-iseq/22/dfe6556a10ec69	    5248	       5	application/octet-stream	4f179bafa0b59901d5cc25ec193dfdb2e09f53db
./tmp/cache/bootsnap/compile-cache-iseq/22/e76a76593291e6	    7324	       9	application/octet-stream	080162c8faba72dfcca43d96e2a9d2596c6ee4a8
./tmp/cache/bootsnap/compile-cache-iseq/23/15f0a8edcb6dec	    4004	      10	application/octet-stream	31309650533e609a1e8f8727741bf3e095192013
./tmp/cache/bootsnap/compile-cache-iseq/23/1ddf0ac3bbfff3	    1060	       1	application/octet-stream	0426836b4fa3fe39d57b83327fdb748cafa1ccc0
./tmp/cache/bootsnap/compile-cache-iseq/23/1f363ef123892f	    5228	      11	application/octet-stream	a03a83843e485d4d9a95a24007646c7ef3eb4a4e
./tmp/cache/bootsnap/compile-cache-iseq/23/24adb800d51476	    5120	      27	application/octet-stream	21bea811cf9c73ea9939ed790cb58d3fc8f2ba3f
./tmp/cache/bootsnap/compile-cache-iseq/23/6b7a0d9a85e567	    4948	       9	application/octet-stream	6d9a60f0008c1cafebc6143389d368fbd6351edb
./tmp/cache/bootsnap/compile-cache-iseq/23/ad384b3adcb2c3	    8856	      13	application/octet-stream	649347e6f0bceaffd7473b30ab5a9df01e1b7b3d
./tmp/cache/bootsnap/compile-cache-iseq/23/e909dac1715a19	    1272	       0	application/octet-stream	2bd2ad3997cfbd9083e2aba254eb799f496e9863
./tmp/cache/bootsnap/compile-cache-iseq/23/e99ae14e2e700d	    2276	       0	application/octet-stream	be53da51e6f9c5069ce7aee38e05c9acb6e6123c
./tmp/cache/bootsnap/compile-cache-iseq/23/ed014c9198917c	    4248	      28	application/octet-stream	b73d170315ed419cdd1b7d82a24b28f0f2859fae
./tmp/cache/bootsnap/compile-cache-iseq/23/fd2f04c07c6dad	   76280	    1231	application/octet-stream	6fdc7ac541601e95f3a5ff5a55c095757da86ef6
./tmp/cache/bootsnap/compile-cache-iseq/24/10701518504efb	    3292	      14	application/octet-stream	3f0841832ac4245216aec73dec6e06742409d958
./tmp/cache/bootsnap/compile-cache-iseq/24/31c10e896863e6	    4704	      13	application/octet-stream	8926d79a9f8f33558ead41ea5465d010a7553470
./tmp/cache/bootsnap/compile-cache-iseq/24/9c86b70baedec0	    4616	       3	application/octet-stream	5d641f154a0f1cd40f20d94558acefdcbfd7659d
./tmp/cache/bootsnap/compile-cache-iseq/24/bd0499b5fb025e	    1868	       1	application/octet-stream	665bd67d5f66d82414c2c12ff19b850c6e916df5
./tmp/cache/bootsnap/compile-cache-iseq/24/c0693461fa9aec	    1932	       0	application/octet-stream	9980717fc23cffed46686b0848392f5a2b481d3f
./tmp/cache/bootsnap/compile-cache-iseq/24/cce692a30f5669	   13540	     559	application/octet-stream	4b6427dcc33edf5f2fe16bc75c20e28ee40ff149
./tmp/cache/bootsnap/compile-cache-iseq/24/d7189fe7f053be	    6600	       3	application/octet-stream	b04190cc3cac123454dfb80c0e7e2b05da588f57
./tmp/cache/bootsnap/compile-cache-iseq/24/ea80c59ae1a201	    1900	       0	application/octet-stream	c5dc9c8be4bc565c1b1c505e579cf976c0189c52
./tmp/cache/bootsnap/compile-cache-iseq/24/f1554ae46ff602	    5316	      14	application/octet-stream	92fd30a7c0156885f7613719227440a9383fe550
./tmp/cache/bootsnap/compile-cache-iseq/24/f9a840badbb1db	    3684	      21	application/octet-stream	51680305864cd34856cb93fd8463595c755fbac5
./tmp/cache/bootsnap/compile-cache-iseq/25/30dbfe86582d90	     808	       0	application/octet-stream	b4a357842917dc2a64d74a8ce38a2733476e54c9
./tmp/cache/bootsnap/compile-cache-iseq/25/666859363a4d5c	    3008	      14	application/octet-stream	ef30375c15a8201877093023f69b317be7f62fa4
./tmp/cache/bootsnap/compile-cache-iseq/25/ba89584fd022e8	    2656	       9	application/octet-stream	1a7e5198b12c850af5bb7678b584b1bf51e661b6
./tmp/cache/bootsnap/compile-cache-iseq/25/e8a637133a74d7	    1224	       0	application/octet-stream	203bacfa2872a5da3c1aaf773d312fc726bfe80b
./tmp/cache/bootsnap/compile-cache-iseq/26/09819fc5a486a1	    6908	       8	application/octet-stream	7638aeac362a5880afb45539b6bca2cdb392a3ef
./tmp/cache/bootsnap/compile-cache-iseq/26/438361f1abc61f	    2772	       4	application/octet-stream	e45d61560f51aa7ee2aaddfc500e758d47584e4f
./tmp/cache/bootsnap/compile-cache-iseq/26/5b807da242bda2	   14588	     221	application/octet-stream	765d821994de1ec1bfafe70561faca037926e86a
./tmp/cache/bootsnap/compile-cache-iseq/26/5ffa68ff8c7dbd	    1744	       0	application/octet-stream	ddb5b99f17d6376cecfc3636cfe551c4edfd011d
./tmp/cache/bootsnap/compile-cache-iseq/26/7d90a14a35a524	     992	       1	application/octet-stream	3472c160d692087512ce33f153cd2c1a9ec333e4
./tmp/cache/bootsnap/compile-cache-iseq/26/a3790aebaa9f51	   32548	     587	application/octet-stream	7d929b7af4a1368b315e17d6397281359d394c96
./tmp/cache/bootsnap/compile-cache-iseq/26/b689b0a5ec0f0e	    8648	      49	application/octet-stream	b0dd038f0c2f472c78728e28c1709c551a75ec73
./tmp/cache/bootsnap/compile-cache-iseq/26/e296e4746bcf24	     956	       0	application/octet-stream	035976afa1b975ac533fec58ddb936721914bb60
./tmp/cache/bootsnap/compile-cache-iseq/27/1cc40bbbd8fbf6	    6140	      13	application/octet-stream	9de2e5783f82c58a9c776ff7e57404c6eba329e3
./tmp/cache/bootsnap/compile-cache-iseq/27/24c12fca23ba6c	    2984	      14	application/octet-stream	e9b856eea0767e739910b45f15c4a71a6a44a8f3
./tmp/cache/bootsnap/compile-cache-iseq/27/2b9b6490f41a78	    4816	       8	application/octet-stream	28f638b567db30ae81b5788cb5a3e96f1d2ca6d2
./tmp/cache/bootsnap/compile-cache-iseq/27/409089460da95d	    5088	       4	application/octet-stream	4d89810456b1603d52d72ac8c4f5bea1c562116a
./tmp/cache/bootsnap/compile-cache-iseq/27/560b90607fbac0	    1064	       1	application/octet-stream	1f132550c13d304f54567896846de74eb61c9857
./tmp/cache/bootsnap/compile-cache-iseq/27/5f0cbf7220333d	    2084	       3	application/octet-stream	a1ecaedb758ab89ea0afe4c47c5c39509b5f8669
./tmp/cache/bootsnap/compile-cache-iseq/27/83db9f395c0aa0	    2448	       0	application/octet-stream	4464a243c281ca28e8267f2af2a01d906a2332c0
./tmp/cache/bootsnap/compile-cache-iseq/27/98fae640a04e09	    5376	      18	application/octet-stream	943527e1c9a301abfcc031fab0e4983bdf57d1b4
./tmp/cache/bootsnap/compile-cache-iseq/27/e5ec2dc5a65b9d	    3884	      28	application/octet-stream	0aae3dcd9b197435ef770f77a9a62e08d3b87055
./tmp/cache/bootsnap/compile-cache-iseq/28/3675241123bafc	    5004	      20	application/octet-stream	0438bdd50318727e3e7c407750d95395b7216b4f
./tmp/cache/bootsnap/compile-cache-iseq/28/4b185426c6ab14	    2796	       2	application/octet-stream	db81cf45678eb2ec5a8b2763e78b3d0433284432
./tmp/cache/bootsnap/compile-cache-iseq/28/4f3d811da8fcd6	    4340	      10	application/octet-stream	7664ed5aa8d4cd855141dbac15f76c11f2773d0f
./tmp/cache/bootsnap/compile-cache-iseq/28/5ab6dc30558c23	    4108	      13	application/octet-stream	3c8515726c343e645f079e3308290ee1a22c8890
./tmp/cache/bootsnap/compile-cache-iseq/28/7b206c87f315ef	    5068	       8	application/octet-stream	55e9d930e5250ab0ecf555f1b932b6e0fa032129
./tmp/cache/bootsnap/compile-cache-iseq/28/b1c6a035b08059	    1252	       1	application/octet-stream	6f72c3e4d99911ad2e1388f7133bfa02a5ede974
./tmp/cache/bootsnap/compile-cache-iseq/28/babfd84d7f4d30	    3656	      25	application/octet-stream	ecaa78dc8e763e9c6039d7d6a7feb4d8f0584ecc
./tmp/cache/bootsnap/compile-cache-iseq/28/c53fc93a4aa217	    6352	       8	application/octet-stream	96e9a4c7539f81d8d80269aef56b792c1cc92ae6
./tmp/cache/bootsnap/compile-cache-iseq/28/d88a080bbf5f02	    2316	       1	application/octet-stream	f8b54024d08677463be052cf354d910be5d2ee0f
./tmp/cache/bootsnap/compile-cache-iseq/28/e26791a87009d3	     924	       0	application/octet-stream	13a6a3f120d991b4c404bc501c1fc64f4ebfaffb
./tmp/cache/bootsnap/compile-cache-iseq/29/122af4fb5e3984	   74084	    1022	application/octet-stream	85ba15f968ebfcff9879d1861102dc6073d8cc81
./tmp/cache/bootsnap/compile-cache-iseq/29/1bc37b45bb86e6	    4412	      18	application/octet-stream	af575d7227171541757123cc2b96f4bdde6a9ae8
./tmp/cache/bootsnap/compile-cache-iseq/29/3f2448b0e993c6	    3076	      21	application/octet-stream	ce4b0d5e6698e9ed42f4571bb9127a125ccd3aac
./tmp/cache/bootsnap/compile-cache-iseq/29/49af3885e534af	    3248	      21	application/octet-stream	d27f4f24ea16f9f00a7ef2d2fe761480287f35b2
./tmp/cache/bootsnap/compile-cache-iseq/29/953dbfc84287d3	    4064	       8	application/octet-stream	94e4e70867ac61ab74703352c9893d70274042dc
./tmp/cache/bootsnap/compile-cache-iseq/29/a510ee590807dc	    4128	       8	application/octet-stream	1716309da8b4e691179b4483707f9336664dabe3
./tmp/cache/bootsnap/compile-cache-iseq/29/b00fa297a4bf01	    8372	      54	application/octet-stream	10cce88f82ce112e8ed08cc7ea5b760572b40d35
./tmp/cache/bootsnap/compile-cache-iseq/29/b6c7a84f5686e9	    3724	      21	application/octet-stream	f68ac35441aee9f648ebbf348fbe17c763967f27
./tmp/cache/bootsnap/compile-cache-iseq/29/e5065b96cf85b0	     864	       0	application/octet-stream	6485f1001348ca0c2d28c230dde646eb977d7258
./tmp/cache/bootsnap/compile-cache-iseq/29/ed87a91cb9f193	   38696	    1181	application/octet-stream	b15af8a91ec7792fce812aa2af03bee58389029c
./tmp/cache/bootsnap/compile-cache-iseq/29/f9f1eed11937c8	    5948	       7	application/octet-stream	6d938600a283a5ccda6f91132e66aa6d5f01cc71
./tmp/cache/bootsnap/compile-cache-iseq/29/fc556c7f638903	    4396	      16	application/octet-stream	a159baa093c68830f634de7b02d1836591d25639
./tmp/cache/bootsnap/compile-cache-iseq/29/ff64cb33ad365a	    1868	       7	application/octet-stream	e4d519e5e17bb2f662635cdd87d6d196a128cb89
./tmp/cache/bootsnap/compile-cache-iseq/2a/141f9ae4441b98	   10216	     150	application/octet-stream	f54dc1bc9d00b2df1700ae1d75efee016d949e07
./tmp/cache/bootsnap/compile-cache-iseq/2a/1d0fe32bb13d3d	    2056	       0	application/octet-stream	7cef42dcb41a9515b6fd72e3f7dd3dc5ba202571
./tmp/cache/bootsnap/compile-cache-iseq/2a/245a820c3b1f2e	    3096	      17	application/octet-stream	e1d64ddf8fd798049e8451eb57a83cff688af67b
./tmp/cache/bootsnap/compile-cache-iseq/2a/3d919082a63581	     956	       0	application/octet-stream	f3dc233627837cf310b7c7719f586fa16d48ed40
./tmp/cache/bootsnap/compile-cache-iseq/2a/3fd3e259e12fdd	    1376	       1	application/octet-stream	b5b2cf351d396d69cef7928178cdc881eaae0a51
./tmp/cache/bootsnap/compile-cache-iseq/2a/5dac2eb6f28291	     976	       0	application/octet-stream	049a8b9fb399e113ba06ad25cae271e6743f480f
./tmp/cache/bootsnap/compile-cache-iseq/2a/7ee80d64863035	    1160	       0	application/octet-stream	6eaebbfb381abbec0325c2d24b710e1b5b64da97
./tmp/cache/bootsnap/compile-cache-iseq/2a/bfa4cc6a3dc172	    4284	       7	application/octet-stream	282249b297f023615a640b42e61d4c2b5b353dde
./tmp/cache/bootsnap/compile-cache-iseq/2a/e367093700fe66	    3164	      28	application/octet-stream	ba75dddcd4a161f95f2316b671257e27d40a6d71
./tmp/cache/bootsnap/compile-cache-iseq/2a/f1da8917c3d9f7	   17336	     182	application/octet-stream	974854205c7ef0fc0d6e03c5978207379689a1c0
./tmp/cache/bootsnap/compile-cache-iseq/2b/0da87e06f11c95	    7404	      20	application/octet-stream	27873f9719bb58508a48a99972920e8d869a63c2
./tmp/cache/bootsnap/compile-cache-iseq/2b/2c4b4fdaa2906a	   14832	     576	application/octet-stream	ed135fbfa2a8269ae8ec7f6ebf00f7ed802efc1f
./tmp/cache/bootsnap/compile-cache-iseq/2b/4e2739b01acec9	    1776	       0	application/octet-stream	4b6a419741ea4fa1facb9d28d2c038a43c2380a5
./tmp/cache/bootsnap/compile-cache-iseq/2b/5ea009680d4121	    1628	       2	application/octet-stream	8567541e58c6883774817f4e11ec8c4ba750154f
./tmp/cache/bootsnap/compile-cache-iseq/2b/6bbec8b1dc96df	   13776	     262	application/octet-stream	b616b6cf6df19750cbd82af745365411a76ec098
./tmp/cache/bootsnap/compile-cache-iseq/2b/858994ae8020a5	     440	       0	application/octet-stream	8a2b41a44c3a98c7dab29e956970382d1b427bad
./tmp/cache/bootsnap/compile-cache-iseq/2b/859018cc10a3aa	    1236	       1	application/octet-stream	e3ff3d7f3a53437d97cd7224867c5b0df252f42a
./tmp/cache/bootsnap/compile-cache-iseq/2b/a28ebe77925b0a	   37900	     586	application/octet-stream	c0e3087687b77ffafce4fd29e1cd50e524848a0c
./tmp/cache/bootsnap/compile-cache-iseq/2b/b079674a66824e	    4004	      36	application/octet-stream	3b1f55ac2c657f43dba6dc66ba77d613e70eae0e
./tmp/cache/bootsnap/compile-cache-iseq/2b/b1ab0f4aeef03b	    2240	       0	application/octet-stream	e43d446d0762ad1c500e5bee8bb9b6c8556dabf1
./tmp/cache/bootsnap/compile-cache-iseq/2b/b9eb634e9ba21a	    5832	      10	application/octet-stream	d069880e6032a609350c31d618f303d794d16216
./tmp/cache/bootsnap/compile-cache-iseq/2b/cd2081f1fded3c	    5780	       9	application/octet-stream	97660547d6e151dd91d2fc8c378bfab8cadc7e6d
./tmp/cache/bootsnap/compile-cache-iseq/2b/e2da66865d3cea	    2532	       3	application/octet-stream	e0b8afc7f058bc22ca5bfc0f5b72e75c70bf271d
./tmp/cache/bootsnap/compile-cache-iseq/2c/113d7b40afb62f	    4220	      12	application/octet-stream	42a2e17e24f48f312fb86dd3ff78c6a35400501b
./tmp/cache/bootsnap/compile-cache-iseq/2c/5cb4ca9ee503d6	    8248	      14	application/octet-stream	fcda7bc55fd4a55774acfce3b3cc65dca31b0ce7
./tmp/cache/bootsnap/compile-cache-iseq/2c/8bc8e48673c422	     508	       0	application/octet-stream	4d518178600a26ee0395d32d1e118692d702867a
./tmp/cache/bootsnap/compile-cache-iseq/2c/914a9eae1c7ba3	    4060	      17	application/octet-stream	27177dcf7e4378665766ab85930779616c801764
./tmp/cache/bootsnap/compile-cache-iseq/2c/971117a4a8a5f2	    4776	       6	application/octet-stream	f7e1612c54066dd6d38e09f739b6d27843c16e80
./tmp/cache/bootsnap/compile-cache-iseq/2c/aee3c74888caa2	   13832	     526	application/octet-stream	425ac49b867164ecc25a67f7102d2ff1d2070ac9
./tmp/cache/bootsnap/compile-cache-iseq/2c/bf7759ac22e145	   10572	      62	application/octet-stream	c9793a0a97d2cf9d7ecbb5c136b036942a876054
./tmp/cache/bootsnap/compile-cache-iseq/2c/e4d96624aadf87	   46068	     927	application/octet-stream	a710344c3dc6ca57edef2294970ba706f9476960
./tmp/cache/bootsnap/compile-cache-iseq/2d/2c19ba66214179	    2676	       4	application/octet-stream	ea76ffd94d917ddd2a996e6c0041f64681aef806
./tmp/cache/bootsnap/compile-cache-iseq/2d/38fbf600c683a0	    2456	       1	application/octet-stream	64df1085fcc777ef15305789c58420396573b2ed
./tmp/cache/bootsnap/compile-cache-iseq/2d/6c016b509ff329	    2168	       1	application/octet-stream	57a777609a0f97128fe0a6a43c18636865cd0ada
./tmp/cache/bootsnap/compile-cache-iseq/2d/72e9abe94180aa	     696	       1	application/octet-stream	dfb1a2c7a0b1b7ae8f76ffeccaa04fb321b03477
./tmp/cache/bootsnap/compile-cache-iseq/2d/9a27fbd08d5b0d	    2268	       0	application/octet-stream	34ffb7210963c04ef22864066860efb80e78b682
./tmp/cache/bootsnap/compile-cache-iseq/2d/b48e2b180e8e0d	    7556	      18	application/octet-stream	e3d6fb26948577a13b8844425a508dbbdb088e15
./tmp/cache/bootsnap/compile-cache-iseq/2d/cc53e56fdb0d74	    2996	      12	application/octet-stream	3380915603ae25a60ebf2279636f4416d9295522
./tmp/cache/bootsnap/compile-cache-iseq/2d/ddef8b7aced05e	    1208	       0	application/octet-stream	f5ae31dc827102be5e81e108e9764581b6b631b6
./tmp/cache/bootsnap/compile-cache-iseq/2e/1c7423cccab7fc	    3536	      33	application/octet-stream	74798f39299be8dce029f458ce7a10663e11ff69
./tmp/cache/bootsnap/compile-cache-iseq/2e/28de6b0640aa65	    4816	       6	application/octet-stream	b937e5b5c7decd5834317162b7387a22956974cc
./tmp/cache/bootsnap/compile-cache-iseq/2e/36112719c8110f	    1108	       0	application/octet-stream	8f37518d310b39aa82ae4ffa37172b7d9b1e8251
./tmp/cache/bootsnap/compile-cache-iseq/2e/48951c0d72405d	    1000	       0	application/octet-stream	7e8d3ed61097093c838ee2e80580afc9fa3c0ea3
./tmp/cache/bootsnap/compile-cache-iseq/2e/5461f98342efe6	    8116	      18	application/octet-stream	ad75ee401821e415e7eab7cd87d9c39c85e85cde
./tmp/cache/bootsnap/compile-cache-iseq/2e/99fdb7691f43fc	   71128	    1016	application/octet-stream	9584d4dd6c1ac9058d7fff1ab2c4302d18ce7212
./tmp/cache/bootsnap/compile-cache-iseq/2e/a7774efb86c63c	    4036	      25	application/octet-stream	6fc1d755dbf28902a2984277b2111897a0110528
./tmp/cache/bootsnap/compile-cache-iseq/2e/c0c7a82e1594b5	    2128	       5	application/octet-stream	dd0e73baa53d093d12ec71c83c8bf4856255c157
./tmp/cache/bootsnap/compile-cache-iseq/2f/0336bd6fca8f2c	    1608	       1	application/octet-stream	9c6674c6f59f215b80e695fc5c21359e2b90d2e4
./tmp/cache/bootsnap/compile-cache-iseq/2f/056a8587abba3b	    2320	       2	application/octet-stream	1f0732c6d75d7985bd4206756a2662d1e43edf28
./tmp/cache/bootsnap/compile-cache-iseq/2f/0c86df94db47b8	   11312	      77	application/octet-stream	b29d6f569de129e35bb956598c30da16c53e6879
./tmp/cache/bootsnap/compile-cache-iseq/2f/1006c597fb6ae8	    8592	      46	application/octet-stream	2e975d8ba163afce739e726d18dca78693fc6058
./tmp/cache/bootsnap/compile-cache-iseq/2f/14f93bb0e0d864	    5020	       5	application/octet-stream	8108705a04a0335fbbd88ccdb51ca6da2da6f135
./tmp/cache/bootsnap/compile-cache-iseq/2f/38cc75fd74322d	    1472	       0	application/octet-stream	25138e33d855f42e50051e380662af548dcb7a47
./tmp/cache/bootsnap/compile-cache-iseq/2f/57f9e79202c46c	    6232	      10	application/octet-stream	283fd281ccdc5905a246314678b27a4910a3ec4d
./tmp/cache/bootsnap/compile-cache-iseq/2f/5beae3505ff6aa	    2400	       0	application/octet-stream	1b9d0b53b4ac31c08d1b0ee123bed90a8ad2ab7d
./tmp/cache/bootsnap/compile-cache-iseq/2f/5d7fce0cd05786	    3148	      15	application/octet-stream	b6e30bec9b8f3886297e0eb7650ad667755ce242
./tmp/cache/bootsnap/compile-cache-iseq/2f/89b23676ee8640	    2568	       0	application/octet-stream	86dc399d9d00904833b26af8aa9b4ae3e9413455
./tmp/cache/bootsnap/compile-cache-iseq/2f/a5a5417d0e4dea	    2400	       3	application/octet-stream	7c4c7929ee59cecbb791fa4a5c8d0b0d16fa414c
./tmp/cache/bootsnap/compile-cache-iseq/2f/aa344e2708414d	    1800	       0	application/octet-stream	432b07d7528edb3633f1400a204325005e8f2ef9
./tmp/cache/bootsnap/compile-cache-iseq/2f/b1f96aaf369966	    1092	       0	application/octet-stream	07562289145e382d57de8ffbd187faa2560b0bc2
./tmp/cache/bootsnap/compile-cache-iseq/2f/ba62ca4b942dfd	    1000	       0	application/octet-stream	0883f73d87e0de47cdb1666e52623d3ecaa0a743
./tmp/cache/bootsnap/compile-cache-iseq/2f/c1c68da80816ed	    3820	      29	application/octet-stream	5686e60ceac7b24e4ff117f672d81483d4d5fae9
./tmp/cache/bootsnap/compile-cache-iseq/2f/d21d8043e2632f	    9544	     182	application/octet-stream	4becf2c0a799de4d70538acc3cb03c425465695e
./tmp/cache/bootsnap/compile-cache-iseq/2f/e17891a13e7e27	    1628	       0	application/octet-stream	201b168e9c81d728992549acbe8ba1f37b5e2768
./tmp/cache/bootsnap/compile-cache-iseq/2f/ef3d445e38e8f9	     704	       0	application/octet-stream	e9e4ea9dba823724362e44deee6e982ab2bc625f
./tmp/cache/bootsnap/compile-cache-iseq/30/0819f8640e9cd3	     448	       0	application/octet-stream	ff0a65d49e6791827368f4f765747e7cff2c11d9
./tmp/cache/bootsnap/compile-cache-iseq/30/18b4df48462bf7	    2448	       1	application/octet-stream	295aac97d8a1e779fb75ebb913cd3f956a4bc740
./tmp/cache/bootsnap/compile-cache-iseq/30/24b6bfe09728e5	     592	       0	application/octet-stream	3058659e716a4142855ac12ca183daba2c35e09a
./tmp/cache/bootsnap/compile-cache-iseq/30/298eb6a2e8b926	    2164	       3	application/octet-stream	1a0f7270dcb46691233cef5c3534a016ff3265e9
./tmp/cache/bootsnap/compile-cache-iseq/30/4059be7e0b7226	   22216	     207	application/octet-stream	12bbc3b14a648f562986ca92b8d365de28ab4e1f
./tmp/cache/bootsnap/compile-cache-iseq/30/4430dc64d7a3f3	    3776	      28	application/octet-stream	893193fbf19075ffa4deb4788637c87f6c1498a8
./tmp/cache/bootsnap/compile-cache-iseq/30/9221eabafd41c1	    2000	       1	application/octet-stream	13373e1e5f9119beeb9f2a08e78086a56482cf27
./tmp/cache/bootsnap/compile-cache-iseq/31/2195b9b070bd87	    3176	      27	application/octet-stream	d527a99c3d92cbef1a2d75e345408a563b3d6fe3
./tmp/cache/bootsnap/compile-cache-iseq/31/26b41effa774d9	    1636	       0	application/octet-stream	1778eb48068880f134de2ca08e8b6fe854428413
./tmp/cache/bootsnap/compile-cache-iseq/31/62ca1dcf5383ed	   24468	     776	application/octet-stream	b7ca7c36bebe6afc91abf37dd82b30df40e840e7
./tmp/cache/bootsnap/compile-cache-iseq/31/6a0add4ecbc8d0	    2396	       3	application/octet-stream	fb7c8c777876db716c94bf036f52e5312a67f4ed
./tmp/cache/bootsnap/compile-cache-iseq/31/6c2510a63ff6dc	    1352	       1	application/octet-stream	861cadf7606dff354d6cd7b9f16234f2beaba27d
./tmp/cache/bootsnap/compile-cache-iseq/31/b979fbd57ddc0b	   81484	    1770	application/octet-stream	f23e0bf660649331dc9cfd81de9d34601415eaaa
./tmp/cache/bootsnap/compile-cache-iseq/31/c6ba00a606bea6	     656	       0	application/octet-stream	7ea22ad903bddeb461ab9e340a0854c69965a50c
./tmp/cache/bootsnap/compile-cache-iseq/31/f43a23a3479dfa	    5200	      15	application/octet-stream	cc1584f808ea1133598afa7acfb82ba9d6b18457
./tmp/cache/bootsnap/compile-cache-iseq/32/0338833581c2b4	    2580	       4	application/octet-stream	956bc57185a65cfea487cb1469b4ddf9a32cbcb2
./tmp/cache/bootsnap/compile-cache-iseq/32/075892a58285a2	    1040	       0	application/octet-stream	ef09027ad4fa11cb1cc2ee4f8b1e68f68f40eb04
./tmp/cache/bootsnap/compile-cache-iseq/32/0c76623d7b85da	    6376	       7	application/octet-stream	c3e2928707590373ff564e662f0eaef71b2d72d1
./tmp/cache/bootsnap/compile-cache-iseq/32/0cb138636f6fe0	  684116	    4895	application/octet-stream	fa4e7db476ddf018dad7d7aede3db210afc119ad
./tmp/cache/bootsnap/compile-cache-iseq/32/379a33a7c0f816	    6776	      10	application/octet-stream	7a71b3b361ee6d0940d22b63aa194aa1a60d9ad0
./tmp/cache/bootsnap/compile-cache-iseq/32/47cb146dc11b70	    2092	       1	application/octet-stream	0ee9372347dac3124884f821a9e2c14c7701c10b
./tmp/cache/bootsnap/compile-cache-iseq/32/5fdacd21e850d9	    4076	      17	application/octet-stream	c3d75eed678bcd35ba3a10dd9acc9c7926683399
./tmp/cache/bootsnap/compile-cache-iseq/32/afbaa1efae2804	    1428	       0	application/octet-stream	ec8aae10732f82d1c2affdeee94030b140c64a48
./tmp/cache/bootsnap/compile-cache-iseq/32/c3febab2b1e838	   19720	     638	application/octet-stream	70106c166dfb34cb711dc1c4c4a85b4b621a609b
./tmp/cache/bootsnap/compile-cache-iseq/32/da7e18a32dca49	     768	       0	application/octet-stream	ff0ff81061411843d70543c03eb7b116cd7ca4a2
./tmp/cache/bootsnap/compile-cache-iseq/33/00812110107952	    2956	       5	application/octet-stream	25dd24f8c19ef4b4cbd23f212145c51ee9d172b7
./tmp/cache/bootsnap/compile-cache-iseq/33/1741999ceafc83	    1940	       0	application/octet-stream	25024e66b7aa358fd7920464a6b43c470ff6eaf9
./tmp/cache/bootsnap/compile-cache-iseq/33/1b0718b1c696b3	   19968	     478	application/octet-stream	e23a838db841aca195d870768515a04f4275919d
./tmp/cache/bootsnap/compile-cache-iseq/33/761b6573f64267	   21000	     206	application/octet-stream	923d731b49415516ed4c297150bfff8735c2403a
./tmp/cache/bootsnap/compile-cache-iseq/33/7d1c044dffb5b5	    1464	       0	application/octet-stream	e0869e87f82d850116a0461bc9353414af68aa62
./tmp/cache/bootsnap/compile-cache-iseq/33/84f9e84d673c9c	     744	       0	application/octet-stream	6d9c3c3b5951a9d8ac0c5a2ca91403132e3e44d3
./tmp/cache/bootsnap/compile-cache-iseq/33/b36a90c8fe3653	    4136	      17	application/octet-stream	b796ebbb255c603d439beb0ce59268e0a8d1b976
./tmp/cache/bootsnap/compile-cache-iseq/33/cc618fcbd875d5	   16516	     407	application/octet-stream	4d48ba252c9f9089391b3eeb1582fb1e5b0cea7c
./tmp/cache/bootsnap/compile-cache-iseq/33/da5eb7bbc3fc63	    3060	      16	application/octet-stream	75441c88a68e68af0e4ad6dca1ba16f845a711db
./tmp/cache/bootsnap/compile-cache-iseq/33/eaa85a027b38f3	    2700	       9	application/octet-stream	1bafc9d6aef5ac5e88c966905b96d7a634fa3a8c
./tmp/cache/bootsnap/compile-cache-iseq/34/14bbf3740fbf80	    8820	     126	application/octet-stream	84acaf041d8cfbe14e4cb713aa3a360f5cd64559
./tmp/cache/bootsnap/compile-cache-iseq/34/32b1cab0479bb6	    5416	       8	application/octet-stream	e733fc881f3e0ef0e9369541024658f5154c598c
./tmp/cache/bootsnap/compile-cache-iseq/34/3aba8392f428c6	    3680	      26	application/octet-stream	dcfddb73703a076a4a573079d512c54f9cd07cf2
./tmp/cache/bootsnap/compile-cache-iseq/34/4ddac2610f4b8f	    4088	      10	application/octet-stream	c03d5fb447ae4518ae39423be94b5c795ac2d32c
./tmp/cache/bootsnap/compile-cache-iseq/34/80c24897e4545f	    2832	       2	application/octet-stream	27de2b963993584ff0b5b6a6fcceeeaf9026557e
./tmp/cache/bootsnap/compile-cache-iseq/34/a1fed05e24565f	    2096	       0	application/octet-stream	20d464b09a55b540d4f31b15577aa470860c809c
./tmp/cache/bootsnap/compile-cache-iseq/34/b17d1d6879bba7	    1688	       0	application/octet-stream	af471ec999a84abcd950004ada6028899f5bebcb
./tmp/cache/bootsnap/compile-cache-iseq/34/c4c5e4ebe6cd5d	   10664	     121	application/octet-stream	e0f76e37585bb7b320e3ba4e200b655b37fb3361
./tmp/cache/bootsnap/compile-cache-iseq/34/de914c8ce87b5c	    3480	      25	application/octet-stream	ca133de0a1a47824580cc17eb9c2e155e9e8556a
./tmp/cache/bootsnap/compile-cache-iseq/34/e64743ea838ac1	    1312	       0	application/octet-stream	dc774ba3b306c09e5d383c52d7c7c2b36f140146
./tmp/cache/bootsnap/compile-cache-iseq/34/ec964ba9ee5886	    1320	       2	application/octet-stream	d05f190766b3f1d8c9ae0c6b3a2c8bdcb317475e
./tmp/cache/bootsnap/compile-cache-iseq/34/f9fcb97d47b877	   15920	     199	application/octet-stream	c0a57ccb8ac48034b60f5591707e93e9e4b26ce0
./tmp/cache/bootsnap/compile-cache-iseq/35/33cbc59dee34da	    1232	       0	application/octet-stream	b292531d048f0354656f36aa9a253c78cb2d47e3
./tmp/cache/bootsnap/compile-cache-iseq/35/4b8e4101fa0b5a	    5108	      10	application/octet-stream	5f8305f5b38cbcbeb006d9098e41213cc1064bea
./tmp/cache/bootsnap/compile-cache-iseq/35/9cd8fd69397afa	    2728	       3	application/octet-stream	2a405f035d88708f90e71872f2c9a9db83e27ce4
./tmp/cache/bootsnap/compile-cache-iseq/35/9d04614a2df8cb	    2316	       0	application/octet-stream	ba873d5c35741094e81a6dc562be3ba9618fcaa1
./tmp/cache/bootsnap/compile-cache-iseq/35/b4bee867b71747	    3156	      29	application/octet-stream	756dd508d0730420aade54cb0993f9d82c0f5c86
./tmp/cache/bootsnap/compile-cache-iseq/35/dddcdfeb65dbc9	    9780	      73	application/octet-stream	320567a35fdbffaaf703b17994662afcaa43c6cb
./tmp/cache/bootsnap/compile-cache-iseq/35/e587ff6271d480	    4080	       7	application/octet-stream	2db95572435c71eef252d50667103fabbfb64684
./tmp/cache/bootsnap/compile-cache-iseq/35/f6040b57c98852	    2264	       1	application/octet-stream	caf034242f517b9337da6406f1b7809cab80f282
./tmp/cache/bootsnap/compile-cache-iseq/36/0ba27b937645f5	    1992	       0	application/octet-stream	ccc0d249f0ca63117993a27f3090f7f45f518a8b
./tmp/cache/bootsnap/compile-cache-iseq/36/27dcd74d444458	     408	       0	application/octet-stream	8a82566be6001dd5019d994ab03ea48d1846b42c
./tmp/cache/bootsnap/compile-cache-iseq/36/388b37da9a051d	    1132	       1	application/octet-stream	434fb144ce30604d5e2a58957c94f3ec57479b91
./tmp/cache/bootsnap/compile-cache-iseq/36/3ddd473bde2e48	    5576	       1	application/octet-stream	4b3df87ab01c00eda3fa0eb48ec75ef1216f8e58
./tmp/cache/bootsnap/compile-cache-iseq/36/4ba33bd0ad4fb1	    2816	       5	application/octet-stream	71b395794e09ab8f996b01eb2b2908fd8349aca4
./tmp/cache/bootsnap/compile-cache-iseq/36/57472249d15bef	    4084	       9	application/octet-stream	511e2a76b990009bdc5b9ac74bc33685bd53014b
./tmp/cache/bootsnap/compile-cache-iseq/36/742229a5dfaf68	    1232	       0	application/octet-stream	06ac846cca654201b70fc209bbc6888faa5f5462
./tmp/cache/bootsnap/compile-cache-iseq/36/95c98c26ca1016	    6744	      47	application/octet-stream	5882f489275d0fb4d4895aadd0068b0f367d9c75
./tmp/cache/bootsnap/compile-cache-iseq/36/b6a53a1fe76db8	    9136	      30	application/octet-stream	9f84ec712115d9671bec51e29b55319bc5a4c891
./tmp/cache/bootsnap/compile-cache-iseq/37/0dbe8f9090acf1	    1312	       1	application/octet-stream	77d54b395f3ba5dc66fe501cd6e7ec214ec92a4a
./tmp/cache/bootsnap/compile-cache-iseq/37/18b0665d9dc94c	    7004	      14	application/octet-stream	5249260e9730cd4467bfb557b8455fb9d092e08c
./tmp/cache/bootsnap/compile-cache-iseq/37/5ec1affaa2ac9e	     668	       0	application/octet-stream	28c522658dbfe693dd7c47faba97119fab6e3584
./tmp/cache/bootsnap/compile-cache-iseq/37/6bc0cb03d97a95	    3288	      29	application/octet-stream	849feb44329c91b2f358d5d757b6d745329664ee
./tmp/cache/bootsnap/compile-cache-iseq/37/984798c4b4b8f6	    1224	       0	application/octet-stream	d4e1820add4812a97be3126621b06c7de6bfde69
./tmp/cache/bootsnap/compile-cache-iseq/37/c71b57376c41c2	    1080	       0	application/octet-stream	35c5b454a0cd5c81834a0e2ca10975969aa599ae
./tmp/cache/bootsnap/compile-cache-iseq/38/29ca0e7870c3fd	   35120	     847	application/octet-stream	b4f6177f39d0f2cee39d1805a5623455b01c7114
./tmp/cache/bootsnap/compile-cache-iseq/38/2b6eec0eec70ab	    2864	       8	application/octet-stream	b9573ae5ad761131e6ad346bbaf14f4e78cb1764
./tmp/cache/bootsnap/compile-cache-iseq/38/2de2938a8bf77f	    2576	       1	application/octet-stream	27aa25f1468083311b0f5d8681370802b73f3c7e
./tmp/cache/bootsnap/compile-cache-iseq/38/41a17984652230	   13040	     170	application/octet-stream	386266780cf65dd62367decd5202cbe3d2672575
./tmp/cache/bootsnap/compile-cache-iseq/38/4d178337cfefb9	    1396	       1	application/octet-stream	567c70d98d06908e5e64ebd5843267d90f9e20eb
./tmp/cache/bootsnap/compile-cache-iseq/38/6e2b7ca32c27bf	    4108	      11	application/octet-stream	d0b72fd1147a9e14da59befc5dfb3d8767d098f7
./tmp/cache/bootsnap/compile-cache-iseq/38/9f9ce2dbdcbd87	    1792	       2	application/octet-stream	f604820f632d620d1ac9da41d26e2180f15baebd
./tmp/cache/bootsnap/compile-cache-iseq/38/a3d9f9bb08805f	    5960	      11	application/octet-stream	79d2771ef7d8f47096602b14b050ea63cc44c61d
./tmp/cache/bootsnap/compile-cache-iseq/38/a4f6bc22fbed22	   35440	    1175	application/octet-stream	0f589c93e3fc5e142fec7ed24719a7777ea81973
./tmp/cache/bootsnap/compile-cache-iseq/38/ab159fbf096225	    4884	       6	application/octet-stream	56d14e09d8afda175643eabddaf718cd580cb3b7
./tmp/cache/bootsnap/compile-cache-iseq/38/ac1ca325d5d349	    1464	       0	application/octet-stream	63768e96e511f15c6b585ca8127eed9a6400049a
./tmp/cache/bootsnap/compile-cache-iseq/38/b0bc29325d344f	    1968	       3	application/octet-stream	87f84451d659a2bcc652f46e43d2600f5a4e2d50
./tmp/cache/bootsnap/compile-cache-iseq/38/c0271f74d9a74a	    2140	       0	application/octet-stream	36eddf14f9fdd4e3b41f951fdd7c9af32e2dd9b1
./tmp/cache/bootsnap/compile-cache-iseq/38/e434781f7249b0	   13304	     199	application/octet-stream	1f34437e57cb04bdcb9158691affd435c5e4a01d
./tmp/cache/bootsnap/compile-cache-iseq/39/014d0725faa213	   22328	     335	application/octet-stream	ab56f4fbbc7b4af4807be7f2599c8df92227180d
./tmp/cache/bootsnap/compile-cache-iseq/39/055a5e0a537c99	   26120	     604	application/octet-stream	ea9e06928238cc4d0a16f7ca88ef8a8c54811592
./tmp/cache/bootsnap/compile-cache-iseq/39/1a86c999649fd3	    1900	       0	application/octet-stream	2e147536166993dbf50cb70dbd101a06efa32a55
./tmp/cache/bootsnap/compile-cache-iseq/39/28fa3bbed81027	   11704	     110	application/octet-stream	6633aed0c6ab7207113a96306427889ec1750daa
./tmp/cache/bootsnap/compile-cache-iseq/39/30f8c8b535b9f9	    2216	       0	application/octet-stream	f9c55f4c0c7b1f84220eb895fcb3fb885d747458
./tmp/cache/bootsnap/compile-cache-iseq/39/46c9e60359b488	    6880	      11	application/octet-stream	d4b7c25122492684c3c3346c634adaa3f7ed6848
./tmp/cache/bootsnap/compile-cache-iseq/39/6d6b44acc3096e	    3524	       9	application/octet-stream	8d7c408246fe23d6096cc8f8a596b894c9cf9de4
./tmp/cache/bootsnap/compile-cache-iseq/39/6d797d07c70461	    1356	       0	application/octet-stream	968070e5341428c8e5dab361cd693e17c74d325d
./tmp/cache/bootsnap/compile-cache-iseq/39/856c55017f6eb4	    2140	       0	application/octet-stream	a8920131090eb99501948a6096f808d100378b81
./tmp/cache/bootsnap/compile-cache-iseq/39/a20fc30e82d773	    4492	       9	application/octet-stream	120c55dd339dcbff19993cb454a22a970304663a
./tmp/cache/bootsnap/compile-cache-iseq/39/a5f0b2ff1b9e2a	     700	       1	application/octet-stream	4904e8c536dfbf0777423723b6ab31446e851b56
./tmp/cache/bootsnap/compile-cache-iseq/39/ad007d8e30a411	    1836	       1	application/octet-stream	f4a6eafd32980e87a34cbcba8fcd311fda3e348c
./tmp/cache/bootsnap/compile-cache-iseq/39/d6632ea5733220	   15320	     174	application/octet-stream	59ab79bba8578c6027e593e66342706072e47596
./tmp/cache/bootsnap/compile-cache-iseq/39/dfed875ede96ec	    6396	      25	application/octet-stream	90344d006071ffd26e243da8f4267db1e1172859
./tmp/cache/bootsnap/compile-cache-iseq/3a/1ff5078b0975d2	    3024	      22	application/octet-stream	f860e23e954c0ac53baa07183362233cb202e6e8
./tmp/cache/bootsnap/compile-cache-iseq/3a/4c45c82a91bf70	    5380	       9	application/octet-stream	00950ac82c7a950c19970e8ec1d3dfbc6a77c980
./tmp/cache/bootsnap/compile-cache-iseq/3a/4f4dc94966124e	    2080	       0	application/octet-stream	8db9e4f304d5b9198198a90b271987f492416dc6
./tmp/cache/bootsnap/compile-cache-iseq/3a/62e5cb29f4ff89	    1288	       1	application/octet-stream	6ffb1222f73698adcc1e491babd209061fa62de8
./tmp/cache/bootsnap/compile-cache-iseq/3a/8377a3548f6b57	    1056	       0	application/octet-stream	e4c6647baec8123e40e2dea715d13eb581368f63
./tmp/cache/bootsnap/compile-cache-iseq/3a/8b310e83849b89	   20060	     213	application/octet-stream	7489caccda14eb77a260b3a9e273782de54182ed
./tmp/cache/bootsnap/compile-cache-iseq/3a/9da777f29783b4	    2136	       3	application/octet-stream	782325988d866d845ba66d362c3037f7814582d1
./tmp/cache/bootsnap/compile-cache-iseq/3a/aeb45d3826347e	    1672	       0	application/octet-stream	99801c39f359e51cbf582b42c27afbf6f775ec9e
./tmp/cache/bootsnap/compile-cache-iseq/3a/d0d7a07a625313	    1648	       9	application/octet-stream	40917da712034456bdcb5b4c442c519d18e6b747
./tmp/cache/bootsnap/compile-cache-iseq/3a/d8cf6235a75150	     704	       1	application/octet-stream	06215201c8742da43a437d360a51049a0a3ac760
./tmp/cache/bootsnap/compile-cache-iseq/3a/ebf115c84369b0	    6040	       9	application/octet-stream	a41028dee2d30c839874ba01ac72b78e3a8fcb04
./tmp/cache/bootsnap/compile-cache-iseq/3b/07de5f420e30f1	   18228	     202	application/octet-stream	fa5cf6e9e123adad8edb5d2819cb22a2af20f4f4
./tmp/cache/bootsnap/compile-cache-iseq/3b/2e16b3a5bfde0f	   33316	     677	application/octet-stream	22d62805f81152dce399e0f6ac88fb107bcfbec0
./tmp/cache/bootsnap/compile-cache-iseq/3b/44b516bdee4eec	    1328	       0	application/octet-stream	7263c18cf989c8a98438fc75ac196ad9d7fb9c9f
./tmp/cache/bootsnap/compile-cache-iseq/3b/56186187a960a3	   23440	     294	application/octet-stream	b82552d67865f018c7190db50af8a0177c840fbb
./tmp/cache/bootsnap/compile-cache-iseq/3b/7c71a2eccb0a74	    3872	      13	application/octet-stream	268d2e7b924e071be35d221423fc4c86f776f936
./tmp/cache/bootsnap/compile-cache-iseq/3b/a65c03334451da	    1104	       3	application/octet-stream	174811c54ed61bba6b437d572f1fb3526260d37b
./tmp/cache/bootsnap/compile-cache-iseq/3b/b6155d7ffcb29f	    1680	       1	application/octet-stream	0f63eb38e0f676401b875ffce053fefdd440aa12
./tmp/cache/bootsnap/compile-cache-iseq/3b/b875461269c20a	     528	       0	application/octet-stream	dc498251f8dca52c32c7f4b779d2b4fdfad85707
./tmp/cache/bootsnap/compile-cache-iseq/3b/c293267f92f585	    1640	       0	application/octet-stream	6243b6962defd3653f214d0eb9439c8c7eb8abee
./tmp/cache/bootsnap/compile-cache-iseq/3c/0bb1b6c17fbe05	    1864	       1	application/octet-stream	97aa31abbde29f38c079ba66b64c8a4cce48a055
./tmp/cache/bootsnap/compile-cache-iseq/3c/3e6c7f9365ad70	    1952	       1	application/octet-stream	d13e50d871951d548ba9e2b6c7bb35270ba4ec0b
./tmp/cache/bootsnap/compile-cache-iseq/3c/557f48289a2128	    1240	       2	application/octet-stream	9b48a891a68dd9fefe3f765b0f9c4b20e94d2b09
./tmp/cache/bootsnap/compile-cache-iseq/3c/64b00809f37f10	    1148	       2	application/octet-stream	3f72d6aed785e2dc6f938f8fa1d6933eccb04702
./tmp/cache/bootsnap/compile-cache-iseq/3c/8254a3aba3bbf8	    1364	       0	application/octet-stream	880f59c0534d88a599f3aa0d53b53b462c7734be
./tmp/cache/bootsnap/compile-cache-iseq/3c/8ab2c83b2e053c	     736	       0	application/octet-stream	941f895493ee6825439047b939f6f4fc5d56afb5
./tmp/cache/bootsnap/compile-cache-iseq/3c/fa16f4797a7a4b	    3100	      24	application/octet-stream	c76ae4fb12cd9285503b72c15efbc489338e3de1
./tmp/cache/bootsnap/compile-cache-iseq/3d/42d50101232239	     892	       0	application/octet-stream	9a3c0dae9916f6f244d6362650d75599fd8917da
./tmp/cache/bootsnap/compile-cache-iseq/3d/abf9eb3ce32c94	    1232	       0	application/octet-stream	9d749988c0e6054bc362d33a3761bc7a1e175028
./tmp/cache/bootsnap/compile-cache-iseq/3d/c54c056edf7e6a	    2484	       2	application/octet-stream	310fab09f1a3c6cc14dcf75fe881436302d37b26
./tmp/cache/bootsnap/compile-cache-iseq/3d/d6c6cc141c7aec	    3296	      22	application/octet-stream	8aab779faf30a78d5f76f05283b2d030277fc913
./tmp/cache/bootsnap/compile-cache-iseq/3d/db802f54fbfe62	    8628	      25	application/octet-stream	c6dd52422b5b80e0b4a1fdd94642a95e13190f6f
./tmp/cache/bootsnap/compile-cache-iseq/3d/de7bdc5725f4d6	    2532	       9	application/octet-stream	5b92dcfc8b90a9ad4c70be0b5a330564fe62b9da
./tmp/cache/bootsnap/compile-cache-iseq/3d/f8faa5dd6ce08d	    1756	       1	application/octet-stream	ead86e8e62e0488732c6a5b5ab1c422a6c2d8057
./tmp/cache/bootsnap/compile-cache-iseq/3e/01153cec2f0006	    6860	      22	application/octet-stream	a0eaae57ac29df5eb2a696aad7600839e7aab9f3
./tmp/cache/bootsnap/compile-cache-iseq/3e/0c8d9260fea50d	    8384	      44	application/octet-stream	291d70f7b266c0dd8e91a1ff1c9a696e1b5089fd
./tmp/cache/bootsnap/compile-cache-iseq/3e/18a934b2142463	    1000	       1	application/octet-stream	5b32945f3ae89499547c1fc5c6f9a3c219f0bada
./tmp/cache/bootsnap/compile-cache-iseq/3e/4abd86804214fb	    1620	       0	application/octet-stream	e70caeb7cff860e6fb5c902714d9c588abf9fa02
./tmp/cache/bootsnap/compile-cache-iseq/3e/4e27033a51a013	    2400	       1	application/octet-stream	2abdacd17d0af1dda9fce7c32724369792de0815
./tmp/cache/bootsnap/compile-cache-iseq/3e/5e8cb93d685b91	    1028	       0	application/octet-stream	deeb8f0ffdcae9f35ed77ef64207708001768045
./tmp/cache/bootsnap/compile-cache-iseq/3e/67a4b6bb25fbd8	   10936	     170	application/octet-stream	3c8586d92c84b442c0b8358d271ab404afd592c8
./tmp/cache/bootsnap/compile-cache-iseq/3e/6d1f2e395877f8	    4276	      12	application/octet-stream	f0e8cead7a6f8958c67567583765d9c50682ba37
./tmp/cache/bootsnap/compile-cache-iseq/3e/79bfd15047147b	     484	       0	application/octet-stream	f536bb0d47d9e056be980812866e6e2758665aee
./tmp/cache/bootsnap/compile-cache-iseq/3e/7a5227e95de08a	    5480	       3	application/octet-stream	82c91d7037844e720c1842be4c6612b6ab4c8151
./tmp/cache/bootsnap/compile-cache-iseq/3e/8cf8b9b8d16216	     956	       0	application/octet-stream	3cd91dd47e63cc25241f3ec13db414508d2afd2a
./tmp/cache/bootsnap/compile-cache-iseq/3e/8f81cef17b98f0	     864	       0	application/octet-stream	72d3eee8f46e8be31a0b394e21916ebf4728df6a
./tmp/cache/bootsnap/compile-cache-iseq/3e/bf76ccd4b2bef4	    3568	      21	application/octet-stream	bbe37f6fe4d3692888d01377efd887dd19bf78f8
./tmp/cache/bootsnap/compile-cache-iseq/3e/c450c27f0c5b4f	    1356	       0	application/octet-stream	47dd325d66f37c42f2544801df89145cbb899f60
./tmp/cache/bootsnap/compile-cache-iseq/3e/f4089aca583d19	    1224	       0	application/octet-stream	6db5a57b270df8da1c8a5651a7017f7e8a1b20aa
./tmp/cache/bootsnap/compile-cache-iseq/3f/28302bd8b3526c	    3260	      18	application/octet-stream	848f2c75345aa75126742c8ec2dc7b913a1887cd
./tmp/cache/bootsnap/compile-cache-iseq/3f/2f16fa7077979a	    2380	       1	application/octet-stream	11f999a7c2be511ee61ed8e50cdeb0c51af7e391
./tmp/cache/bootsnap/compile-cache-iseq/3f/3147cc0db207b4	     896	       0	application/octet-stream	47ecaf33d9153e56f44d00701c18a680e6d4b25b
./tmp/cache/bootsnap/compile-cache-iseq/3f/53c2a81425bad9	    9596	     151	application/octet-stream	33f9cfbb727b03044fd98e1ffe8c282605534853
./tmp/cache/bootsnap/compile-cache-iseq/3f/556f060e3e83d1	    3644	      21	application/octet-stream	3555edbd3e10b139a9bfb96fbc0387574489247b
./tmp/cache/bootsnap/compile-cache-iseq/3f/86322af4b6effa	    4248	      14	application/octet-stream	f421fc99e0909f7c061fa50e6256b809ce96deab
./tmp/cache/bootsnap/compile-cache-iseq/3f/a98e2679f2bd18	    2464	       9	application/octet-stream	782d873323ef7cca4bb5ec06f15039cc13e0f5f6
./tmp/cache/bootsnap/compile-cache-iseq/3f/b24e345d5e212b	    6280	       2	application/octet-stream	a778f4535408013f327a1016684ce34d14fa8319
./tmp/cache/bootsnap/compile-cache-iseq/3f/b2fb418b7341f9	    1664	       1	application/octet-stream	4297f8b59472a33c802db7df7548811417d7c2d9
./tmp/cache/bootsnap/compile-cache-iseq/3f/e473953732387a	     536	       0	application/octet-stream	33d3f339596648f5439f9dbae1c8103a0b5c9e2e
./tmp/cache/bootsnap/compile-cache-iseq/40/18f61f4410ae30	    8912	       5	application/octet-stream	1a70c8b54fa6d5a85c126b124b7dd854cb3807ca
./tmp/cache/bootsnap/compile-cache-iseq/40/316dc28333d6aa	    2088	       1	application/octet-stream	e5efac8537193bef70f5235306c37cdf48a2bb92
./tmp/cache/bootsnap/compile-cache-iseq/40/37372149520afc	    3220	      21	application/octet-stream	d8d3182b8090accfa7606342943370f81c830603
./tmp/cache/bootsnap/compile-cache-iseq/40/64446d7633d6b0	   10704	     134	application/octet-stream	517a19e09b246a0f3e9eccc2ee753429d4f6481f
./tmp/cache/bootsnap/compile-cache-iseq/40/85487e270aad33	    7004	      23	application/octet-stream	782f7ba4f9889c6b9713f66885d2892b29343777
./tmp/cache/bootsnap/compile-cache-iseq/40/a73271829a0d37	    1216	       0	application/octet-stream	5a6acefdfb935eee8d8ea5764b338a460ef4bea6
./tmp/cache/bootsnap/compile-cache-iseq/40/e5876f398fc199	     772	       0	application/octet-stream	bc73fb1e3a6b8d6e8a69a2dc386b3eab3c8fb39c
./tmp/cache/bootsnap/compile-cache-iseq/41/0d144e18757406	     780	       2	application/octet-stream	beef71fcb9e1b5dbdcd73884f3aee91bc06a10e8
./tmp/cache/bootsnap/compile-cache-iseq/41/4196ce1c68d703	    2484	       2	application/octet-stream	32e3a58b178ed21c544bd14cae77175a327cb966
./tmp/cache/bootsnap/compile-cache-iseq/41/4358044d82ba43	    4656	       8	application/octet-stream	c0769be199d76f041670f65522cffdfdec5ae7ec
./tmp/cache/bootsnap/compile-cache-iseq/41/548e1f2d600841	    9968	      82	application/octet-stream	aad9e4dd3568957fb39681b5ac3b704fe8328013
./tmp/cache/bootsnap/compile-cache-iseq/41/5c80a10dd9c8d9	     504	       0	application/octet-stream	8a4e5ef710c274a1d148be48a7cefbbe3dab917e
./tmp/cache/bootsnap/compile-cache-iseq/41/682a99a854089d	     960	       0	application/octet-stream	782c7f27eb4b66caf4bfcc65398ecee7fadfa645
./tmp/cache/bootsnap/compile-cache-iseq/41/7cd2477ba6e7a9	    2140	       1	application/octet-stream	b3a56c83b28c431a2c09ab8b71cebfadd328e369
./tmp/cache/bootsnap/compile-cache-iseq/41/7d5dca1da7876b	    3460	      25	application/octet-stream	4022f91225a172b2827efa7b45dbbfedac9d826b
./tmp/cache/bootsnap/compile-cache-iseq/41/81d8f12c2d0978	    1120	       0	application/octet-stream	e70a62e88aeaa9d53beed3fe3fd5c4e9d46deaa9
./tmp/cache/bootsnap/compile-cache-iseq/41/8636773d751bb9	    8732	     143	application/octet-stream	d4637ca3d9a6d631cad4af5899fea9bb8511961a
./tmp/cache/bootsnap/compile-cache-iseq/41/93078dc4b6baab	    2700	      10	application/octet-stream	123280f41ca98dc957a482a9688fb09005e06ed1
./tmp/cache/bootsnap/compile-cache-iseq/41/989d9797e230c6	    1408	       0	application/octet-stream	f4ef98d3a853c49b7410151c23a78eb77ac5191d
./tmp/cache/bootsnap/compile-cache-iseq/41/aaa757faa9f3bc	    1380	       2	application/octet-stream	564b52dae29e5cbe44d78878a4c30feb9b9f92d0
./tmp/cache/bootsnap/compile-cache-iseq/41/b9c97987bd0779	    1264	       1	application/octet-stream	436c29d1b6efe5b9a8d6db50e90286524f262e9b
./tmp/cache/bootsnap/compile-cache-iseq/41/db59e18eb39fd3	    1812	       1	application/octet-stream	401ae5bfb4dbab7864d946d789cf178c0beb93f1
./tmp/cache/bootsnap/compile-cache-iseq/41/dd1a1f6a03ab05	    1368	       1	application/octet-stream	c1d5dacae2d7e7320ec6d6412b11785d4fdbd04d
./tmp/cache/bootsnap/compile-cache-iseq/41/e8cb7156acd2d3	    4176	      10	application/octet-stream	8dfb86cd8ed71e32b5e37e5c62f7714408b9365b
./tmp/cache/bootsnap/compile-cache-iseq/41/fc568e0928863f	    1796	       3	application/octet-stream	3cbcf8a5ddc37bb29ef9eb17368c3e7c53945735
./tmp/cache/bootsnap/compile-cache-iseq/42/092f2b8ea62c26	    4996	      32	application/octet-stream	1215d9f0c1530ad4f9945d5859450ca5a6e167c7
./tmp/cache/bootsnap/compile-cache-iseq/42/477583c7f7f184	    2580	       2	application/octet-stream	9c17498440dfc622837fd9aab428cfd697619048
./tmp/cache/bootsnap/compile-cache-iseq/42/638125b0415c67	    6888	      13	application/octet-stream	24d40c2d5bd583034b771974d30340e6a957e319
./tmp/cache/bootsnap/compile-cache-iseq/42/729ddf19d91336	   10064	     112	application/octet-stream	fa9cb64d8b1f5c0b40ba4aff8963b9896f957aa0
./tmp/cache/bootsnap/compile-cache-iseq/42/8edf54effe41ad	    9036	      45	application/octet-stream	7658c4e4f418f146019d04113946d6a347b03279
./tmp/cache/bootsnap/compile-cache-iseq/42/934d83375e525d	    9300	     139	application/octet-stream	5c52db611ee4c59a7dab2181f75488f8a216a174
./tmp/cache/bootsnap/compile-cache-iseq/42/a45b0b8f62b3d2	   30200	     736	application/octet-stream	28a0d3ad2685dbe6c41d8f46c8604a1bfa20229a
./tmp/cache/bootsnap/compile-cache-iseq/42/b5050ebc0055ca	     684	       0	application/octet-stream	210a9fd3ef2bd4fb7e3f649d2f7cb30867cfa544
./tmp/cache/bootsnap/compile-cache-iseq/42/b9ec8a1b195ac3	    2188	       0	application/octet-stream	9e641dac112ccc943c5907c0688114566f294a08
./tmp/cache/bootsnap/compile-cache-iseq/42/bfbe1b02bff1b5	    2780	       2	application/octet-stream	37f960ca35440f95eb3b63ab9850367890d06ef4
./tmp/cache/bootsnap/compile-cache-iseq/42/cde3a04a6a8694	   36388	     799	application/octet-stream	47091701a5271858d8edce30eb5d90e9af5b331e
./tmp/cache/bootsnap/compile-cache-iseq/43/03c3935bb6c5fa	    1960	       0	application/octet-stream	bb6e153dbfacbe59b8bf4746d7030e859cf70097
./tmp/cache/bootsnap/compile-cache-iseq/43/0819890ec22f8a	    2572	       0	application/octet-stream	2a05669fdcfb046b784d4060f5564082f63c9967
./tmp/cache/bootsnap/compile-cache-iseq/43/22d78cc20cc302	    1328	       1	application/octet-stream	3d4ee44d7e2dc4409b4170ac689aac0ae9898900
./tmp/cache/bootsnap/compile-cache-iseq/43/3b1d05bac37b70	   11320	     170	application/octet-stream	be0582dac22988feb2315f085a71d6b08319a827
./tmp/cache/bootsnap/compile-cache-iseq/43/3c3ebace6e104e	    3120	      16	application/octet-stream	4caa1d2d5180ef693592af9ecd8850ca642a7a19
./tmp/cache/bootsnap/compile-cache-iseq/43/4b74c0e1fd52f3	    5232	       6	application/octet-stream	c138703dba197bb9ffcba5ccac64472aa9a5106c
./tmp/cache/bootsnap/compile-cache-iseq/43/670dcb7f3d68fa	   30568	     282	application/octet-stream	af699e4b062b3e3f39186fb783e892bb60434a45
./tmp/cache/bootsnap/compile-cache-iseq/43/78e277e3e56ae2	     696	       1	application/octet-stream	4411c27b1c7e5c25be3664eb472975e8f9daa028
./tmp/cache/bootsnap/compile-cache-iseq/43/8e79edfe32e233	   33100	     442	application/octet-stream	1de34b490415d0735e0227e5c3d3e8d99120a615
./tmp/cache/bootsnap/compile-cache-iseq/43/9d9a55c4250460	    2512	       0	application/octet-stream	9205df290a90ac622fbf8709f3d489bb18eb7951
./tmp/cache/bootsnap/compile-cache-iseq/43/b4f54fce720ef1	    1452	       0	application/octet-stream	71cbf5e0262da1a8299f9e1b42326884c6f9d34e
./tmp/cache/bootsnap/compile-cache-iseq/43/b536be25249f40	    9376	      78	application/octet-stream	e17bb509f57256709e42dbaa47a9eef189b693c0
./tmp/cache/bootsnap/compile-cache-iseq/43/d82dee35abb363	     804	       0	application/octet-stream	7312ac25d4062aecaea25c6c0567b6571ad77298
./tmp/cache/bootsnap/compile-cache-iseq/43/e7b98aef0a1416	    1128	       0	application/octet-stream	d1400f549990ab4a0f9f0bd8721eab65df90385f
./tmp/cache/bootsnap/compile-cache-iseq/44/31edb5196633fa	    1652	       1	application/octet-stream	0e3931538f0a85f1a312c0f7e88656447baac729
./tmp/cache/bootsnap/compile-cache-iseq/44/3ce8eb14f6e5fc	   10644	      65	application/octet-stream	04eba758d3649eb39674332095e23f47fbe4034e
./tmp/cache/bootsnap/compile-cache-iseq/44/5264525c1017ee	   11228	     196	application/octet-stream	2c832d38608567617d1ec4b5302171bcb9b75cb8
./tmp/cache/bootsnap/compile-cache-iseq/44/721d5a6b8af040	   26204	     732	application/octet-stream	490e1eba7089104cd29e91803b6e0ca153935fd0
./tmp/cache/bootsnap/compile-cache-iseq/44/8db53bddb83175	    1840	       1	application/octet-stream	a4a5535a413640c732f7bd5a8256487f2ca92e40
./tmp/cache/bootsnap/compile-cache-iseq/44/cb7446df9c513a	    2416	       7	application/octet-stream	1a8ddc6029ce349a8d46077a166bb4f80ee86f59
./tmp/cache/bootsnap/compile-cache-iseq/44/d7b12cedb20d4b	    1896	       1	application/octet-stream	4399c81af47fc6c46418b40820abec1667bf30b9
./tmp/cache/bootsnap/compile-cache-iseq/44/db201f7ca15a43	    1260	       0	application/octet-stream	0da13ddc325382dd623ed385536d973cd07b08e0
./tmp/cache/bootsnap/compile-cache-iseq/44/f3140d7263b084	    4436	       7	application/octet-stream	b544591c0b7dcee25b4959c5da32bb52159edc8a
./tmp/cache/bootsnap/compile-cache-iseq/45/77295e224e6f80	    1724	       0	application/octet-stream	917a2a638c216ffcc01f38d978bf1c04daeabbc4
./tmp/cache/bootsnap/compile-cache-iseq/45/84ed79a8f07880	    8760	      12	application/octet-stream	970d7c31cc4c67e9782e1fe547b2db0fe79dffb7
./tmp/cache/bootsnap/compile-cache-iseq/45/a62e1ce500b3d9	    3688	       9	application/octet-stream	e7691d878179bb1ead606b7481c1c4f8c1838729
./tmp/cache/bootsnap/compile-cache-iseq/45/cf71e3ce12fb60	    3996	      32	application/octet-stream	4e8b4e6e71c754c55d5a685b5892779f5c313a19
./tmp/cache/bootsnap/compile-cache-iseq/45/d80d0d59cbdeff	    3476	      22	application/octet-stream	d1c1b94c0a280c84aa82058e23653f6cbdc810fe
./tmp/cache/bootsnap/compile-cache-iseq/45/feb3026de6e115	    2192	       2	application/octet-stream	4acea1a323ece0673b849101e1831ff900d9e8b1
./tmp/cache/bootsnap/compile-cache-iseq/46/07b91bbfb5a31f	    1060	       0	application/octet-stream	1bbf833cbca01325f2ee56a1e2e2d98a59b9d34f
./tmp/cache/bootsnap/compile-cache-iseq/46/32e6750e5ba5fa	     660	       0	application/octet-stream	62611ccdbf8483a8a6ffc9dd35da29ee28042e1d
./tmp/cache/bootsnap/compile-cache-iseq/46/33426d0982d8e3	    1356	       0	application/octet-stream	bc16070a3c0e0d8bd8037791f48096be71abe2d7
./tmp/cache/bootsnap/compile-cache-iseq/46/48e81f4de92d4d	    3208	      28	application/octet-stream	d5642950572c4486a8fd8de5afbd732104db5765
./tmp/cache/bootsnap/compile-cache-iseq/46/572358d74556a7	     828	       0	application/octet-stream	13e525d226e9ed9ca19abeb8a63f0813ba5f06ef
./tmp/cache/bootsnap/compile-cache-iseq/46/7e61a705c88e51	    7260	      33	application/octet-stream	4dc931e32e278854c7e1f6482d375c487f44a80f
./tmp/cache/bootsnap/compile-cache-iseq/46/9b8a763a5255ba	    8036	      16	application/octet-stream	18a05ca67c6e78b43529f5541a4271be55f69272
./tmp/cache/bootsnap/compile-cache-iseq/47/45f228560d75bf	    4932	       2	application/octet-stream	a3028c68f3e300e55b3756e166c4f38d3165d240
./tmp/cache/bootsnap/compile-cache-iseq/47/6c0b12f889e3d5	    3092	      26	application/octet-stream	723c0f70080c194b4510600b879fb2f3a6bfa665
./tmp/cache/bootsnap/compile-cache-iseq/47/8f3819e22f01d1	    8464	     105	application/octet-stream	d093dbfc9f4788ad7c8822e0647b1ff88eb4f5e9
./tmp/cache/bootsnap/compile-cache-iseq/47/9b2db77d32bc61	     724	       0	application/octet-stream	699678fd527fd309d54a882b96d0dbef2087c76f
./tmp/cache/bootsnap/compile-cache-iseq/47/d3783c0fcb686a	    5648	       2	application/octet-stream	30be278a370ec1a8afb95fe89b5edcc52e54b27e
./tmp/cache/bootsnap/compile-cache-iseq/47/f4037ba6c6e4be	    2580	       1	application/octet-stream	fac2c932288fcea46cf68cb7a3490dc06af0f641
./tmp/cache/bootsnap/compile-cache-iseq/48/437bade74cd151	    3452	      25	application/octet-stream	14e4032b28656fc8f929803a1aea319384d34793
./tmp/cache/bootsnap/compile-cache-iseq/48/59d83b3c5b07e6	    2024	       2	application/octet-stream	5a625a7e15802c1144d2bcedc95e02f2fd8e51aa
./tmp/cache/bootsnap/compile-cache-iseq/48/694ffb601a5290	     316	       0	application/octet-stream	0a96e06bd611bd2508383deccb687baf1f642a21
./tmp/cache/bootsnap/compile-cache-iseq/48/834991f37ae10c	    3192	      22	application/octet-stream	45b57385a8ed16c725cca60e046f24ab4cfacd2d
./tmp/cache/bootsnap/compile-cache-iseq/48/c0bebcca9a17df	    3288	      20	application/octet-stream	7f823397f51e41575d7d3752043295d1233d35e4
./tmp/cache/bootsnap/compile-cache-iseq/48/f8d8e5c042d5f0	    2316	       0	application/octet-stream	9dbe86d7acb74d079d390400fbe2f99b081065b0
./tmp/cache/bootsnap/compile-cache-iseq/49/12cd0508cbd129	    1192	       0	application/octet-stream	d7a19d7cafae6ddecdb59c03bcdef9ce5e8906fe
./tmp/cache/bootsnap/compile-cache-iseq/49/1f9bcbaf420f86	   10632	     152	application/octet-stream	de749ce37fed277ce2e5ad960ded11e4965decc4
./tmp/cache/bootsnap/compile-cache-iseq/49/25e8b867be27be	    2348	       0	application/octet-stream	b16b0cb0a812ba059657b7a49ccbc1f620ea7913
./tmp/cache/bootsnap/compile-cache-iseq/49/35b1aac6fe0168	   20124	     336	application/octet-stream	64a1ecbbb56d8b082cc333ff5afd2b6fec1f1fb2
./tmp/cache/bootsnap/compile-cache-iseq/49/3a206e8a286734	   10716	     131	application/octet-stream	f77471550439cbeb7630a3efda81e387e5c1d881
./tmp/cache/bootsnap/compile-cache-iseq/49/4c434d22309d2b	    1728	       3	application/octet-stream	b1a050047a16f9fad060c55408f0974366c73559
./tmp/cache/bootsnap/compile-cache-iseq/49/72c35a96ee1924	    2828	       4	application/octet-stream	494b4bd42f76d2c74a6426c7807e34ab7fc1451b
./tmp/cache/bootsnap/compile-cache-iseq/49/b485bed959566a	     640	       0	application/octet-stream	2f6221841d869cda31e124174e14acc1d869ba6a
./tmp/cache/bootsnap/compile-cache-iseq/49/ba63ff75178059	    4064	       9	application/octet-stream	d2320fc02a2191b9db10c8c8ee1a11c5356c97aa
./tmp/cache/bootsnap/compile-cache-iseq/49/cc4ed1f7e086a7	    1284	       0	application/octet-stream	00d35c25cfeccdb0b1dd83068b3987eb3deade4b
./tmp/cache/bootsnap/compile-cache-iseq/49/d4e0173f1f117f	   16000	     215	application/octet-stream	0e3db0b4c8b8a60bee901e01f86788f4fe4bbeca
./tmp/cache/bootsnap/compile-cache-iseq/49/f894f53f3bdb92	    2204	       4	application/octet-stream	5d36a3f8cce918fc13082407b400eb59d7bcb780
./tmp/cache/bootsnap/compile-cache-iseq/4a/10b279feb0253d	    3552	      25	application/octet-stream	6644271e350e76563534df927f9f800d38cee6a1
./tmp/cache/bootsnap/compile-cache-iseq/4a/2062602fbff6cf	     828	       0	application/octet-stream	21f572002a2e69fd565c34fc4d48bbe2d57ae8f2
./tmp/cache/bootsnap/compile-cache-iseq/4a/23918b2b6c07f2	    3956	      11	application/octet-stream	2dbd99b96df736379b4bdb43a7fef67f2f049a89
./tmp/cache/bootsnap/compile-cache-iseq/4a/511404e68fe07a	    4860	       5	application/octet-stream	3a78155604e89369cf6aecc6f1ca40de0b2f9851
./tmp/cache/bootsnap/compile-cache-iseq/4a/8b311077ff2d63	     968	       0	application/octet-stream	bd9ffef0d30aefe5307ec63185c7f55bc8be268e
./tmp/cache/bootsnap/compile-cache-iseq/4a/b28690b5b66bbf	    4212	      24	application/octet-stream	bdc2146aa3a8569a16b55d389ced9cf460bf12b9
./tmp/cache/bootsnap/compile-cache-iseq/4a/d69c9ce09c4ec4	    5524	       8	application/octet-stream	1c129dd7d961745d9ac6dfff47ec4bd33ab4ba59
./tmp/cache/bootsnap/compile-cache-iseq/4a/da6137c87fc3fb	    1352	       0	application/octet-stream	9929c64d0525d5bf7c761556d72d0052574a5679
./tmp/cache/bootsnap/compile-cache-iseq/4a/e3032008aad822	    1464	       0	application/octet-stream	415e987749c4f99ff8f25a422bd54fc5d9130abd
./tmp/cache/bootsnap/compile-cache-iseq/4a/fce53661537bb6	    3760	      18	application/octet-stream	2e5154d9a9110fa088e3a8d7a1f6be09c4edd963
./tmp/cache/bootsnap/compile-cache-iseq/4b/113c1b3c5828e6	    9636	      15	application/octet-stream	a896e3805144e2092f4a19cfcb9596e51909c306
./tmp/cache/bootsnap/compile-cache-iseq/4b/2b2fffbc4b4e61	    1888	       0	application/octet-stream	131f49d494112f750080b9f90125e5f5ae08f851
./tmp/cache/bootsnap/compile-cache-iseq/4b/3366da7c668b4a	    6160	      13	application/octet-stream	de5ae122716e3c384587e2c870654c2f290afe95
./tmp/cache/bootsnap/compile-cache-iseq/4b/d3d08270acef99	    1900	       5	application/octet-stream	a0a258d2a2f387dfc02a9fe17d53b77f3e442b60
./tmp/cache/bootsnap/compile-cache-iseq/4c/5767a3cc67eb35	    1176	       2	application/octet-stream	d3234173423626e2e26595169148039a95d66995
./tmp/cache/bootsnap/compile-cache-iseq/4c/57bd10939674f8	     492	       0	application/octet-stream	9997a2c8f0454231909235b7adb28adfc4e21dcd
./tmp/cache/bootsnap/compile-cache-iseq/4c/60e07db561a76d	    8892	      45	application/octet-stream	b0a1ebbe5419ec6c44fbdf3da13fd9011ea3fcbd
./tmp/cache/bootsnap/compile-cache-iseq/4c/65a3504fc863cb	    7064	      15	application/octet-stream	d7cfdff77cdbe8dd7d128eda7cf48e19a142614a
./tmp/cache/bootsnap/compile-cache-iseq/4c/69d860cefc1c8c	     588	       0	application/octet-stream	509ed77cce6e0a01c95a85f7481faa776460b71b
./tmp/cache/bootsnap/compile-cache-iseq/4c/724d99527d52a3	    3932	      11	application/octet-stream	6c392098ad566ee60db48f69f78c627cb9f76edb
./tmp/cache/bootsnap/compile-cache-iseq/4c/b6eb792a433284	    2288	       3	application/octet-stream	32f9c458ed10d61620912841c5effd3eaa184625
./tmp/cache/bootsnap/compile-cache-iseq/4c/bdbcbd81fee275	    3592	      26	application/octet-stream	d9653da070f6c0c2dae5d638d75af7a86cf6d77f
./tmp/cache/bootsnap/compile-cache-iseq/4c/c2901be8c7690e	    4564	       7	application/octet-stream	ba0c757b5ef8fabce1b6aa0b49b0bf91816ea31a
./tmp/cache/bootsnap/compile-cache-iseq/4c/d7c755be0b1549	    1092	       0	application/octet-stream	abd0bace24e41c3af59323b7fc3f16d157962849
./tmp/cache/bootsnap/compile-cache-iseq/4c/f9d50c0a6be27e	    2928	       5	application/octet-stream	11049c57913d7b657447ff258ffff47b2afb3d05
./tmp/cache/bootsnap/compile-cache-iseq/4d/0f947665db9936	    2072	       3	application/octet-stream	d054676492ef962960872729f23850b999280eff
./tmp/cache/bootsnap/compile-cache-iseq/4d/21eb331c7d548a	    1580	       0	application/octet-stream	27f28cb5954808be5798f416b741ea19a7760beb
./tmp/cache/bootsnap/compile-cache-iseq/4d/33c4af7c8a802f	    6876	       3	application/octet-stream	f000e1016be842769cb21f595d504ec462b081bf
./tmp/cache/bootsnap/compile-cache-iseq/4d/6d1a8ed8919f7f	     892	       0	application/octet-stream	20cae8ce810893ad3a24715b780a34b25b2dd67a
./tmp/cache/bootsnap/compile-cache-iseq/4d/8faf6cd23234f6	    7876	      34	application/octet-stream	943ac4ce32936b02b1ca3a122eb50253e528060a
./tmp/cache/bootsnap/compile-cache-iseq/4d/a7400b692d03b8	    3392	      28	application/octet-stream	a62d244761dfa1f29506c6334e3f6b38e04b944f
./tmp/cache/bootsnap/compile-cache-iseq/4d/dc518c4ec63de0	   22400	     217	application/octet-stream	d5395c0f382e123ea1a440e947079274517427c5
./tmp/cache/bootsnap/compile-cache-iseq/4d/f16dfb14d5754c	   10652	     190	application/octet-stream	6dfc497943265ee6846d052daa06bccf39d3f919
./tmp/cache/bootsnap/compile-cache-iseq/4e/02af646df40cfc	    7056	       6	application/octet-stream	961d9b17bd1325c8a397c77c1977eb0ea328ba87
./tmp/cache/bootsnap/compile-cache-iseq/4e/1a3e7e1b0a9d0e	    4636	       6	application/octet-stream	64b72a8045ca0dee8b558a5e20a4ce3b89d3c6ae
./tmp/cache/bootsnap/compile-cache-iseq/4e/2bb21d68420a17	    2068	       1	application/octet-stream	e2ec029637e3ed25da1341ad7b7747304f6d3784
./tmp/cache/bootsnap/compile-cache-iseq/4e/3984ec820c3c17	    2528	       1	application/octet-stream	7f66da36c438b55ecd162c2e100a026cf2e75da1
./tmp/cache/bootsnap/compile-cache-iseq/4e/3f779ad7895484	    8548	      13	application/octet-stream	673c8bbad3a5237d3bd28836ccf1b4fc87e6ecfd
./tmp/cache/bootsnap/compile-cache-iseq/4e/4fe43d652f573f	   32468	     446	application/octet-stream	9ecb22f9e016b8d67ce9e233f3a99fe5af080045
./tmp/cache/bootsnap/compile-cache-iseq/4e/7a15c4269646a5	    6684	       7	application/octet-stream	dc3f631095af9434c5c5c5a616e8accc055feea7
./tmp/cache/bootsnap/compile-cache-iseq/4e/a18a22c4bd1171	    3384	      15	application/octet-stream	2a8997eda257f336959a9a0faf5f28c785e8c9fc
./tmp/cache/bootsnap/compile-cache-iseq/4e/d9a46be3072b7b	    1024	       1	application/octet-stream	73e5186ea7838978cccbe8eddcf5c2f48c08a265
./tmp/cache/bootsnap/compile-cache-iseq/4e/e869c503004a2d	    1504	       0	application/octet-stream	69941ffef3c015f090fa0c9b8e4bb91bd27ccee9
./tmp/cache/bootsnap/compile-cache-iseq/4e/fba5ee067cd4aa	   26336	     691	application/octet-stream	eec2d96f5bb858d3ee9508e1b4a86f8781a0eb3b
./tmp/cache/bootsnap/compile-cache-iseq/4f/08f1abef3214fa	    5984	      16	application/octet-stream	9a3712bd0daa4c8c14ced0f262a4167566c2cbab
./tmp/cache/bootsnap/compile-cache-iseq/4f/15c2d9d8747662	     992	       1	application/octet-stream	feb014d4491eda4c3e2f68e9c8744b020388d249
./tmp/cache/bootsnap/compile-cache-iseq/4f/3b07ff7f426514	    3480	      24	application/octet-stream	b71339b95f98dae0c5bc757d0efce3f9ed6fc86d
./tmp/cache/bootsnap/compile-cache-iseq/4f/4139cf81072a5c	    1772	       5	application/octet-stream	6d49bf0cdfa352e9392413f4e3ec34e78645c83f
./tmp/cache/bootsnap/compile-cache-iseq/4f/53ac06caddd397	    4376	      23	application/octet-stream	b6c2eaf9f159dfd3ec93f0a2e070a738245848ab
./tmp/cache/bootsnap/compile-cache-iseq/4f/6af10f1c662353	    1164	       0	application/octet-stream	32ba46e91f7a33dc471b76f8b48bc718c412d313
./tmp/cache/bootsnap/compile-cache-iseq/4f/ae71b764f3b8f3	    1292	       0	application/octet-stream	9e881dcf72016689b495be5cf79f9fe86a45e03a
./tmp/cache/bootsnap/compile-cache-iseq/4f/b52e718da2b4a3	    5636	      12	application/octet-stream	2581ad14481e01e37f2e0b951cbf4f6de3186904
./tmp/cache/bootsnap/compile-cache-iseq/4f/c22d2e83c98a11	    1276	       2	application/octet-stream	0edb3d61d0acbd7149f73e18847f3c41f35b79b3
./tmp/cache/bootsnap/compile-cache-iseq/4f/ff1d5c0813a499	     732	       0	application/octet-stream	e5c6620ab707ed52347c3f7699a5627ec9033b37
./tmp/cache/bootsnap/compile-cache-iseq/50/08ae363326d528	    3504	      26	application/octet-stream	bf9a79525d183e1bb56cb85160dedaa892154eff
./tmp/cache/bootsnap/compile-cache-iseq/50/21b05e8e2cab79	   31144	     718	application/octet-stream	6f1bbbcb9c5ba7125fd0c89a49d7b566b59d3a26
./tmp/cache/bootsnap/compile-cache-iseq/50/2816e9351f7ecc	    1216	       0	application/octet-stream	549f6e5bcf0f7ab8a4d3451bf306132049cccc57
./tmp/cache/bootsnap/compile-cache-iseq/50/2b27d761eb6424	   26860	     304	application/octet-stream	cf8cb3378b7eb68c18e8f29b990f9fad0a0ead6a
./tmp/cache/bootsnap/compile-cache-iseq/50/4afe3f73631417	    3480	      25	application/octet-stream	c9f037f0662c76a42311403cc3aeab4efbf8a217
./tmp/cache/bootsnap/compile-cache-iseq/50/6102227a9fe2b0	    3116	      18	application/octet-stream	27d93c6cf0edf30f53c3650699dabad1697a0a41
./tmp/cache/bootsnap/compile-cache-iseq/50/9ca56de08d68ee	     804	       0	application/octet-stream	905af41fbf5c8aa61bcee9ceb152a8b027a1636b
./tmp/cache/bootsnap/compile-cache-iseq/50/d853ccc8bdaa78	    6500	      15	application/octet-stream	e804bfb4cfde62a1fc10079d8fd0f3ef3635b58b
./tmp/cache/bootsnap/compile-cache-iseq/50/e0e116af26fc18	    3920	      20	application/octet-stream	d66603348a7a7a96935b8ec2ce9ed99048d5be15
./tmp/cache/bootsnap/compile-cache-iseq/51/0f88c6041dd3ec	    6648	      25	application/octet-stream	b12b6e6c3d26c69256dadcbd8fd87b1c79c0b236
./tmp/cache/bootsnap/compile-cache-iseq/51/7e30fffe18b842	    7344	       4	application/octet-stream	7814d4c7633b5a281cb59e394fd99f8de8edc779
./tmp/cache/bootsnap/compile-cache-iseq/51/884edd4e1f4058	    8452	       6	application/octet-stream	e3c564d5a59ae1a08a7b83323dc3a2dd7b08fa0e
./tmp/cache/bootsnap/compile-cache-iseq/51/aa39f1dfc43317	     512	       0	application/octet-stream	8f5fd8f08817a3f7d0c533e66de9f3b0c712d5c9
./tmp/cache/bootsnap/compile-cache-iseq/51/cae2bdda70a27d	     588	       0	application/octet-stream	ac3725092ef6c3c949a370bef643aff2d5bab4d4
./tmp/cache/bootsnap/compile-cache-iseq/51/dffbaffb6984cc	    1744	       0	application/octet-stream	136affe544aca4624753e4fe80a684e259994bec
./tmp/cache/bootsnap/compile-cache-iseq/51/eb20cdae11d368	    1176	       0	application/octet-stream	cb0ffbfb61248946cfec415555d140f38e0f91e0
./tmp/cache/bootsnap/compile-cache-iseq/52/15f013e79b2c21	    1576	       0	application/octet-stream	f39fc1d330715d9e3d5f4432f180a16746c0bc56
./tmp/cache/bootsnap/compile-cache-iseq/52/19717b7456a4ef	    6032	      15	application/octet-stream	962bdf1d9cd118691ca17481c8b90a15feb20e84
./tmp/cache/bootsnap/compile-cache-iseq/52/30f9cdaf88d3a3	    2460	       0	application/octet-stream	17421dcfa698096c9d4ecc4a405997f64f5ff80e
./tmp/cache/bootsnap/compile-cache-iseq/52/75b0e4a7b48b98	    3212	      25	application/octet-stream	02329dc2c2b07116b33cf0c82d232658ed7857a9
./tmp/cache/bootsnap/compile-cache-iseq/52/83e858ec6f7383	    3620	      21	application/octet-stream	264917b5c31c21215aee2b57af9e63026167f4ef
./tmp/cache/bootsnap/compile-cache-iseq/52/91e9f0e2bcf4fe	    3472	      28	application/octet-stream	e64d93adfc4eb02dad4b7e0e3b75ff137b25d1af
./tmp/cache/bootsnap/compile-cache-iseq/52/a0465b648bc5e6	    2336	       2	application/octet-stream	67c2c0c21ff93c84b7d842c0e980deb8764f2129
./tmp/cache/bootsnap/compile-cache-iseq/52/a09e92c86ef7f5	   21116	     190	application/octet-stream	11f01d5d2ace6d5baa34382fdf3b4b934d60325c
./tmp/cache/bootsnap/compile-cache-iseq/52/b73d9ea4bb8f09	    6220	      20	application/octet-stream	00a62a98b1d050ef138693d31e93707a238acf4a
./tmp/cache/bootsnap/compile-cache-iseq/52/c3fcc703955e1f	    2600	       2	application/octet-stream	d37a0563a1d0773084e4bd47ad0816212086697c
./tmp/cache/bootsnap/compile-cache-iseq/52/cf4836451ae907	    3196	       9	application/octet-stream	57d76de0a4ccc5af678b42afb4b4d4c5ce621865
./tmp/cache/bootsnap/compile-cache-iseq/52/dfe4f0f1bcca71	    3488	      34	application/octet-stream	5a7cd337c7d1e0609ae6698665d1680f8a5a9499
./tmp/cache/bootsnap/compile-cache-iseq/52/e7c3515d6e7a2c	     696	       1	application/octet-stream	bd5f5d47ab8c67f6e85a2412971b62196b2b5d79
./tmp/cache/bootsnap/compile-cache-iseq/52/f44a0fd884d60e	    3668	      24	application/octet-stream	ae15ec8a4a6fd12153813392008bfb99089b15a5
./tmp/cache/bootsnap/compile-cache-iseq/53/0ede1869c7532f	   32348	     803	application/octet-stream	54a4bd039e4db81aa17e65d0805042001db320fd
./tmp/cache/bootsnap/compile-cache-iseq/53/3babc2035725f2	    7112	      33	application/octet-stream	2c1e8c71b563f4785eafff1e0335209afc13971b
./tmp/cache/bootsnap/compile-cache-iseq/53/4120940708f679	    3600	      30	application/octet-stream	c42d9f07b8c998bb0fbfd59a746bb78e5c77d1db
./tmp/cache/bootsnap/compile-cache-iseq/53/81407546abc137	     732	       0	application/octet-stream	8910eb9f262731651046e6d0ffe93c6b9e737bfc
./tmp/cache/bootsnap/compile-cache-iseq/53/90d90ef5b8cc92	   13036	     190	application/octet-stream	b3c78c2af3f222181d13864d19baa436b382e9d5
./tmp/cache/bootsnap/compile-cache-iseq/53/946a20a6c32fc3	    2076	       3	application/octet-stream	d9dd25e522fa2505af07f5839de3a38576a08f98
./tmp/cache/bootsnap/compile-cache-iseq/53/9483b66abccb48	   24180	     345	application/octet-stream	f01cb7c1c0a7404d7589f96aefb0848d3991c385
./tmp/cache/bootsnap/compile-cache-iseq/53/9f5fd3e826954d	    9140	      67	application/octet-stream	8573dca6396647fd68e23877f3a9bfe448d0b0fb
./tmp/cache/bootsnap/compile-cache-iseq/54/2ddc2b9ab4ff44	    4016	      13	application/octet-stream	077a549ad9db70aa2637d1e9006ceb22d217ebee
./tmp/cache/bootsnap/compile-cache-iseq/54/75d386df6d0085	    1364	       1	application/octet-stream	5f1fa1a2a35b312c1f8ac04ae1e5a50666335e53
./tmp/cache/bootsnap/compile-cache-iseq/54/8c46872f87774f	    8544	      42	application/octet-stream	4f1f558cf65a4d59d6e059cba25be7e643998a23
./tmp/cache/bootsnap/compile-cache-iseq/54/8e72347003367b	    1588	       0	application/octet-stream	ce58aa377d144d7a179664a916f0124be508df66
./tmp/cache/bootsnap/compile-cache-iseq/54/931f46a7bef957	    1928	       0	application/octet-stream	047caa11ce7c0314d1c4144c4998f5138f6b6d85
./tmp/cache/bootsnap/compile-cache-iseq/54/98d9dcb9968584	    5448	      12	application/octet-stream	409a39d375cc6dcd82b87d1380682c8d0179dd70
./tmp/cache/bootsnap/compile-cache-iseq/54/99bc5d9c3d5b43	    3224	      21	application/octet-stream	0b447bdee6981b47e94fa69039aef7a822892eba
./tmp/cache/bootsnap/compile-cache-iseq/54/a5eba2993f326f	    3168	      27	application/octet-stream	2da89fecc8c52b9e2c1bfabbea669c877dc4dbb8
./tmp/cache/bootsnap/compile-cache-iseq/54/e9c8d1a5e16606	    5892	      15	application/octet-stream	44489a2d81bac82e51de6daade94ee1842990cb0
./tmp/cache/bootsnap/compile-cache-iseq/54/f4a11c705a4446	    4856	       8	application/octet-stream	ce445d158da34f0c0c6b2b1b96c653adc405dab6
./tmp/cache/bootsnap/compile-cache-iseq/55/1c7043b862c1c4	    5816	      10	application/octet-stream	b7a70d9ca616584e4395b256cc4e7abaf77aee25
./tmp/cache/bootsnap/compile-cache-iseq/55/2216acdce14208	    2448	       2	application/octet-stream	756dcbca74ca92acc9850e74ac57c8563883df8c
./tmp/cache/bootsnap/compile-cache-iseq/55/2ab32025e15a63	    2300	       3	application/octet-stream	84919d2d4ebd06f71ba3404bb2c72ed0a2fa26f1
./tmp/cache/bootsnap/compile-cache-iseq/55/4b1e25bb159f44	   12316	     220	application/octet-stream	d1b4dddcccfbda7a2f51868e61dfe6ffbafd3ce6
./tmp/cache/bootsnap/compile-cache-iseq/55/4d49cdcc0f8db6	    7904	      18	application/octet-stream	77f1649ee81fe6bf0288144e4f5a6db65b582a5d
./tmp/cache/bootsnap/compile-cache-iseq/55/6d82cb2318df44	    9908	      72	application/octet-stream	e8e8dad28879f0910ce3a34e5335c1a53d25cb00
./tmp/cache/bootsnap/compile-cache-iseq/55/73ae75c3b3d12a	     968	       0	application/octet-stream	f0b9dd48c2739190328f4ee890f8f7770772b60b
./tmp/cache/bootsnap/compile-cache-iseq/55/96222c35158452	    5128	      10	application/octet-stream	6127e3daf97633c7fd51feb8b5f3110941c9b823
./tmp/cache/bootsnap/compile-cache-iseq/55/a33a8f8305aac0	   15476	     210	application/octet-stream	2e54b6db8503aac26fe7e66d399010d4397dd8ce
./tmp/cache/bootsnap/compile-cache-iseq/55/d78b5e3a5cc538	   16500	     367	application/octet-stream	b554e71d6ae4d0156e14ae0333fe58f2227fb3b4
./tmp/cache/bootsnap/compile-cache-iseq/55/e075de8e817060	    2364	       2	application/octet-stream	b76941b84b9ba74a112e1b89edec1f8e67b70e25
./tmp/cache/bootsnap/compile-cache-iseq/56/1e3bf4dffb1fd8	    3920	       9	application/octet-stream	1c6b6512ef476dba5e8cc4e6bf0b30b912bb1032
./tmp/cache/bootsnap/compile-cache-iseq/56/5c9ffda4c4e1e6	    4316	       8	application/octet-stream	bd3b4bce35bb7f761574ef69a570bb8dc3f6bd8f
./tmp/cache/bootsnap/compile-cache-iseq/56/6ba8e0a24947f5	    1908	       1	application/octet-stream	c4bc99f15923a7f845ca7e46ac0590d72114586a
./tmp/cache/bootsnap/compile-cache-iseq/56/994642fda2898a	    6664	       6	application/octet-stream	e010d3ecae0794ee8a8448855a6e5a4ee7be2fe5
./tmp/cache/bootsnap/compile-cache-iseq/56/a194ada222df16	     468	       0	application/octet-stream	8b057aa7b1e9afc4f2972213a9439e1543760cad
./tmp/cache/bootsnap/compile-cache-iseq/56/a1e04fc6ce35e0	    1580	       0	application/octet-stream	a80a9de591de773d8f4617a5926bb4e4c2fd50fa
./tmp/cache/bootsnap/compile-cache-iseq/56/bf9e1146c91f7b	     548	       0	application/octet-stream	72b3d2abfe87f32d4b140ba02e650debc3c74466
./tmp/cache/bootsnap/compile-cache-iseq/56/d2c4290dff87de	     484	       0	application/octet-stream	64703b9e159099239c2e9b687b676fb10dae43d6
./tmp/cache/bootsnap/compile-cache-iseq/56/eb0172a628f5a0	    2144	       2	application/octet-stream	4c256c180226d6cb03b9d5b3c7e91b9e45429c49
./tmp/cache/bootsnap/compile-cache-iseq/56/f8c09af93030d8	    2768	       2	application/octet-stream	257625e507f36115418952c7fb44457c02492803
./tmp/cache/bootsnap/compile-cache-iseq/57/0ac657467a3213	    3740	      36	application/octet-stream	57bb200a86b86409ef4a2bdeae4bece759c28153
./tmp/cache/bootsnap/compile-cache-iseq/57/1af05eb83d09ee	   12544	     182	application/octet-stream	140b1c749608e3b0639ef7c7ed98ece5fcd07ac0
./tmp/cache/bootsnap/compile-cache-iseq/57/58e5ec83bcb357	    2628	       5	application/octet-stream	a9210ed9060fbf4e16abad40f0697fa4c5bc1544
./tmp/cache/bootsnap/compile-cache-iseq/57/619556b0725e61	     640	       1	application/octet-stream	8f94e650cf59117c5a674cab321553e7c26813dc
./tmp/cache/bootsnap/compile-cache-iseq/57/787b7430c3a0d3	    2908	       8	application/octet-stream	eb28214f53061337c28115105f3086786f87b86d
./tmp/cache/bootsnap/compile-cache-iseq/57/bfba82b360e1bd	    1680	       1	application/octet-stream	4009cbc30677243b2ac9743d526f68b8c336161d
./tmp/cache/bootsnap/compile-cache-iseq/57/c1f927562caa8b	    2484	       0	application/octet-stream	e7d0aa146bbafa45aef57115539a6d2ac9163ad8
./tmp/cache/bootsnap/compile-cache-iseq/57/c23322d272fcec	     948	       0	application/octet-stream	72165b9e908350a4b1867cc2b259083e5bd52da3
./tmp/cache/bootsnap/compile-cache-iseq/57/e66bb8f435bfb9	    2928	       1	application/octet-stream	68f483705766f13992567f3680ec319c6d2cb68e
./tmp/cache/bootsnap/compile-cache-iseq/58/0542899690ceb8	     684	       0	application/octet-stream	f56f3d34ea75a121244c2a95add4f53917cde4e3
./tmp/cache/bootsnap/compile-cache-iseq/58/055891b3f54cac	     744	       0	application/octet-stream	29a2736fa4e681bb531ef19fe5f8891d267b130c
./tmp/cache/bootsnap/compile-cache-iseq/58/1af0191a300dce	    5672	      12	application/octet-stream	adf139a25a7ffdc998b6446a852ae4a41a30c876
./tmp/cache/bootsnap/compile-cache-iseq/58/2f66b034bf098a	    2632	       6	application/octet-stream	21dcb98ea18a161e8701dd7cfa12abf008555d3d
./tmp/cache/bootsnap/compile-cache-iseq/58/54a8f704df3b03	    1696	       0	application/octet-stream	6b6d0ee6e7ea3270e20b336f624d008f31d15846
./tmp/cache/bootsnap/compile-cache-iseq/58/62c1922a858258	    4816	      11	application/octet-stream	4e878204a2b47ccd591677360b4e182125d339f5
./tmp/cache/bootsnap/compile-cache-iseq/58/7723c8aa6dd0a7	    4352	       8	application/octet-stream	a7a7a78440bfa11d64fa6bc18be41687894cffa8
./tmp/cache/bootsnap/compile-cache-iseq/58/798f075648b6bb	    1412	       0	application/octet-stream	330b832f878729b9d125db67200376f242229070
./tmp/cache/bootsnap/compile-cache-iseq/58/8ca7c7219cf969	   16060	     191	application/octet-stream	28d72460836a34cc9ea460cc0cda823d7e88d92a
./tmp/cache/bootsnap/compile-cache-iseq/58/a0bfbe58170daf	    1728	       0	application/octet-stream	ca9a3d638237a6491ebd7ae9546095f8596508eb
./tmp/cache/bootsnap/compile-cache-iseq/58/c3583ed0783f48	    7080	      19	application/octet-stream	c6e87334c57d4883942f32fbbe181e974e8ff2cb
./tmp/cache/bootsnap/compile-cache-iseq/58/cfad88f45e9e27	    6104	       9	application/octet-stream	3e74c3c5eca2de7f3f9cddcf79f1edc2bac8a658
./tmp/cache/bootsnap/compile-cache-iseq/58/e21fdbada2a5fe	    1264	       1	application/octet-stream	abec769fa1d70547b11cfbadce86ba436e99d996
./tmp/cache/bootsnap/compile-cache-iseq/59/086b7992b15cca	   52420	    1081	application/octet-stream	2ce8b64def56df94d60e05cf07e1eabcb6e9c421
./tmp/cache/bootsnap/compile-cache-iseq/59/1b440797acc410	    2940	       6	application/octet-stream	10cd2cf2324cf9872d44b80cc34434ccfecee049
./tmp/cache/bootsnap/compile-cache-iseq/59/3484dae7c5d7dc	    1236	       0	application/octet-stream	d6bb42508aed2d3865e6378201cbacb9dd52df08
./tmp/cache/bootsnap/compile-cache-iseq/59/63acf995de5c48	    2816	       3	application/octet-stream	04637d4cbbe4e02c44c66af09675526abeb0e74e
./tmp/cache/bootsnap/compile-cache-iseq/59/6cbdb8295403e6	     756	       0	application/octet-stream	7c41fb0b3779be13b7da229cbf3e6503d42c9fc4
./tmp/cache/bootsnap/compile-cache-iseq/59/724f3dac54563d	    2244	       4	application/octet-stream	6f3cd0375e099f8b474fa2bd078fac1ae7283739
./tmp/cache/bootsnap/compile-cache-iseq/59/7d71bbfe709417	    1128	       0	application/octet-stream	7e572d425c815a89bd3390a6b17c329cd7151410
./tmp/cache/bootsnap/compile-cache-iseq/59/83d231cead0a99	    7060	      14	application/octet-stream	53a40620d60d5efcee72ed4ef98a73ef5118973a
./tmp/cache/bootsnap/compile-cache-iseq/59/97d212b6bb12b7	   10688	     404	application/octet-stream	78a6fb1d6d1fe881dbe3cd79dbe86e931f29f476
./tmp/cache/bootsnap/compile-cache-iseq/59/aaf0e82aa1b912	    2520	       2	application/octet-stream	c20de3486c4b0debaa46f7ccba3de2b7b995a36c
./tmp/cache/bootsnap/compile-cache-iseq/59/b3c7be1d773da5	    3892	      22	application/octet-stream	cd8d2f28e5f18f28d86029d184102e6afb58bcc1
./tmp/cache/bootsnap/compile-cache-iseq/59/bb4e4298a5820d	    1660	       0	application/octet-stream	6057ac1e4b11b5e0fa9b9d11baedea5d334f9f07
./tmp/cache/bootsnap/compile-cache-iseq/59/cbb407dad4bec8	    3096	      17	application/octet-stream	41a2eb0c0008ddd53240ec078cbb594da33120bf
./tmp/cache/bootsnap/compile-cache-iseq/59/dc16a91fe987b6	    4276	      29	application/octet-stream	fcfe4dc22e9e88a4c523cac8c3312a668129a01c
./tmp/cache/bootsnap/compile-cache-iseq/59/e174cb549343a4	    8640	     172	application/octet-stream	1c93a1772c57392bd13d68b9f4e335d97b83d7dd
./tmp/cache/bootsnap/compile-cache-iseq/59/e9c87d54e29007	   24684	    1054	application/octet-stream	c9a4a95f47a35cb4cc622695a112ab41fe7fa80b
./tmp/cache/bootsnap/compile-cache-iseq/5a/30e1321891d87b	    1684	       0	application/octet-stream	03d9e8a8c4f4eac94cc3f009e76a8eece2ec28d6
./tmp/cache/bootsnap/compile-cache-iseq/5a/4190a35efceb5c	    6308	       9	application/octet-stream	fd58f6260b725b7436dfa753d318fe453d12e470
./tmp/cache/bootsnap/compile-cache-iseq/5a/4caf1f24a50166	    1140	       0	application/octet-stream	91985fac30b815cbdd68f21a9bbfc8097042ee1a
./tmp/cache/bootsnap/compile-cache-iseq/5a/78deab77375654	    1216	       0	application/octet-stream	b93342ed82fe0f1dc08a1b3c41cfbaff3a404947
./tmp/cache/bootsnap/compile-cache-iseq/5a/806c0f292ad3d7	    2952	      16	application/octet-stream	33780b81e929c42f2acdba41cb0efc2bae1e5a45
./tmp/cache/bootsnap/compile-cache-iseq/5a/97a875e24484f0	    2672	       3	application/octet-stream	e0de1f184929871b99cab2848eed625c8d66e54c
./tmp/cache/bootsnap/compile-cache-iseq/5a/a1606ded6ca6af	     652	       0	application/octet-stream	ca2fd2833c44e95e1919ea22d6dd4349057147d4
./tmp/cache/bootsnap/compile-cache-iseq/5a/a8c0a0360f037f	    3904	      29	application/octet-stream	6f1ed1226f2fa2cf024ba3e4ab651fbe9b4f9143
./tmp/cache/bootsnap/compile-cache-iseq/5a/c592478c1be24c	    1172	       2	application/octet-stream	1a6e63e71d0f06deb0726f5b9f3b71e88a1b450a
./tmp/cache/bootsnap/compile-cache-iseq/5a/dd6b4dfcd4b1da	     912	       0	application/octet-stream	a6eca7611e8a10e17643bf408f8f15bbbe3bde4f
./tmp/cache/bootsnap/compile-cache-iseq/5a/ee777cfffb7d97	    1516	       2	application/octet-stream	7fa6edf014e97ceb40f705c1b0508a77c1ad934f
./tmp/cache/bootsnap/compile-cache-iseq/5a/eea8348f8c1f9e	    2860	       4	application/octet-stream	03e27deba4f154f987112d0cbd66cadac6e1c98e
./tmp/cache/bootsnap/compile-cache-iseq/5b/0f570abb3c4b4a	    3300	      15	application/octet-stream	3b8ba1c875a560e6504bad870a3fe04559423910
./tmp/cache/bootsnap/compile-cache-iseq/5b/14eee857a19047	    3380	      29	application/octet-stream	69a9f89eb6f9d382a0fa438147836d3006679cca
./tmp/cache/bootsnap/compile-cache-iseq/5b/160679f2544409	    4776	       6	application/octet-stream	8545304e2569bd6ce72e16af0a9858bd15d85803
./tmp/cache/bootsnap/compile-cache-iseq/5b/46c78d34ce876d	    1012	       1	application/octet-stream	30454c7a5b86d64fafc1aa32c2eea51e700e0935
./tmp/cache/bootsnap/compile-cache-iseq/5b/763eae3c65544b	    1352	       0	application/octet-stream	4078a62e350979ce7874a0e6845472b473109eb3
./tmp/cache/bootsnap/compile-cache-iseq/5b/807256f03f7eb7	    1092	       1	application/octet-stream	bc83e0ef68b5ce3701d47888b11971fb6c1742fe
./tmp/cache/bootsnap/compile-cache-iseq/5b/b112357dd72b58	    2600	       2	application/octet-stream	8402158a62163d8cdad524a75eb2d618261d84d6
./tmp/cache/bootsnap/compile-cache-iseq/5b/bd8a4e8a98ad82	    3600	      23	application/octet-stream	276a4b6e52e6563689d518e31715ab9d7da0acc8
./tmp/cache/bootsnap/compile-cache-iseq/5b/cdd1baec3b5f79	    1564	       0	application/octet-stream	f095daf5794c0a7e4aba9201a748f623d294f226
./tmp/cache/bootsnap/compile-cache-iseq/5b/d6f9830def0b03	    2276	       4	application/octet-stream	dd505c94bdef844491c2d0abbbd3b8317a8dc455
./tmp/cache/bootsnap/compile-cache-iseq/5b/ed64d2b720dc7f	    1540	       0	application/octet-stream	20783695f1c5a079ded76106fc9fdc1e06efef80
./tmp/cache/bootsnap/compile-cache-iseq/5b/ee9b0d19d758c1	    2604	       1	application/octet-stream	e1e387f9c2eb0d1dcb7fe32610d1a10b3a14424b
./tmp/cache/bootsnap/compile-cache-iseq/5c/01e5e2e88beb1f	    2744	       4	application/octet-stream	880d07ebfdf6b5159e363b1663770f6301523ade
./tmp/cache/bootsnap/compile-cache-iseq/5c/1d8a70fde85be7	    3280	      20	application/octet-stream	ecb2ea5b35f34462bad1ce8f9c294a4ef159154b
./tmp/cache/bootsnap/compile-cache-iseq/5c/496d6f2d4664f2	    2084	       2	application/octet-stream	694241118621f7ad862a0349b160487089501772
./tmp/cache/bootsnap/compile-cache-iseq/5c/516d56b0311e5f	    6196	       9	application/octet-stream	2e243474c0e30d7abf5f060a7a2ea743e3572ba1
./tmp/cache/bootsnap/compile-cache-iseq/5c/5e9ebe4b4cca12	    1172	       0	application/octet-stream	bba0c5a6ce0269e4cba6f2bae23541c74282b7cc
./tmp/cache/bootsnap/compile-cache-iseq/5c/60d7d23a8aa5d5	    6536	       3	application/octet-stream	0e0ffe1841a7bcf3d28c9a2b1e59f033a48b6e66
./tmp/cache/bootsnap/compile-cache-iseq/5c/912fe86e2d4975	    3880	      27	application/octet-stream	b9bbaf7213dbfdeef12fa1b40f5ab1847b2b269c
./tmp/cache/bootsnap/compile-cache-iseq/5c/a87d4879d0e113	   21296	     867	application/octet-stream	c512325bdb9ef03beda6f2508654946b8ceb0735
./tmp/cache/bootsnap/compile-cache-iseq/5c/cdf4f110a58b88	    1880	       1	application/octet-stream	962a8509cc6f76b68b741da33c1608c9de6ee52a
./tmp/cache/bootsnap/compile-cache-iseq/5d/187fc14b936c48	    5892	       3	application/octet-stream	b3ef95a5e62e9b447f2476480e64e1d9769e7b05
./tmp/cache/bootsnap/compile-cache-iseq/5d/39101b95dba5b0	     876	       0	application/octet-stream	e47a10d1e098dea0aed7323ef808f2ecdc0b1097
./tmp/cache/bootsnap/compile-cache-iseq/5d/3e2422f5d88ede	     520	       0	application/octet-stream	aedebe54e8db5fc07de978eae058a2d0039ae88c
./tmp/cache/bootsnap/compile-cache-iseq/5d/5cb9a20068077b	    3720	      30	application/octet-stream	58fe8e8430ed6be85d87a1e5a0b6baea58c1a6ca
./tmp/cache/bootsnap/compile-cache-iseq/5d/5cc72ac8538c09	    1032	       0	application/octet-stream	3c9324c5043cf60c00b1cc1514217471c4f00a6f
./tmp/cache/bootsnap/compile-cache-iseq/5d/6066b525ef90e1	    5600	      19	application/octet-stream	3429ee2782604ad1b766f36f61d9970609ea2853
./tmp/cache/bootsnap/compile-cache-iseq/5d/63ea8ddc8ecdc8	    1704	       0	application/octet-stream	26b785b6e12158b24eed0d6b84f1c204cb112705
./tmp/cache/bootsnap/compile-cache-iseq/5d/8804e684fe2a0d	    6044	       8	application/octet-stream	da9223cc8a280bde7b549dd111deaea55f69c376
./tmp/cache/bootsnap/compile-cache-iseq/5d/a3e7f43ff36252	     508	       0	application/octet-stream	4ffae3a8821b09d6f27f2e13195ba2836904bfda
./tmp/cache/bootsnap/compile-cache-iseq/5d/a518396543794e	    3144	      32	application/octet-stream	5840090f20441802b91cfd06a399fd2d0b0127d9
./tmp/cache/bootsnap/compile-cache-iseq/5d/b2125f7d74c283	    2908	       4	application/octet-stream	0d4b0d41bf93194f1eb22f87d7a2f54c1f81f917
./tmp/cache/bootsnap/compile-cache-iseq/5d/b7e746821cd54c	    4560	       8	application/octet-stream	67cee582f020179ebd707ffd8d3d4d7733300379
./tmp/cache/bootsnap/compile-cache-iseq/5d/c5b397a80cdd9c	    1184	       0	application/octet-stream	4a3f823c31b44a2f403be3189db6e74cd5c2f468
./tmp/cache/bootsnap/compile-cache-iseq/5d/c9c8aa1bc1b207	    1216	       0	application/octet-stream	342bfbff4f75a906a15ce8e3c5e558b2332366a1
./tmp/cache/bootsnap/compile-cache-iseq/5d/f92815facdfd21	    2960	       7	application/octet-stream	341712bb158a3e494149ccd6f26131dcc58ee80e
./tmp/cache/bootsnap/compile-cache-iseq/5e/1f353d9144472c	   11000	      80	application/octet-stream	071c2603f50abbeeb36fa6aacfd13016445d8673
./tmp/cache/bootsnap/compile-cache-iseq/5e/296c8b4036dd69	    1296	       2	application/octet-stream	0fd9c49c4187024be1cba5dfe29b542cd7678e7c
./tmp/cache/bootsnap/compile-cache-iseq/5e/2a8afb053c3fed	    1684	       3	application/octet-stream	22a353f374f9f32ee36d030e4d67c2a82d0c17c3
./tmp/cache/bootsnap/compile-cache-iseq/5e/7b3e90cb60fa18	    1784	       3	application/octet-stream	cfba310523957299658e14f393ff26dbcfad6add
./tmp/cache/bootsnap/compile-cache-iseq/5e/910cde35ee76d1	    6304	      11	application/octet-stream	0f5c975c8b2a1fd5de869d27e7e65424d560b4de
./tmp/cache/bootsnap/compile-cache-iseq/5e/a95bae5c92ee41	   11532	     174	application/octet-stream	8f18d512af2542598d9540d090587e586c9abf12
./tmp/cache/bootsnap/compile-cache-iseq/5e/b5ec0247f0fa2b	   17572	     170	application/octet-stream	5982d43c84da12b5088ce4d47869939ccecda7c3
./tmp/cache/bootsnap/compile-cache-iseq/5e/d7478c02e66349	    1620	       3	application/octet-stream	d1ce94c94ade66ec45a6487466adefce4722974f
./tmp/cache/bootsnap/compile-cache-iseq/5e/da14df4891c8f0	    6340	       8	application/octet-stream	6eba9c03a6d986ea2cfb22b7a074eb79be3abc79
./tmp/cache/bootsnap/compile-cache-iseq/5e/eaae7cf711dee6	    1564	       2	application/octet-stream	c64bbc933d0302060655379caf45fd5190d17ad5
./tmp/cache/bootsnap/compile-cache-iseq/5f/7b043984ef4f1f	    3576	      23	application/octet-stream	5dcc8f76ae00c705f925ef85b29abfdb2178c1df
./tmp/cache/bootsnap/compile-cache-iseq/5f/a1e032867e8a4f	     912	       1	application/octet-stream	074439b89af0eed43abd5901c70ba4c3a808ab01
./tmp/cache/bootsnap/compile-cache-iseq/5f/b1b47e4617f119	    1688	       0	application/octet-stream	ae6df46cd4ddec80947f209caa7960a265ffbc53
./tmp/cache/bootsnap/compile-cache-iseq/5f/f4e11fbd47b581	    1412	       0	application/octet-stream	105e5791a045a6c04cb20cf7b8dd77075f8fe7cb
./tmp/cache/bootsnap/compile-cache-iseq/60/13453fdc47f4e0	    9900	     113	application/octet-stream	7e3a14ac130e9e1897e9e82e97a28fbabdce9be8
./tmp/cache/bootsnap/compile-cache-iseq/60/13e4c31e8f67de	    7784	       7	application/octet-stream	85a8103b7b0b16f2109959b1747cf54c5c5cfa2c
./tmp/cache/bootsnap/compile-cache-iseq/60/162d12d4d4f69d	    1584	       1	application/octet-stream	a308f5b19313dbf9023959aad0b758ab90b9532d
./tmp/cache/bootsnap/compile-cache-iseq/60/2e0c184a07eb33	    4436	       7	application/octet-stream	374a1b128bea1e5c5d3c7149e8ecb04dbae502f0
./tmp/cache/bootsnap/compile-cache-iseq/60/a85bc445e38cb5	    2572	       6	application/octet-stream	85667adfb3c1ee616d47f05fad0f505a328fe589
./tmp/cache/bootsnap/compile-cache-iseq/60/bb54089fb5e88a	    1632	       0	application/octet-stream	32f557b144fddf17af64b1167ae2994c4b6b2517
./tmp/cache/bootsnap/compile-cache-iseq/60/d9f3221bbd08bc	   70892	     994	application/octet-stream	4bf71248bfa70bf3e22293904c2e22809ca38b2b
./tmp/cache/bootsnap/compile-cache-iseq/60/eef8710bad2737	    2096	       1	application/octet-stream	0a2aec7630aebecc75c7d5b6a0b7c93cced1f570
./tmp/cache/bootsnap/compile-cache-iseq/60/ff11593284ba18	    4056	       2	application/octet-stream	39e5b42f2c0bef47b419553f3a28a396335a3ad1
./tmp/cache/bootsnap/compile-cache-iseq/61/0baef7e685df45	    2848	       6	application/octet-stream	3c7b22eefcaf974a0f6610d96d00b17313034c93
./tmp/cache/bootsnap/compile-cache-iseq/61/317204c173b228	    3584	      23	application/octet-stream	d6a39360c7a41176ef976882c187f181178dbfc9
./tmp/cache/bootsnap/compile-cache-iseq/61/c3e6a75386916b	     832	       0	application/octet-stream	ec2812616b832a44899ffee43a9005c44272f6c1
./tmp/cache/bootsnap/compile-cache-iseq/61/e63975d2a84dd0	    1560	       0	application/octet-stream	24ffaa37ec0b018aafd2e9d543307c9c22e5f09b
./tmp/cache/bootsnap/compile-cache-iseq/61/ffe6fc9614e1ec	    5584	       2	application/octet-stream	12a522e42434f0d282d437dbff450973c8beac1e
./tmp/cache/bootsnap/compile-cache-iseq/62/0cd539c7466500	    2512	       2	application/octet-stream	8be7028744960805ce508e9174e4267bd1bbbb1d
./tmp/cache/bootsnap/compile-cache-iseq/62/11b4ce9e536ec8	    5348	       9	application/octet-stream	7c8980e28ff0c91d95164c116c8fbfc962ce9f23
./tmp/cache/bootsnap/compile-cache-iseq/62/1d6d17f756204c	    3176	      15	application/octet-stream	011b8569d2cdbaded70d2c2b4c2350d945638d65
./tmp/cache/bootsnap/compile-cache-iseq/62/39a7b376fc15f0	    9848	      75	application/octet-stream	9cdcdaac114ec5b8f647c0ebd9bd8f9f16063128
./tmp/cache/bootsnap/compile-cache-iseq/62/62338866446af9	     500	       0	application/octet-stream	cfd445fed1c02deb7af5c5a4f2d37f1c340ac806
./tmp/cache/bootsnap/compile-cache-iseq/62/93e8b4e20af8c9	   55960	    1070	application/octet-stream	e767415b238b361833a6c195639afabf72c7742e
./tmp/cache/bootsnap/compile-cache-iseq/62/9c976dc31f3d57	    9748	     128	application/octet-stream	6df07a3d26c6e29aa29b759f8a696e26c4d5eb3b
./tmp/cache/bootsnap/compile-cache-iseq/62/d9d5ca781f0076	     360	       0	application/octet-stream	32409d1a02275abf57a4b676eb097e733981cb84
./tmp/cache/bootsnap/compile-cache-iseq/62/fb275339a2350f	    3664	      19	application/octet-stream	bff01ef6c0ee29b357eda1eee4f0f9caae0d5dc6
./tmp/cache/bootsnap/compile-cache-iseq/62/fe036f6049b9a9	    4868	       5	application/octet-stream	581ce4a153adb638e23c46feba82b209331e5fe9
./tmp/cache/bootsnap/compile-cache-iseq/63/0aba5cac8b1b50	    3264	      30	application/octet-stream	430eb1d3c3898e8a435d7aa548bcd6cb1e2488de
./tmp/cache/bootsnap/compile-cache-iseq/63/1e6cb5c8b06b63	    2272	       0	application/octet-stream	df29a77eb22f9e0c1af303f775b5de6b71ad5cb5
./tmp/cache/bootsnap/compile-cache-iseq/63/306d4e71d0b14f	    2004	       0	application/octet-stream	54d160be5c01926c27bb0a2f673532f5862a40e3
./tmp/cache/bootsnap/compile-cache-iseq/63/3a45a521e54477	     972	       0	application/octet-stream	ac840c6a645caf3774931ea406c4e59f7c963d09
./tmp/cache/bootsnap/compile-cache-iseq/63/66dc9231b95813	    1012	       0	application/octet-stream	fb5bfe7f56bed0a71638b4e3b5f341e447d816aa
./tmp/cache/bootsnap/compile-cache-iseq/63/769819df31b34a	    2956	      10	application/octet-stream	82e221608faada3691659fae083c9751b5b3ecac
./tmp/cache/bootsnap/compile-cache-iseq/63/7fe240e188ef3a	    7448	      20	application/octet-stream	1d9177534523fb427efb03f2619501f9064862de
./tmp/cache/bootsnap/compile-cache-iseq/63/985767e982a5d0	    1072	       1	application/octet-stream	60bb9aab3cb9e7046331939ecf5244514ce3adc3
./tmp/cache/bootsnap/compile-cache-iseq/63/9e3743b6d3c46d	   11416	     192	application/octet-stream	afdbd977d017405dd58ae47062cfd1202a4b2f40
./tmp/cache/bootsnap/compile-cache-iseq/63/a36cd6d727b809	    2796	       8	application/octet-stream	16f559d587af7f05614eef28e434f22c3d6d1d1e
./tmp/cache/bootsnap/compile-cache-iseq/63/b96acf70777907	    3436	      21	application/octet-stream	3aa417e573dcae899469fd940b546313c4ab0143
./tmp/cache/bootsnap/compile-cache-iseq/63/f8844c59f30360	   18172	     163	application/octet-stream	da460cc16bb667be704146369fb005a87fe21653
./tmp/cache/bootsnap/compile-cache-iseq/63/fec29d72cc2f6a	     756	       0	application/octet-stream	7dfaabbf1251c29cc98fc852d264e10365549910
./tmp/cache/bootsnap/compile-cache-iseq/64/0c5c1f4b246f75	    2344	       5	application/octet-stream	7fc2e883a7c26570bc5d46569a5ce96a9ea5a9b7
./tmp/cache/bootsnap/compile-cache-iseq/64/14ed5c512cf56f	   19676	     370	application/octet-stream	97433f65700edb1d693962a9f3d48e222553d15b
./tmp/cache/bootsnap/compile-cache-iseq/64/473190cadd3058	   12592	      35	application/octet-stream	be901a4a20aa4b66e661b87dcab152f608bbaf76
./tmp/cache/bootsnap/compile-cache-iseq/64/594e1a041d2a05	    2924	      11	application/octet-stream	62f06120e4553fed915c36c8c8a354e859cc7d5b
./tmp/cache/bootsnap/compile-cache-iseq/64/6ce3d9fc25d3fe	   19936	     602	application/octet-stream	b58afb9642cdddd49c7dcb4dcf05185b00e78d9c
./tmp/cache/bootsnap/compile-cache-iseq/64/7282a21f7d2904	    3664	      23	application/octet-stream	c5f79f7ea170ba0ba4310821e48aa0e051923d89
./tmp/cache/bootsnap/compile-cache-iseq/64/78cdd038753e66	    1864	       2	application/octet-stream	7bb18abaa7da008162e54931117f5f7852341c7d
./tmp/cache/bootsnap/compile-cache-iseq/64/81e29fd0004910	   20748	     600	application/octet-stream	2fa917704737c91911fb10cffc29f7a4f3624736
./tmp/cache/bootsnap/compile-cache-iseq/64/821e7e699cb9e9	     744	       1	application/octet-stream	4f7cd1b319960ad9737f25c54b8167977fbaa053
./tmp/cache/bootsnap/compile-cache-iseq/65/1fa5e7c299dd49	   10720	     226	application/octet-stream	5b063793902281c73927e36186ab914f46f6f151
./tmp/cache/bootsnap/compile-cache-iseq/65/6c6521d1152d70	    2716	       4	application/octet-stream	d988fbbf3fb697d0d4b2b3420bba4c46ae47a8f7
./tmp/cache/bootsnap/compile-cache-iseq/65/841599c1540b8e	    1288	       0	application/octet-stream	5320bdff6f1c24ee19273d901660dc128fa58798
./tmp/cache/bootsnap/compile-cache-iseq/65/9ec0ad927bf6f9	   18612	     348	application/octet-stream	37662ebe3afd58f9857fd5b33108e5f7c0bf6ac1
./tmp/cache/bootsnap/compile-cache-iseq/65/a9a3fe6637cd34	   18064	     779	application/octet-stream	4946ab67df3bf8f94cec713a0b8e6a095b376d38
./tmp/cache/bootsnap/compile-cache-iseq/65/bb5bd118f51f7d	    3088	      21	application/octet-stream	2f57f6e218fc57e7d7b3f7ac9a49453b2d79be3d
./tmp/cache/bootsnap/compile-cache-iseq/65/bd149c25427d31	    4236	      27	application/octet-stream	0cf49977d4d6fdb3c2f211e4184acfe6682563c6
./tmp/cache/bootsnap/compile-cache-iseq/65/d4e10a8568c0e7	    4436	       5	application/octet-stream	c20f65f3fb813ea4ff07c297f6d13798952a0c80
./tmp/cache/bootsnap/compile-cache-iseq/65/edb44a27e30fea	     496	       0	application/octet-stream	6c0c6af523b0780d048a5f768c0922b8bb836ab1
./tmp/cache/bootsnap/compile-cache-iseq/66/0729df1f13e8e0	   20092	     274	application/octet-stream	58e6841e11d9e0f3eba6095cc13b311124d685d4
./tmp/cache/bootsnap/compile-cache-iseq/66/24b044ce176a44	    2716	       4	application/octet-stream	ceb1e5a881dcf3f4c7c4db681495a36978525769
./tmp/cache/bootsnap/compile-cache-iseq/66/2a49cafe2ec0e8	    2756	       3	application/octet-stream	b2cb3f269542f082023a35f76823fe3efad2c099
./tmp/cache/bootsnap/compile-cache-iseq/66/312af1c97afa62	    6036	      14	application/octet-stream	65ba9ae3078e19cc787830706b94b4e2f8423e21
./tmp/cache/bootsnap/compile-cache-iseq/66/3838a865924a43	    2176	       5	application/octet-stream	7ce7e9cd06bb542782e12b7ecc67797c9303d5a7
./tmp/cache/bootsnap/compile-cache-iseq/66/54156932b71c82	    2088	       4	application/octet-stream	b4db16f3e328570e206d7c9ee8315e8f247e8806
./tmp/cache/bootsnap/compile-cache-iseq/66/6234f4c2bc9007	    8784	      12	application/octet-stream	798eb5527ffe048cc3ab473f57577f61e26b492e
./tmp/cache/bootsnap/compile-cache-iseq/66/6c74f0c65198b2	   12784	     201	application/octet-stream	86a189b1f137ae19880dbe7c1bcf5d52a8720e14
./tmp/cache/bootsnap/compile-cache-iseq/66/71417ad405ed39	   32088	     228	application/octet-stream	4ce8db97b8d5fb616f9b3d9f63b9d675b56bf820
./tmp/cache/bootsnap/compile-cache-iseq/66/9ec9135bde1c49	   16504	     212	application/octet-stream	32da082b2ebd2d814d6fd41c1a0f80c876ebf5ee
./tmp/cache/bootsnap/compile-cache-iseq/66/b1d8945fcbfdb7	    3312	      28	application/octet-stream	d7104fe0bc116107d9ee90c3fd9030c7518fec81
./tmp/cache/bootsnap/compile-cache-iseq/66/cae65500a3b4f3	    7080	      12	application/octet-stream	568fe07d162f2f3ddae5c4bfde976f2b1200e2b2
./tmp/cache/bootsnap/compile-cache-iseq/66/dba6478d1c3494	   14236	     210	application/octet-stream	7d131734f74aaeeda71fa096322c66cee30dcabd
./tmp/cache/bootsnap/compile-cache-iseq/67/2f580853f935c3	   33332	     660	application/octet-stream	0a4b014987d692b62236d1b6377190ed42590265
./tmp/cache/bootsnap/compile-cache-iseq/67/64dda87275502e	    3360	      22	application/octet-stream	fa1f355ffacb627a84a11e67bd2f441976d0e833
./tmp/cache/bootsnap/compile-cache-iseq/67/9648c841f8d38b	   10656	     149	application/octet-stream	3254a469d2adc171e7a363eb62450a1da800eeb9
./tmp/cache/bootsnap/compile-cache-iseq/67/a310a6aedcd218	     736	       0	application/octet-stream	cbef36f49d37237920f5c736f5b5c16f1a222d33
./tmp/cache/bootsnap/compile-cache-iseq/68/35a8e1c2eac9cb	    2572	       8	application/octet-stream	5e57e577c72b523089d67dd91162f41831b6b598
./tmp/cache/bootsnap/compile-cache-iseq/68/45b2bf2877c561	    1904	       0	application/octet-stream	61aea1e8be76439d0c9654b315e5c1d236b2e769
./tmp/cache/bootsnap/compile-cache-iseq/68/64f62ff983b781	    4852	       6	application/octet-stream	7ce9d6e76a35ac610811aab89a6a699fd83ac999
./tmp/cache/bootsnap/compile-cache-iseq/68/9f5c2afe30ef43	    5704	       7	application/octet-stream	a5ca82b42cb4017284b559c67e0784c7dc69b63b
./tmp/cache/bootsnap/compile-cache-iseq/68/a55e27914dbd41	    5716	      12	application/octet-stream	cf22b584c8b986f176073e2f09b623d236521eb3
./tmp/cache/bootsnap/compile-cache-iseq/68/ac568815da80db	    2596	       2	application/octet-stream	c1f14e5ff3990b4f3b7c448998ddbcf1907a796d
./tmp/cache/bootsnap/compile-cache-iseq/69/0dcb8eea3f343e	    4472	      17	application/octet-stream	3293b88d5afeb76dd1e408da9d7bcc195ddd9246
./tmp/cache/bootsnap/compile-cache-iseq/69/3281bc44abe21b	    3540	      23	application/octet-stream	b4128d650e78db8a0ccee80119bf736c6ade2da6
./tmp/cache/bootsnap/compile-cache-iseq/69/4a50201b12aafd	    7044	      16	application/octet-stream	004de661cf4b8190693f247519ff5547c2c2eb9e
./tmp/cache/bootsnap/compile-cache-iseq/69/6d7b1ca5fc2184	    1252	       0	application/octet-stream	a38d4cf826bb67c5b8a3a9656e9033df8de7a178
./tmp/cache/bootsnap/compile-cache-iseq/69/82f1b375c255ea	    2496	       2	application/octet-stream	21eb37955fc4c3f70e83b1b14555c1bc4e352fe0
./tmp/cache/bootsnap/compile-cache-iseq/69/8605b601cdc536	  244392	    1376	application/octet-stream	31c6f06ac587fbe222a08e4cc040854e0c34a1bb
./tmp/cache/bootsnap/compile-cache-iseq/69/a24d0981d665db	    5132	      11	application/octet-stream	3bcfd473f0edcf65891937ca6d7c74beb00654be
./tmp/cache/bootsnap/compile-cache-iseq/69/c54e1eed991701	    6664	       2	application/octet-stream	ec09b8c05ad3f4246e7c9910eaef26d27c5af928
./tmp/cache/bootsnap/compile-cache-iseq/69/c7be89b4e0f15a	    2692	       3	application/octet-stream	8210e0b3795a0396a4a92827995ee3c6811e59af
./tmp/cache/bootsnap/compile-cache-iseq/69/d233b526600465	    1472	       1	application/octet-stream	736b9107a1a091195c38dd5ac95a82b4bd02caa3
./tmp/cache/bootsnap/compile-cache-iseq/69/e17f2f45c16afb	   23592	     530	application/octet-stream	712ad7062eda86af93051c35c2bf1dadb9a293c0
./tmp/cache/bootsnap/compile-cache-iseq/69/fd02ed95dde872	     684	       0	application/octet-stream	1e204b7eb2763b6d3bbde35bfc57975bbb04806e
./tmp/cache/bootsnap/compile-cache-iseq/6a/2307ab44f615a3	    1388	       0	application/octet-stream	88c1e69f81475b1d379ce1fc645f5e03181d6f05
./tmp/cache/bootsnap/compile-cache-iseq/6a/27f7660c773e3e	    5708	      10	application/octet-stream	7089e6bdcc24f1b2bb56853e768213bcff0787b2
./tmp/cache/bootsnap/compile-cache-iseq/6a/4ee5efc32db51f	   26120	     896	application/octet-stream	5ebb931a370cd2bc898d66196a397310eaaa7284
./tmp/cache/bootsnap/compile-cache-iseq/6a/6d5b5f14a8cd4a	    3020	      13	application/octet-stream	b974f8f8b023e40e9d3a2ccf942427e916df7457
./tmp/cache/bootsnap/compile-cache-iseq/6a/9870ec70ff62a3	    2560	       0	application/octet-stream	14df5ea5d2295b06c56760ff409ca52e525ee162
./tmp/cache/bootsnap/compile-cache-iseq/6a/a4540f9d75b365	    3224	      30	application/octet-stream	e6f145adf5d9e6650bb40e6b1583025226926fe6
./tmp/cache/bootsnap/compile-cache-iseq/6a/cfebe30450df91	    6480	      12	application/octet-stream	9cf4d9365ecf67b97a135e78a1ca988fe20aa0df
./tmp/cache/bootsnap/compile-cache-iseq/6b/0fba3adc24db27	   13144	     177	application/octet-stream	337b08d3d4ab4ef1767d05d9fa6db6e1e702abee
./tmp/cache/bootsnap/compile-cache-iseq/6b/1f9848ee386944	    9456	     102	application/octet-stream	3cfe9cfa4e48e3fe0cb90618a56e29f15117fd64
./tmp/cache/bootsnap/compile-cache-iseq/6b/22f94ac9aebb60	    2460	       5	application/octet-stream	f852667d052fa84431957804357fa8af994abcf3
./tmp/cache/bootsnap/compile-cache-iseq/6b/29621815e55056	     404	       0	application/octet-stream	53b0cb09551e63a2b91962403df8797bdf9a5670
./tmp/cache/bootsnap/compile-cache-iseq/6b/55559b26c4dd2f	    9920	     120	application/octet-stream	e271f7b448fc7283a457f9a9fec99c74f2e923e1
./tmp/cache/bootsnap/compile-cache-iseq/6b/59fe05cf5aeb5b	   27216	     362	application/octet-stream	a1a3c3ff7e61b14b32a2e4e13129aa2b81d3b090
./tmp/cache/bootsnap/compile-cache-iseq/6b/7fc06a2083710f	     464	       0	application/octet-stream	ca47a1885f30f70d214e80780530be5ce70fb7f6
./tmp/cache/bootsnap/compile-cache-iseq/6b/8d06bde231ee2b	    4708	       3	application/octet-stream	435f118c0cef605145b42b394c5f4af35a6f6f47
./tmp/cache/bootsnap/compile-cache-iseq/6b/9fd22aab18519d	    1484	       0	application/octet-stream	58e090360c111dd2a4032f12cdf65801d6392490
./tmp/cache/bootsnap/compile-cache-iseq/6b/9fd5e7997cec00	    1056	       1	application/octet-stream	0b0c45b418050c232affef1a52a14a28ca166429
./tmp/cache/bootsnap/compile-cache-iseq/6b/b04cd15c19c1ba	    1008	       0	application/octet-stream	a14b9c16d0db6d218ef6ab2e845283c0bf3eda00
./tmp/cache/bootsnap/compile-cache-iseq/6b/b11ea231aa49c1	    8876	     117	application/octet-stream	0e098b017a2c72fec0174844ba334c77547e05d7
./tmp/cache/bootsnap/compile-cache-iseq/6b/c9567c4ebb4d3f	    2224	       1	application/octet-stream	64da4851ff339e662bbfc5772c06233a5e8f683f
./tmp/cache/bootsnap/compile-cache-iseq/6c/05a5bfd0a97554	     496	       0	application/octet-stream	a7cc964da87bfae423577a174bd62b588c5cc9b3
./tmp/cache/bootsnap/compile-cache-iseq/6c/2a3c616b2ec3a7	    8520	       8	application/octet-stream	7c54857f909de620f42db48a37edba8d36035044
./tmp/cache/bootsnap/compile-cache-iseq/6c/33bef91d5d29d3	    5064	       8	application/octet-stream	66f259f06d21a3d2214399d26edef5d76014c367
./tmp/cache/bootsnap/compile-cache-iseq/6c/49f3ded36cfe85	    2744	       5	application/octet-stream	8cdbd4cfce022f03f03493f336e4c8f0c7fca817
./tmp/cache/bootsnap/compile-cache-iseq/6c/52baf4217229a2	    1844	       0	application/octet-stream	d4bd29ea19fab0177e24d9bf80f7a704b445ff3e
./tmp/cache/bootsnap/compile-cache-iseq/6c/743d23a829fa3d	   12068	      76	application/octet-stream	79eac8406620c79f020b55810d134fca66e92e9c
./tmp/cache/bootsnap/compile-cache-iseq/6c/77db9bc34969a9	   23640	     416	application/octet-stream	12d908157a4f1daede4bf15ce40198fbca64e6be
./tmp/cache/bootsnap/compile-cache-iseq/6c/785dddfe3a9284	   11192	     180	application/octet-stream	4ce4c3ea1c8830abf9722271e34b53773231fdd1
./tmp/cache/bootsnap/compile-cache-iseq/6c/c3ad2819f45879	    3732	      13	application/octet-stream	1003e9214fd1ee19069aadd45991502581c7bc5d
./tmp/cache/bootsnap/compile-cache-iseq/6d/3fbc99be2aa1a4	    1472	       2	application/octet-stream	0a14278bf1dac8a01b1e29a7c42be0d3d3d8c40f
./tmp/cache/bootsnap/compile-cache-iseq/6d/5a51fb49ec3d92	     700	       0	application/octet-stream	ed90b27ebfe7caa5aabcd4597967073dce48e0a1
./tmp/cache/bootsnap/compile-cache-iseq/6d/69788c1cf00760	    1580	       0	application/octet-stream	503a16d565c0565e1c0f79cdc86784431b0b86f8
./tmp/cache/bootsnap/compile-cache-iseq/6d/6c5f3bd3350b90	   18892	     213	application/octet-stream	b137e6f98a42d83c57071781c5229e7d98cbb30b
./tmp/cache/bootsnap/compile-cache-iseq/6d/8294c8385463bc	     684	       0	application/octet-stream	d4d0a405547819a886d782a90bc9b48a493e3df6
./tmp/cache/bootsnap/compile-cache-iseq/6d/9264dd9fbff233	    1512	       0	application/octet-stream	3e37465f38ddf3b7c5d4b83dfd75bd8c42b8db83
./tmp/cache/bootsnap/compile-cache-iseq/6d/ef644ea22765d8	    8364	      10	application/octet-stream	250b4713e61f2d88533de259f9c75454f58b02bd
./tmp/cache/bootsnap/compile-cache-iseq/6d/efba09d6f3fd56	    2016	       1	application/octet-stream	f7711b4c51b117c4460382cf4b61758c52c60eee
./tmp/cache/bootsnap/compile-cache-iseq/6e/0146005dbe83fe	     744	       1	application/octet-stream	3ecc74892147c40cc61eea5ae9b8ba2495b8d7b5
./tmp/cache/bootsnap/compile-cache-iseq/6e/080a85672eadff	    2432	       0	application/octet-stream	177cd9f559c98c3b5bac462005270a2f4a9d77f5
./tmp/cache/bootsnap/compile-cache-iseq/6e/426549b4352ba1	    3980	      12	application/octet-stream	b5c20490e935242c8831d5f32c9e7546557d2d6c
./tmp/cache/bootsnap/compile-cache-iseq/6e/48bff76d8e3e51	    5712	       7	application/octet-stream	8d5d72e45cc1330fae0abcb330cbf0f70c338b86
./tmp/cache/bootsnap/compile-cache-iseq/6e/5114eae4bc2b48	    2652	       3	application/octet-stream	40f78d65b06b0d4c6fbdcb7abc22868cd373e39b
./tmp/cache/bootsnap/compile-cache-iseq/6e/8968886685f71e	    3124	      22	application/octet-stream	bef0462a1ac51a8d7d9a2440e591117cf6dc53af
./tmp/cache/bootsnap/compile-cache-iseq/6e/af8c5889294213	   18736	     198	application/octet-stream	bff0ed4a33dff161faef37a313e6147cd0f79168
./tmp/cache/bootsnap/compile-cache-iseq/6e/bbd741a1c91e58	    4124	      17	application/octet-stream	6fe78f10d7d47569f9062aeb04848d2a82a58ae7
./tmp/cache/bootsnap/compile-cache-iseq/6e/bfb7d3494f30ed	    2048	       0	application/octet-stream	c593e5992ede8e5e067ea7e929ab5399064fbeff
./tmp/cache/bootsnap/compile-cache-iseq/6e/d453aac2cb2e87	    3060	      14	application/octet-stream	ba9977f5f7cad03365384c97b6dc0d31dc17335d
./tmp/cache/bootsnap/compile-cache-iseq/6e/e0ea5b15ecd632	    6996	       8	application/octet-stream	ea8c3ac5953c47f11e2b0987d31278687064afcf
./tmp/cache/bootsnap/compile-cache-iseq/6e/eb45f52c65bf58	     376	       0	application/octet-stream	5f66f47bfb76773b5e68369afc7b7388dfbbf119
./tmp/cache/bootsnap/compile-cache-iseq/6f/1d99924252c91a	    5220	       7	application/octet-stream	56dacff6f20625b1c99be48f3bdc2c45b127ee23
./tmp/cache/bootsnap/compile-cache-iseq/6f/260cb1834d0427	     388	       0	application/octet-stream	2b33a3384e356d90322c78a26c817c3c5f17affd
./tmp/cache/bootsnap/compile-cache-iseq/6f/2e7c9106828376	    3132	      24	application/octet-stream	8b0f2a9ad019a0c176aaf2d6047f92b92bdc24b6
./tmp/cache/bootsnap/compile-cache-iseq/6f/34149bf2c4ee4d	    3132	      25	application/octet-stream	4e17ae511686fb285ae76ebadd9acb7119c65c2c
./tmp/cache/bootsnap/compile-cache-iseq/6f/418e60d8d8e873	     764	       0	application/octet-stream	0f73bd1eaeebb95b1baec120a060e0080ce5432e
./tmp/cache/bootsnap/compile-cache-iseq/6f/50efbeec211507	    6352	      11	application/octet-stream	838dd15b439d15f2a0296aa446ca47ecd69d9a20
./tmp/cache/bootsnap/compile-cache-iseq/6f/5b264032b2a460	    6804	      18	application/octet-stream	ef2b6c8edaf5be231881a5302adc82d9631f57ca
./tmp/cache/bootsnap/compile-cache-iseq/6f/6067b7836291e2	     976	       0	application/octet-stream	9988ac705afb48b15bb78c2de625984d5da0f49f
./tmp/cache/bootsnap/compile-cache-iseq/6f/80d4a8e98d28fe	    1816	       0	application/octet-stream	60e5fe88a96cbafb28dd08819229b81396928e86
./tmp/cache/bootsnap/compile-cache-iseq/6f/9baeb1013af74a	     408	       0	application/octet-stream	ef74353081afa9eaf7716a6bebd617c834216c6b
./tmp/cache/bootsnap/compile-cache-iseq/6f/f537c266beff0b	    4028	      15	application/octet-stream	122c9563658251556067b70c1251c7f2560eb61a
./tmp/cache/bootsnap/compile-cache-iseq/6f/ffb65888953ddb	    1792	       2	application/octet-stream	03ff0013432a17d9f54ac06354603a3b96940ac4
./tmp/cache/bootsnap/compile-cache-iseq/70/0271a840fe687c	    3548	      16	application/octet-stream	1f0b8f71625ff66306a840ee581a8f9ca6ae7d8b
./tmp/cache/bootsnap/compile-cache-iseq/70/1b953ecd72bc39	    1628	       0	application/octet-stream	e15dc5199b6f5764cb61dea4dc8188a43404411b
./tmp/cache/bootsnap/compile-cache-iseq/70/20c4fc9a1a41b5	    5108	      10	application/octet-stream	6db56d94bb62a37c8e2464c89f384e52430141d7
./tmp/cache/bootsnap/compile-cache-iseq/70/2a053ec38f0261	    1020	       0	application/octet-stream	8cc0a5c2cf7b2f8e1c98af0d67a891899a002af7
./tmp/cache/bootsnap/compile-cache-iseq/70/3ca4752386136e	   10424	     134	application/octet-stream	a4587f5d0e88ccc292e7726fa8817cb7309b0288
./tmp/cache/bootsnap/compile-cache-iseq/70/5f608cb0509c66	    2900	       4	application/octet-stream	e6f275d663e77f6a05889ca69543e2a6821e1360
./tmp/cache/bootsnap/compile-cache-iseq/70/6d89cc7f01178a	     516	       0	application/octet-stream	0096316f5bd0adab835239bb2759e3647e0fe519
./tmp/cache/bootsnap/compile-cache-iseq/70/75f36d4b6af7df	     520	       0	application/octet-stream	e432cf98b485db66e65dc26f0abb750e44c80454
./tmp/cache/bootsnap/compile-cache-iseq/70/8a231753d182e9	    1380	       0	application/octet-stream	aa4045a20d99b4980c51dc4cbbafe7448d21f85a
./tmp/cache/bootsnap/compile-cache-iseq/70/8a3342990dbd7d	    1164	       0	application/octet-stream	0112b8a2f32a0d748ba3589291a951db1671b6ea
./tmp/cache/bootsnap/compile-cache-iseq/70/8c2eb6cc9641d1	    1692	       1	application/octet-stream	b6a0a7fe9a12793b8858fce0ed686ea5d355d587
./tmp/cache/bootsnap/compile-cache-iseq/70/a684a6bea21fd6	    8288	      56	application/octet-stream	02477c65ea4eb39541abdbdd3fe148287be3d82b
./tmp/cache/bootsnap/compile-cache-iseq/70/c4430eae2366a7	    6704	      14	application/octet-stream	ec67c2a3b1a580960652659403a9796f2399e102
./tmp/cache/bootsnap/compile-cache-iseq/70/fa2a9685233aea	    3148	      23	application/octet-stream	96d3b10186b62cba3a23134de08a1496c3562423
./tmp/cache/bootsnap/compile-cache-iseq/71/208724b433da32	    4500	       9	application/octet-stream	1babe5c6893c5ae9402e3dabdb983e4a2e5960ff
./tmp/cache/bootsnap/compile-cache-iseq/71/27eec7a74c7a8c	     492	       0	application/octet-stream	31c27bd4772d5393d689bfa62fde6516c017195a
./tmp/cache/bootsnap/compile-cache-iseq/71/35f4a0aeeb1723	    3504	      22	application/octet-stream	0870ac8569243569f2057b0bb78326c7c2472b78
./tmp/cache/bootsnap/compile-cache-iseq/71/65e9bb925dcf32	    4108	      33	application/octet-stream	80c7a5756ab44dfe061dd2bbebb1268072e925cf
./tmp/cache/bootsnap/compile-cache-iseq/71/81fb6fac207c8f	    2116	       2	application/octet-stream	0fc8d2e55a2468ffea70c6e9cc69287a1e7e3d91
./tmp/cache/bootsnap/compile-cache-iseq/71/bf0c7a4bca494c	    1200	       0	application/octet-stream	611652aa80051b149b1571a4776df9638fe96921
./tmp/cache/bootsnap/compile-cache-iseq/71/de6a91ccbfda52	    3324	      21	application/octet-stream	c4a8ab95636c7359a2e31c145accbe5fb807002e
./tmp/cache/bootsnap/compile-cache-iseq/71/f62ba240c83e3b	    1176	       0	application/octet-stream	1bd096b8475f286c8067293a74b9085c7513862c
./tmp/cache/bootsnap/compile-cache-iseq/72/1d8b0af00f2617	    5768	       7	application/octet-stream	d8f87ee20dc97cc52d0e6edea54860170be9c061
./tmp/cache/bootsnap/compile-cache-iseq/72/2db6ee0893f8a0	    1464	       0	application/octet-stream	3ea81821dc184804ed81e7ff9861088ecb6fa043
./tmp/cache/bootsnap/compile-cache-iseq/72/5554ddcb11102c	    1396	       0	application/octet-stream	2d09d736f3050ab0ab585705364edfef0bd400b0
./tmp/cache/bootsnap/compile-cache-iseq/72/5f2367a00a8938	    1816	       0	application/octet-stream	21c4e455435316a30e7ca9dbc733c6ce8497757b
./tmp/cache/bootsnap/compile-cache-iseq/72/6422ed41b43ad5	    1712	       0	application/octet-stream	8a1e24c2f336710515b01bd86fbb9b03ef98e714
./tmp/cache/bootsnap/compile-cache-iseq/72/84d70288508680	   33872	     463	application/octet-stream	2fbf3a7a9a07ec84d305830dcd0d3d9fa7bc4379
./tmp/cache/bootsnap/compile-cache-iseq/72/a48122e875c9cb	    5068	      10	application/octet-stream	d31faa820a326dbddbf9c8bb058ea67a21eafd22
./tmp/cache/bootsnap/compile-cache-iseq/72/f831e9bf7d2ede	    9608	      40	application/octet-stream	2be1c5a705ae112699af8882f629b185bf185ac1
./tmp/cache/bootsnap/compile-cache-iseq/72/f9002b36f31af6	    3756	      27	application/octet-stream	491e3ff101f411f17255e359b7357c58c3b91cca
./tmp/cache/bootsnap/compile-cache-iseq/73/054c326143b427	    1500	       0	application/octet-stream	33f7adde2b37f6868f5b9d9d73cf713a2645dc9d
./tmp/cache/bootsnap/compile-cache-iseq/73/296e939cc069fa	    1536	       0	application/octet-stream	eb357df025316972bdf222d4ade8dfe8430eb881
./tmp/cache/bootsnap/compile-cache-iseq/73/2d403e5552af3d	    1332	       0	application/octet-stream	f48bd07b556da93dd65d5afa3d8ec008729de9f3
./tmp/cache/bootsnap/compile-cache-iseq/73/50f26921014b07	    3300	      21	application/octet-stream	cefe843a8203e0553efdfec325dd71ea3eb338d9
./tmp/cache/bootsnap/compile-cache-iseq/73/5e58e3c4fa5ce5	    9072	       3	application/octet-stream	3795bdc3f8310cdc5f6406cc1c8998dc65a7f1bd
./tmp/cache/bootsnap/compile-cache-iseq/73/66a1ce788fcb44	    1524	       0	application/octet-stream	e305a12c5135bf65f1bedb8fb62590301ab6113c
./tmp/cache/bootsnap/compile-cache-iseq/73/77807eb5cfeef4	    2360	       4	application/octet-stream	9a0c9e3d0f62a09e462a837c0c4db1374a7c8162
./tmp/cache/bootsnap/compile-cache-iseq/73/8278f887e36cf7	   59480	    1224	application/octet-stream	3d21c1028f9af89c6082f2efd5c578122bb0e9ca
./tmp/cache/bootsnap/compile-cache-iseq/73/9026877eb620ec	    1328	       0	application/octet-stream	671c8607f1ee3415b63a5b94d126acc2a0cba510
./tmp/cache/bootsnap/compile-cache-iseq/73/a6c179db6f68a4	   10988	     111	application/octet-stream	57bdc93e49f3cd9805192337f4661d6103964000
./tmp/cache/bootsnap/compile-cache-iseq/73/c6ee6f74a60ed5	    4460	      18	application/octet-stream	b3648ab02df28770af8b967b1d0f088e7e0e4afe
./tmp/cache/bootsnap/compile-cache-iseq/73/d4dec159df8c18	   12952	     365	application/octet-stream	021a158e74638493d3df8976e0afcf1edcfa768f
./tmp/cache/bootsnap/compile-cache-iseq/73/dbe63d170cf2fd	    2556	       6	application/octet-stream	0ca735af6f83d8d73213fba3745b9f804f963967
./tmp/cache/bootsnap/compile-cache-iseq/73/f5c856f614beed	    4376	      14	application/octet-stream	58b4cc0098121ccfb514a51b9468bc0baa0c1576
./tmp/cache/bootsnap/compile-cache-iseq/73/fa893c0df1072a	    3008	      10	application/octet-stream	8bbd1d7bdf10fbbe6e10cf1f57d1c0acb47769d2
./tmp/cache/bootsnap/compile-cache-iseq/74/0b8d925afa85e9	    2192	       2	application/octet-stream	fe5e7ce700291f99ac93adf4956d74263501b482
./tmp/cache/bootsnap/compile-cache-iseq/74/612ac8532ab987	   13760	     183	application/octet-stream	613fb9b68aa164de3c46630d462a56d6dc63ba4b
./tmp/cache/bootsnap/compile-cache-iseq/74/bab353979cdf1b	    3780	      24	application/octet-stream	8be9d5e3b4823ed43f008ca49f2b17506f44fdb5
./tmp/cache/bootsnap/compile-cache-iseq/74/d7433504131ee2	    5944	      12	application/octet-stream	19865d6ac44a488efc7dbcb4356c72a1b0a08c6b
./tmp/cache/bootsnap/compile-cache-iseq/74/d773c83b29374d	    2924	      11	application/octet-stream	caca9e04be41e4ceb7a4f5b7761dd36e04b141bd
./tmp/cache/bootsnap/compile-cache-iseq/75/412f5f24080457	    1672	       0	application/octet-stream	1a71cc62dbaffe80129aaebcb390acaea8e6a6a6
./tmp/cache/bootsnap/compile-cache-iseq/75/46553597ff2ebe	    7420	       7	application/octet-stream	bb355ce9ccd20ae71e66b393f05bc5c615776dfc
./tmp/cache/bootsnap/compile-cache-iseq/75/4956aaacea05b8	  112828	    1896	application/octet-stream	9592d2bf7a1bd24e6c66b405e7e05d585164eb6a
./tmp/cache/bootsnap/compile-cache-iseq/75/4de4a76315b56b	     824	       1	application/octet-stream	8b5c7e5fdcc493820cdb1963ebfe18e63a3598d2
./tmp/cache/bootsnap/compile-cache-iseq/75/83c9146285d0c0	    6236	      23	application/octet-stream	2d6a518bbb3212afbf640f22c3800af85e1b19ce
./tmp/cache/bootsnap/compile-cache-iseq/75/8f49e74bb5cb70	    1928	       1	application/octet-stream	a8b90ce20c8516e45d5625958812eb4ad4fc443d
./tmp/cache/bootsnap/compile-cache-iseq/75/c3ad4ed3a2da52	    4876	       2	application/octet-stream	65857ae8224491a53ead03157f20523fc6e53b97
./tmp/cache/bootsnap/compile-cache-iseq/75/c41d63ac60f61e	    3416	      31	application/octet-stream	5566e8450e3b90cbfe1313d6064d074b12d1a925
./tmp/cache/bootsnap/compile-cache-iseq/75/fc60d4932aba94	    3464	      35	application/octet-stream	a8d99d2dfe33adb689afc98c328ea74e75cd6467
./tmp/cache/bootsnap/compile-cache-iseq/76/080d516c44caa9	    1184	       1	application/octet-stream	cbc4a89915d36a3bbd0ff35e3f48c3c1a53f5649
./tmp/cache/bootsnap/compile-cache-iseq/76/2b89131b135749	    6552	      26	application/octet-stream	3867104a96d837b7345aade7f26c2ea774276d8f
./tmp/cache/bootsnap/compile-cache-iseq/76/4beb52fd8be6aa	    4444	       8	application/octet-stream	9126f3cab6b04dafaaeb191438d10749fc12c7a9
./tmp/cache/bootsnap/compile-cache-iseq/76/5a7d08daebba23	     724	       0	application/octet-stream	1b7dab4c0a29d0b4e9599d610853911033cb714e
./tmp/cache/bootsnap/compile-cache-iseq/76/8e7aea1e084267	    2420	       0	application/octet-stream	9b09a6b8402944b882ae941c13f07deddaf788a0
./tmp/cache/bootsnap/compile-cache-iseq/76/c21640d51785f4	     920	       0	application/octet-stream	189fa2f853194600f41d0ec8209af0724c0582f6
./tmp/cache/bootsnap/compile-cache-iseq/76/c59acdba4feb8d	    2780	       7	application/octet-stream	fe7653ad9af8839bd70ddf6295d981ec9c4b9e74
./tmp/cache/bootsnap/compile-cache-iseq/76/e920ee40be09f5	    3176	      24	application/octet-stream	5a07e1bec8a46edebd4f802e2de8047a46e7d2ff
./tmp/cache/bootsnap/compile-cache-iseq/76/eded757d525336	    6720	       3	application/octet-stream	1a7c3848063ef5a58192a16d1e0bfa5d22c8320a
./tmp/cache/bootsnap/compile-cache-iseq/76/f91592c242ec14	   17092	     191	application/octet-stream	7a2c272971d9e74acfc0a911f07bb767e09dcbb2
./tmp/cache/bootsnap/compile-cache-iseq/77/0a01bc9a2e97d1	     948	       0	application/octet-stream	773fbd7d7394ef778cd7d7c2ceb355f77955a414
./tmp/cache/bootsnap/compile-cache-iseq/77/0c79e570f7a867	    3084	      28	application/octet-stream	fa8c0074d06d71400fa3d5ebd7061a85454d1859
./tmp/cache/bootsnap/compile-cache-iseq/77/38f7fec3461627	    7856	      10	application/octet-stream	a9d098bde123de50eeb6c4007f1c1833df24d07e
./tmp/cache/bootsnap/compile-cache-iseq/77/3aa5762b861a9f	     704	       0	application/octet-stream	0fbf32bc6f25cce5c275a1f27bf275b40b95d845
./tmp/cache/bootsnap/compile-cache-iseq/77/604c43de20e88e	    4364	       6	application/octet-stream	e88349c2cfa7160b442230072641eb6401f6a9bb
./tmp/cache/bootsnap/compile-cache-iseq/77/63f44f5dbfad6f	   36040	     861	application/octet-stream	1f76f39bbf56b2709c567fabaae6f1d9210155bd
./tmp/cache/bootsnap/compile-cache-iseq/77/839c877a2643cc	    2388	       2	application/octet-stream	4977991d0cfc02cc125139f46294050be31f47a1
./tmp/cache/bootsnap/compile-cache-iseq/77/c46b4e94762d83	    7872	      28	application/octet-stream	5df22aa7745f95489f59cfbf151a1a6c11bc6388
./tmp/cache/bootsnap/compile-cache-iseq/77/c9ceaf04a694fb	    2384	       2	application/octet-stream	d44fb3ec42161216ea8e5a8c10ae5c71c1410ece
./tmp/cache/bootsnap/compile-cache-iseq/77/e64d78d20d4172	    1084	       0	application/octet-stream	424d3946107792777b47a3ed026ffe950e6e3799
./tmp/cache/bootsnap/compile-cache-iseq/78/0724d40ccdd591	    6620	      46	application/octet-stream	639bc73b60422a6e1435950da27f4888495e6a4d
./tmp/cache/bootsnap/compile-cache-iseq/78/080f8fac581ab8	   10376	     156	application/octet-stream	cf422e5f3108468b6b7eb63a067cd258828083a5
./tmp/cache/bootsnap/compile-cache-iseq/78/13f3ff542301b1	    3496	      22	application/octet-stream	d66451d71ae760f3cbaa0842853237f02552c972
./tmp/cache/bootsnap/compile-cache-iseq/78/1ee99a692d1a54	    1156	       0	application/octet-stream	1ad545cdeb96a9e66f0df8a5370240e81eab90aa
./tmp/cache/bootsnap/compile-cache-iseq/78/22c0d3ab268308	    2200	       1	application/octet-stream	abacdb236ca62c098e5cd740f289ea6784b213a5
./tmp/cache/bootsnap/compile-cache-iseq/78/4a91065fa38b16	   11100	     159	application/octet-stream	2c142e604df4f5cea04655ca2465f9741555a571
./tmp/cache/bootsnap/compile-cache-iseq/78/4c145de20f21ce	    2548	       2	application/octet-stream	9f560ecc36f88ed1e4fc436bfa900f1609810763
./tmp/cache/bootsnap/compile-cache-iseq/78/58b4a01974ef4b	     896	       0	application/octet-stream	00267fca9bc7d60c62446f2d3150c34e6a29e9d1
./tmp/cache/bootsnap/compile-cache-iseq/78/633abbe72670db	     704	       0	application/octet-stream	c8db988b5e3f090d18a4204c4c6e7b58ce003a00
./tmp/cache/bootsnap/compile-cache-iseq/78/7ac2eb50dc621d	    1480	       0	application/octet-stream	408351536439654f81d9fedc39ab9a036a19587c
./tmp/cache/bootsnap/compile-cache-iseq/78/82d2f6fbe0a951	    3376	      27	application/octet-stream	a04097a4875fe0b8542645fcb0a815c7df8a9ca7
./tmp/cache/bootsnap/compile-cache-iseq/78/8451cf67ab9371	    1756	       1	application/octet-stream	79a6a1464998ab1f438efa4f55352b88e9e2e9bf
./tmp/cache/bootsnap/compile-cache-iseq/78/8f6c0cae13bcaa	   51892	     889	application/octet-stream	19cc1eb6111c5a8b976414f30154e3fd3449cacc
./tmp/cache/bootsnap/compile-cache-iseq/78/cce2e7afe80fd3	     716	       0	application/octet-stream	b22dc2dcea46f5f1045fd878bc113beedda5ad13
./tmp/cache/bootsnap/compile-cache-iseq/79/135bd3e02301ff	    2568	       1	application/octet-stream	b076a22de897c78618af5f6b8fe20eb52c732322
./tmp/cache/bootsnap/compile-cache-iseq/79/28158c80412060	    1556	       1	application/octet-stream	0a17b3164c3b36646a81c17b79c19862b3057ec0
./tmp/cache/bootsnap/compile-cache-iseq/79/2ddd8e2d9a37f9	    2308	       0	application/octet-stream	e4cc2d5434af87de35dfba067267497b08d7db35
./tmp/cache/bootsnap/compile-cache-iseq/79/31d74d91e5446e	    1820	       0	application/octet-stream	788202cd0d270b67f7573b7add48f976e6fbc435
./tmp/cache/bootsnap/compile-cache-iseq/79/41f818aadca3c5	    3376	      25	application/octet-stream	a3f31d7da2ee7319859ccf75361f8c6a8c0ea1d0
./tmp/cache/bootsnap/compile-cache-iseq/79/593335bc7bc0a2	    5296	       2	application/octet-stream	bfae923b44a35078d59438f59c230336aa4ebb58
./tmp/cache/bootsnap/compile-cache-iseq/79/630e28ef865aff	    2012	       2	application/octet-stream	29cc55bedf6760f99b428676e6fb9cf1dd95a7e1
./tmp/cache/bootsnap/compile-cache-iseq/79/8d2acd91a87589	     704	       0	application/octet-stream	bd5ca232c9d3fb6fe61d261a6d6f19ead5e62905
./tmp/cache/bootsnap/compile-cache-iseq/79/a0f5b31ff340f8	     752	       0	application/octet-stream	5ce380a5fc19d7378ffa37938a144ed3662bb6cd
./tmp/cache/bootsnap/compile-cache-iseq/79/ad5029bce577f1	    7740	      45	application/octet-stream	5399bb7b4c58af6e803899063fee893a8701ed57
./tmp/cache/bootsnap/compile-cache-iseq/79/b59a7b286361ff	    2748	       3	application/octet-stream	467f5d568ec78aabde12f8f29d58c841e28f21d9
./tmp/cache/bootsnap/compile-cache-iseq/79/cf7b1d9ac5ce5a	    1476	       0	application/octet-stream	cc5591322cec57315d9837b6ff1524561f131069
./tmp/cache/bootsnap/compile-cache-iseq/79/f980f314bfc5ef	     536	       1	application/octet-stream	c894d5fa599ad5ead4694ce77a7da155ae0c0cdb
./tmp/cache/bootsnap/compile-cache-iseq/7a/0040e608775e17	    1660	       1	application/octet-stream	575dacbf96a4a4625c75ea55043c220c8514330a
./tmp/cache/bootsnap/compile-cache-iseq/7a/4be08d0fac3fd2	    1004	       0	application/octet-stream	dea43b9944ff2387c46e409fd7f1e362d249a178
./tmp/cache/bootsnap/compile-cache-iseq/7a/5e6d74d4df64ee	    7916	      47	application/octet-stream	4df9435435afe648569ceea58e06f7bb7257f97b
./tmp/cache/bootsnap/compile-cache-iseq/7a/ac8719461d5e5f	   11084	     226	application/octet-stream	f3df9844eb5cd0cdfcd8f80cf531bc9028cd18f1
./tmp/cache/bootsnap/compile-cache-iseq/7a/b5ad716ef7bf97	    1652	       1	application/octet-stream	d618412c532a100e837ae80732b62bbc0e95362a
./tmp/cache/bootsnap/compile-cache-iseq/7a/cd610359e8efcb	    2704	       8	application/octet-stream	3265bc1aaa89fbeea348c9e1836b56ce76a72297
./tmp/cache/bootsnap/compile-cache-iseq/7b/30e664c3660f72	    3544	      14	application/octet-stream	0124f697dfaf04404d2ce048fc9f33ccf7b2db92
./tmp/cache/bootsnap/compile-cache-iseq/7b/452d601ec49357	    7260	      12	application/octet-stream	64ff376b6279b97719c68b5d546f7f1d77c22a73
./tmp/cache/bootsnap/compile-cache-iseq/7b/5842206feff9f8	     360	       0	application/octet-stream	0c46dbed6e26ea53f77083ef236da4fc89858587
./tmp/cache/bootsnap/compile-cache-iseq/7b/5af7393a549628	    1644	       0	application/octet-stream	a24d9106023ac29bb7629db2dcb65dd22c365179
./tmp/cache/bootsnap/compile-cache-iseq/7b/5b9b0c0c3552ee	    5116	       2	application/octet-stream	9b0236e071c57ba6dacfb1f7d8b9629e03db26d1
./tmp/cache/bootsnap/compile-cache-iseq/7b/6b496a25738234	    1348	       0	application/octet-stream	95be3dbc2bd59e8861247185144ae53b093d03b0
./tmp/cache/bootsnap/compile-cache-iseq/7b/9316d1c9bc055a	    2892	      10	application/octet-stream	11da031f586e016e28d2125b6afd842a5c7e0f17
./tmp/cache/bootsnap/compile-cache-iseq/7b/d33f785201427d	   14964	     198	application/octet-stream	000ef1b74a4f3b0496f7b20e4dde02ce38340107
./tmp/cache/bootsnap/compile-cache-iseq/7b/de938cb91b9aa0	    6916	      13	application/octet-stream	a97e7213c68a12aecfe566b08957de92244aea7f
./tmp/cache/bootsnap/compile-cache-iseq/7b/dfd6469ee9a911	    5748	       9	application/octet-stream	a0ae0fed012838b2f7a1caf3b7577b73d721f4c1
./tmp/cache/bootsnap/compile-cache-iseq/7b/f5b4a04fc4517e	    6532	       4	application/octet-stream	6f3232bbed9990d189bb426adb0e2f9e5947dbe3
./tmp/cache/bootsnap/compile-cache-iseq/7b/fce58b9d0d45ab	   17592	     502	application/octet-stream	76881d67055ed9eaa181f48625aac9b9f4319720
./tmp/cache/bootsnap/compile-cache-iseq/7b/fe28bdae87b8ba	    4660	       6	application/octet-stream	fff06cbe3978c739806b8ffb4ae5374d4063da42
./tmp/cache/bootsnap/compile-cache-iseq/7c/35b3ddcad45bd9	    2064	       3	application/octet-stream	e630db11163dc0e8bf673fe4e833cd60ca105c6d
./tmp/cache/bootsnap/compile-cache-iseq/7c/813cfcdf584480	    4172	      10	application/octet-stream	5d1b26fc5cf2602705561022f3213c6da2276c25
./tmp/cache/bootsnap/compile-cache-iseq/7c/a55cdb8f269b1c	    3996	       4	application/octet-stream	293af317aa63f9c4f63906ba5801f485efd6dcf7
./tmp/cache/bootsnap/compile-cache-iseq/7c/a6cbd5cbc62e4d	    4808	      15	application/octet-stream	41f9487a53cb558e66b1d1a00aa4e3261efa54cc
./tmp/cache/bootsnap/compile-cache-iseq/7c/a739d7911a5071	    9228	      90	application/octet-stream	028636cad844c26510fd62926f4c8db1676201a7
./tmp/cache/bootsnap/compile-cache-iseq/7c/bdbe4dfdf41c76	    1160	       2	application/octet-stream	f76a238894b206b29741f20f142c6730f056dca2
./tmp/cache/bootsnap/compile-cache-iseq/7c/d3c5ec0c42796f	    9164	      16	application/octet-stream	72d943a972661e4c63cde4b07f697ed919932465
./tmp/cache/bootsnap/compile-cache-iseq/7c/d414bac5da2c21	    3212	      17	application/octet-stream	4cea2661c5654b566d901947358d207d4fc9f09d
./tmp/cache/bootsnap/compile-cache-iseq/7c/e81a4c7b69a417	    2572	       0	application/octet-stream	f67b60a9c5ef4dfb0e5db46bd77b30299f15b6c1
./tmp/cache/bootsnap/compile-cache-iseq/7c/ff9ce6304ad736	    2412	       0	application/octet-stream	2df946398f8bb03f0e51ccf78d523dfd61b0da98
./tmp/cache/bootsnap/compile-cache-iseq/7d/01e85bd264387b	    1472	       4	application/octet-stream	2a65ab58eb0e9e50cacafd3879c30dcfa63cd1db
./tmp/cache/bootsnap/compile-cache-iseq/7d/0531d2a391adeb	    2196	       2	application/octet-stream	d67505db049b0594d876c80f3c70d8465b53ac44
./tmp/cache/bootsnap/compile-cache-iseq/7d/2338cbf087039a	   26312	     273	application/octet-stream	165fe03b3c9b8df768aee52b91f11130a6774f46
./tmp/cache/bootsnap/compile-cache-iseq/7d/2fd46f0d93221e	   57928	    1025	application/octet-stream	5938ad52833dd7090d9466fa5763dee83d5cc911
./tmp/cache/bootsnap/compile-cache-iseq/7d/4e74778224b855	    3316	      24	application/octet-stream	2c4c480a84920ac99f81794e921440be6c5b1ec4
./tmp/cache/bootsnap/compile-cache-iseq/7d/537ebbc4cc483d	     956	       0	application/octet-stream	1c7f195006f56e638c102ad58eb3520b4f654697
./tmp/cache/bootsnap/compile-cache-iseq/7d/5601ae7900213d	    1456	       2	application/octet-stream	d9f527949b0b17ee9168458431213c4f84db9288
./tmp/cache/bootsnap/compile-cache-iseq/7d/924e39fb24c500	   32680	     483	application/octet-stream	884363aff0efc2f2a2b11a1dcc81f59b2b805ca5
./tmp/cache/bootsnap/compile-cache-iseq/7d/9a25f72391f5c4	   11804	     154	application/octet-stream	7e1653cd903808290ec8c65694c7cff721a571dc
./tmp/cache/bootsnap/compile-cache-iseq/7d/9df75fedd460df	    2068	       0	application/octet-stream	e7dcbf8454958c6d09426bc45f36585140c27ef5
./tmp/cache/bootsnap/compile-cache-iseq/7d/f4875694d47bf3	     604	       1	application/octet-stream	f94282f0001bc84ccdea1fafbfbc563a8653be8c
./tmp/cache/bootsnap/compile-cache-iseq/7e/0098b0737c5d26	    2072	       0	application/octet-stream	861a2874313de23c1c9d23522dc2a20efb77e697
./tmp/cache/bootsnap/compile-cache-iseq/7e/332672d66c8872	    4332	       3	application/octet-stream	819dded9f2ccbe267bd1bbd5edb3d054700695b2
./tmp/cache/bootsnap/compile-cache-iseq/7e/40ea7d19b9f7c2	   21156	     657	application/octet-stream	5b6eca5ec7d6734c9e19a6cd280908794443c02f
./tmp/cache/bootsnap/compile-cache-iseq/7e/43bd50b5ba7a76	   10496	     150	application/octet-stream	c225ec034c0a9297bf5d099bd54cb66df2f252f9
./tmp/cache/bootsnap/compile-cache-iseq/7e/7527dcca692faa	    3124	      29	application/octet-stream	2927b6fe8f9e0b7c4e65c6cb51736128dcaa484b
./tmp/cache/bootsnap/compile-cache-iseq/7e/a13362f1cbd7be	   22948	     184	application/octet-stream	75b4211063daa88020bf859bf083b8585754c698
./tmp/cache/bootsnap/compile-cache-iseq/7e/a80042252cd80b	    4380	      14	application/octet-stream	d2962f59436f2eecb9eddea856efebfb302dc969
./tmp/cache/bootsnap/compile-cache-iseq/7e/ac58d1723b5dc2	    4820	       5	application/octet-stream	dd91df035bd875e7638614d811fcaa73c903d8c9
./tmp/cache/bootsnap/compile-cache-iseq/7e/ae8db1f659870e	    2284	       1	application/octet-stream	5c76273c62ba41874b6a5c8f1850f803a7a20d5a
./tmp/cache/bootsnap/compile-cache-iseq/7e/b30a616800c7d0	   27360	     224	application/octet-stream	72c440ed9a581bacbe5d1e285563343ec349143a
./tmp/cache/bootsnap/compile-cache-iseq/7e/d3af207183e40e	    1248	       0	application/octet-stream	1ac4a14da2bfaf23aa65209b7d9c02a9e0bf4868
./tmp/cache/bootsnap/compile-cache-iseq/7e/df91b1767e9146	    6244	      12	application/octet-stream	d0f5ab51ef0dc205b30d87ee6ceb3f17fcec3442
./tmp/cache/bootsnap/compile-cache-iseq/7e/e5a722c755fb5f	     672	       0	application/octet-stream	d9ad0020a238cc5be6ae83f49400444483bc4faa
./tmp/cache/bootsnap/compile-cache-iseq/7e/f9d89597423d5c	    2040	       0	application/octet-stream	48fee36b30c06156b94ee5b71f5c63428a9b73b7
./tmp/cache/bootsnap/compile-cache-iseq/7f/68de5c4a3d1a7a	     700	       1	application/octet-stream	a6e0913a0833cad58cb6a3df31c21f74851d6fad
./tmp/cache/bootsnap/compile-cache-iseq/7f/6dbf6e1e7ba851	    3716	      29	application/octet-stream	985eb4b28996585c171ab22dca1a8e964740c66a
./tmp/cache/bootsnap/compile-cache-iseq/7f/78af5a7e65c197	    4128	       5	application/octet-stream	ebf516389dbec051b760fc6109eb7d06397adcae
./tmp/cache/bootsnap/compile-cache-iseq/7f/791331898d24e7	    4652	      17	application/octet-stream	8aed1e5d562cb41bbbd76ba26e3244e2686b09a1
./tmp/cache/bootsnap/compile-cache-iseq/7f/82dd455f6f0c11	    1368	       0	application/octet-stream	e399c36e5a2e507868762775be5aaf6249b347c7
./tmp/cache/bootsnap/compile-cache-iseq/7f/a0cfb5bda1770e	    3396	      25	application/octet-stream	4406e09c709a5ef54255b03400c891b93fb3c841
./tmp/cache/bootsnap/compile-cache-iseq/7f/bb3ef3418fc873	    1424	       3	application/octet-stream	1eebc72adad5ee2cf854899c2da2d4d200aadb7d
./tmp/cache/bootsnap/compile-cache-iseq/7f/c097d67d12ab4c	     648	       1	application/octet-stream	2cdfa34f95b5bda3e8d3b044ee9faf1bf938fe6e
./tmp/cache/bootsnap/compile-cache-iseq/7f/d024be39b0b7c3	    5572	      29	application/octet-stream	b0649d00644bb12f6279ef9b210b19e60bc29036
./tmp/cache/bootsnap/compile-cache-iseq/7f/e450132cce0910	     380	       0	application/octet-stream	a35248c7cd29d6383e6fb2237bfea39cc18dd3c2
./tmp/cache/bootsnap/compile-cache-iseq/80/0783143a7f7ed9	    3708	      23	application/octet-stream	6a8da3cfae000727c363fc423b9764bdc0bd5a09
./tmp/cache/bootsnap/compile-cache-iseq/80/0a7578a15634ac	    1672	       2	application/octet-stream	8ce0466e8e0f9946bbf12d3f8565267afeb65f81
./tmp/cache/bootsnap/compile-cache-iseq/80/116e1527121b33	   94604	    1477	application/octet-stream	2565e5fd9a1d3a588eca64b7237eeeb904ba1845
./tmp/cache/bootsnap/compile-cache-iseq/80/1849f885bd0460	    2856	      14	application/octet-stream	1ebf9845b511e5c3a2b87b218cfcbf877087b383
./tmp/cache/bootsnap/compile-cache-iseq/80/333072456a70d1	   21236	     225	application/octet-stream	a86d0fae1c774fc2d1d8d755ac15f72d53611f44
./tmp/cache/bootsnap/compile-cache-iseq/80/3b7ee9add80cdc	    3076	       8	application/octet-stream	fd070886c3e9bc78645beb8637a178dad493d8c9
./tmp/cache/bootsnap/compile-cache-iseq/80/6b39d84717900e	    5132	      14	application/octet-stream	83e0344712730eaaacc7ddd44881b6859c742198
./tmp/cache/bootsnap/compile-cache-iseq/80/88cd07fc630416	    8152	      43	application/octet-stream	601782274b666c33029c6dbb69cfff2e54fdc1eb
./tmp/cache/bootsnap/compile-cache-iseq/80/9146959cb82ac8	   43628	    1243	application/octet-stream	3ca14aa22e013328c4dd5ff1b337998094d0a71e
./tmp/cache/bootsnap/compile-cache-iseq/80/a1642a1129a0dd	    1288	       0	application/octet-stream	07a988f196365a94cdc3cf7e9527e059e9f767b5
./tmp/cache/bootsnap/compile-cache-iseq/80/aa1e41fa6761d3	    3784	      14	application/octet-stream	7ec1e5b97956c9e3d2a823094d92703b9ba58ee7
./tmp/cache/bootsnap/compile-cache-iseq/80/c3f548d29c6739	    3532	      18	application/octet-stream	8abdda393b23469d640c1752dfd4de13ac416f48
./tmp/cache/bootsnap/compile-cache-iseq/80/c5e1b374174c4d	    2756	       4	application/octet-stream	b6be76050cfe63bf252d9fef16f0765591984d14
./tmp/cache/bootsnap/compile-cache-iseq/80/cb2759468aa330	    8088	      23	application/octet-stream	06992bdadd6b90038aa14a19f06c36f3b2b2718f
./tmp/cache/bootsnap/compile-cache-iseq/80/d0f5eb57f6c267	     944	       0	application/octet-stream	84ea56a2243169ff51be55df8d7b32212cf473a7
./tmp/cache/bootsnap/compile-cache-iseq/80/dae4e4dad17157	    3668	      18	application/octet-stream	3848b7babdd4de905b0e9ec318ccd021af12f39e
./tmp/cache/bootsnap/compile-cache-iseq/80/eafa47114f44ef	    5416	       7	application/octet-stream	f781c89c63b369f6c0c1a48aa5a4fdaf3480bf25
./tmp/cache/bootsnap/compile-cache-iseq/80/fc9da8b69e7bd4	    1344	       0	application/octet-stream	65422b0fa7efca599e6fbbce57503e8e91c270dd
./tmp/cache/bootsnap/compile-cache-iseq/81/035c33b8c04723	    2724	       5	application/octet-stream	d4e0b0561f608fd6799f72d541ffe940ed9fc522
./tmp/cache/bootsnap/compile-cache-iseq/81/2d1947bb415929	    4764	       7	application/octet-stream	045baafc6c85e33deb42a7a593fc24fcb93ec488
./tmp/cache/bootsnap/compile-cache-iseq/81/73cd1d47980115	    9860	      76	application/octet-stream	f35758acfb3ae40aeb3fd5b07e3ceddcddd06953
./tmp/cache/bootsnap/compile-cache-iseq/81/a7e1aeb8d48504	    1280	       3	application/octet-stream	e615edd6d2119bf39b853a308f331f35dbf8367e
./tmp/cache/bootsnap/compile-cache-iseq/81/aaef9f398ce4df	     596	       0	application/octet-stream	df857818c1f16388cdcc393d15a84a3ab90175be
./tmp/cache/bootsnap/compile-cache-iseq/81/fe56f642b85e12	    1140	       0	application/octet-stream	66ce80a0c9622e404c2131ff53cb8fff187b9470
./tmp/cache/bootsnap/compile-cache-iseq/82/007d1c16bca83e	    6412	      16	application/octet-stream	8c0d0d761cd61a5c915cd808f3628209894ad7cf
./tmp/cache/bootsnap/compile-cache-iseq/82/179eac3c7b4049	   12216	     172	application/octet-stream	36dd2d3840b74525ada80faae3df314665d75bfc
./tmp/cache/bootsnap/compile-cache-iseq/82/1da44b78d12981	    4576	      10	application/octet-stream	0b5800edf09c303809094cc70b065b5d96cecf92
./tmp/cache/bootsnap/compile-cache-iseq/82/2eefe813db71b8	    3208	      17	application/octet-stream	e3c9807149105c31175c8f04cb9b5fc178ebe88c
./tmp/cache/bootsnap/compile-cache-iseq/82/34b34519cd95c5	    3176	      14	application/octet-stream	11c54e5250e0dcea4199f4825f44a87234b48cff
./tmp/cache/bootsnap/compile-cache-iseq/82/37b18176dbe6e7	   35956	     836	application/octet-stream	48d55ed4e5589ad5c0333c4c67bdf2488c4bbfe3
./tmp/cache/bootsnap/compile-cache-iseq/82/5e2fa308020c41	    8588	      95	application/octet-stream	f5bd8e2fc64bd9dd309f1de5ef247f3936ad44f5
./tmp/cache/bootsnap/compile-cache-iseq/82/7bd8863ac5737d	     780	       1	application/octet-stream	6eef1d674f8f1221cad199067cda7e4c6c4d6d36
./tmp/cache/bootsnap/compile-cache-iseq/82/7ff915f9f08bf6	    2096	       2	application/octet-stream	ec4008f1ba33c618546a7deebd5614f245b61827
./tmp/cache/bootsnap/compile-cache-iseq/82/87efb5750b4acf	    7800	      16	application/octet-stream	e5f43eec0162d3f1791bbdd451f934c5a8ed229f
./tmp/cache/bootsnap/compile-cache-iseq/82/95c68a13b54a35	    2544	       0	application/octet-stream	5cf45b3da89b7658fe8ca7a39481e04d7fa9c26f
./tmp/cache/bootsnap/compile-cache-iseq/82/ab147416660c6a	    8424	      12	application/octet-stream	2f16b0972a766666b948bc1547d7477369ffe194
./tmp/cache/bootsnap/compile-cache-iseq/82/c5ba06aa60b851	    1508	       0	application/octet-stream	c9d8a335c674de96cc8f38423e76607ad18b9e2b
./tmp/cache/bootsnap/compile-cache-iseq/82/e859deb057ab90	    4100	      13	application/octet-stream	c28eaf12f783de5189718171d1435c410792f72d
./tmp/cache/bootsnap/compile-cache-iseq/83/173230dbb2c537	    1108	       0	application/octet-stream	a2079eee616a7dd9cb0bf6f92096dda963b8067c
./tmp/cache/bootsnap/compile-cache-iseq/83/1d2efeb426d303	    7964	      10	application/octet-stream	eed573d5aab7b9b3930742098febaf208cf67c22
./tmp/cache/bootsnap/compile-cache-iseq/83/34aff18a5c9bc0	     692	       0	application/octet-stream	2ff53f392956f3e5592d061121bda299b69cae3d
./tmp/cache/bootsnap/compile-cache-iseq/83/544f674168dd0d	    3388	      29	application/octet-stream	5e961f94ef75a88830c4ce162a6e5fe357371d49
./tmp/cache/bootsnap/compile-cache-iseq/83/6d7e10523aa245	     620	       1	application/octet-stream	e7a1acf4e0ade3db39fd2caab31ec55780117e5e
./tmp/cache/bootsnap/compile-cache-iseq/83/81bec058d8e32a	    1792	       2	application/octet-stream	09b16b3b94146bd48277e2bd8266e7bea11c9b60
./tmp/cache/bootsnap/compile-cache-iseq/84/25d3c60a5c5554	   10796	     118	application/octet-stream	3fdaefd521232b539439a8004212c6864e7995cb
./tmp/cache/bootsnap/compile-cache-iseq/84/4330e2e43b6650	    4412	      12	application/octet-stream	b0976364af30fee56b56c67dbb2c8f28a8b0040b
./tmp/cache/bootsnap/compile-cache-iseq/84/4484284641a5af	    2692	       3	application/octet-stream	9e9d6d877320df5df2cf025142b26dbb6fe69674
./tmp/cache/bootsnap/compile-cache-iseq/84/81970e500d8632	   10196	     125	application/octet-stream	b1e96215e65bc2f9ad5282532739895ebcf73aef
./tmp/cache/bootsnap/compile-cache-iseq/84/8201f0a050da9f	    2800	       3	application/octet-stream	080a09924828ac1b1269bfa83dad54716a2c7aa3
./tmp/cache/bootsnap/compile-cache-iseq/84/a17f5e1b11bfe5	    7052	      13	application/octet-stream	6121e22d118c9ef91e7fbde71ad70fca41b31c0a
./tmp/cache/bootsnap/compile-cache-iseq/84/ac7c94babdeb75	   29712	     859	application/octet-stream	89b12635ed8e0e916c6ba42a45373a4b384d4204
./tmp/cache/bootsnap/compile-cache-iseq/84/c671ca91dc8ef4	    3076	      29	application/octet-stream	bb73bfb91ef29e51e4321c78da454e7d6a6266ad
./tmp/cache/bootsnap/compile-cache-iseq/84/cf59587120f4ab	    1652	       1	application/octet-stream	061522ed910088023275e4188d6d90084ce6fba4
./tmp/cache/bootsnap/compile-cache-iseq/84/f49007c62443d9	    2936	       6	application/octet-stream	ef5e697b13e380f813a1f2e7d456ac8c53a2c003
./tmp/cache/bootsnap/compile-cache-iseq/85/36b13e2202a7b0	    1348	       0	application/octet-stream	a9419d8c77d78d74e945999e26efb6f8d2a4f3e0
./tmp/cache/bootsnap/compile-cache-iseq/85/561af922e27ea2	    4256	      27	application/octet-stream	2aff923012c7ff7c4c685e6d6e61be3d5d395e0f
./tmp/cache/bootsnap/compile-cache-iseq/85/d14752d267ed58	   17944	     222	application/octet-stream	8c6d5d0286947845fc33d7f13e0e479eec055243
./tmp/cache/bootsnap/compile-cache-iseq/85/ddccf9669d9756	     728	       1	application/octet-stream	6cb5041e399eee23c68f5352a31c01e6f86f7189
./tmp/cache/bootsnap/compile-cache-iseq/85/f7b0fbfe87c4c8	    1856	       0	application/octet-stream	2c3cbb27a3c3ee888bcb4be3d72b35128ee6a4b4
./tmp/cache/bootsnap/compile-cache-iseq/86/1b811f4c6acf05	    3492	      12	application/octet-stream	a87a4b44be77763fec646461cd0c553f8c96c068
./tmp/cache/bootsnap/compile-cache-iseq/86/30c36e79231f47	    2800	       3	application/octet-stream	5a226df40da6139c6a702b4f9c55249623cb8cae
./tmp/cache/bootsnap/compile-cache-iseq/86/74f75ec03027f0	    2368	       0	application/octet-stream	81f6286ee09abe0c817aba33d164e9cca33cd980
./tmp/cache/bootsnap/compile-cache-iseq/86/a18d091d9e032c	   12932	     173	application/octet-stream	cf3667239c73c0921c90076d4309cb3172f9d195
./tmp/cache/bootsnap/compile-cache-iseq/86/ad4a772bfdf872	    2076	       2	application/octet-stream	9f49b48ea9abe377fe1b221bc9b2244d463020ee
./tmp/cache/bootsnap/compile-cache-iseq/86/b903ff4d703293	    1900	       0	application/octet-stream	887cf6ee24ec46a50f997b259d58f67926238de1
./tmp/cache/bootsnap/compile-cache-iseq/86/dac6a56b273880	    2804	       5	application/octet-stream	160d047c60e848da9c7ae3f117ec941684d20fe3
./tmp/cache/bootsnap/compile-cache-iseq/86/e6aa65aa9d0782	   11552	     105	application/octet-stream	6adfb145d37ca10a006f5232590b9f0111853481
./tmp/cache/bootsnap/compile-cache-iseq/86/fb63d7b6ae2767	     516	       0	application/octet-stream	3b5b36edc3dbad63f541d5d4e66ee51fe1f09831
./tmp/cache/bootsnap/compile-cache-iseq/86/ff38585dbc57a0	    1956	       1	application/octet-stream	38575e34fb270423745616bc7d06940d86147fca
./tmp/cache/bootsnap/compile-cache-iseq/87/164dfeaf593aee	    4136	      13	application/octet-stream	f73af6056aec734d475d6e7bcee689b8a81ec470
./tmp/cache/bootsnap/compile-cache-iseq/87/1b559081e54bbe	   10016	     134	application/octet-stream	58448a8e4832376c5fabc41861e837cfdf452052
./tmp/cache/bootsnap/compile-cache-iseq/87/2ee6467081d2e4	    2252	       3	application/octet-stream	eebd0615a03aa7cefd1114a5271593c847ccf319
./tmp/cache/bootsnap/compile-cache-iseq/87/3a9be7ef270527	    4204	       6	application/octet-stream	3789cc15869a2af297efa66c99d8c26c3476a4db
./tmp/cache/bootsnap/compile-cache-iseq/87/401c44affee099	    1528	       1	application/octet-stream	6d8fe0db7fe9a856f4f0cbc53b42202c8a8c9e90
./tmp/cache/bootsnap/compile-cache-iseq/87/44649fb9931c2b	    2204	       2	application/octet-stream	b3e6c134dac5808a3b568e12c256579cd2d9a30e
./tmp/cache/bootsnap/compile-cache-iseq/87/571f40bfa02ce7	    6224	       3	application/octet-stream	35c6453119bab9606220b3564b0058d3c358527e
./tmp/cache/bootsnap/compile-cache-iseq/87/5d72c4f13b5184	    9980	     178	application/octet-stream	6220f16fc92b644984a302d35fe1516602ccd3c2
./tmp/cache/bootsnap/compile-cache-iseq/87/abafca9f0770df	    1488	       3	application/octet-stream	71f00d1a042acb8bb618df74558d654fe02a9745
./tmp/cache/bootsnap/compile-cache-iseq/87/aef21d05812b34	    8472	     142	application/octet-stream	6262fb744f3b9d939b41cb416efe30919f665932
./tmp/cache/bootsnap/compile-cache-iseq/87/b30e412316d8d7	    1848	       0	application/octet-stream	76e5ffea2daf61874e5293e82434785026fc594b
./tmp/cache/bootsnap/compile-cache-iseq/87/d12f94515b7b9b	   10732	     124	application/octet-stream	ce97f888638614c1a0406996fd949d36bafeb83e
./tmp/cache/bootsnap/compile-cache-iseq/87/e17a6db98929f5	    4680	       3	application/octet-stream	db2f8bae70fa7c233671dd82ee954f8ccd4440f6
./tmp/cache/bootsnap/compile-cache-iseq/87/e25e0f8fe97b1c	    2380	       1	application/octet-stream	15ff209173ff8192fd9f15c0a038c50445778311
./tmp/cache/bootsnap/compile-cache-iseq/87/fa101fe42ac948	    1476	      13	application/octet-stream	46f7e7efb52f81e3d12aa22a840baac4b9b86da6
./tmp/cache/bootsnap/compile-cache-iseq/88/030962950f4741	    3728	      25	application/octet-stream	c2670d2d738f53afd59226f70321f7a334b6f434
./tmp/cache/bootsnap/compile-cache-iseq/88/07e43d4ea994cd	    1188	       0	application/octet-stream	cf3e819ac0350ce1c8d8740401d8e699b3fbb33e
./tmp/cache/bootsnap/compile-cache-iseq/88/1e51de974a44f6	    1556	       0	application/octet-stream	5b36e5dc9f9d9d1d706d749aa13b07ea3c5ef2df
./tmp/cache/bootsnap/compile-cache-iseq/88/29c32fa9d43e37	    1000	       1	application/octet-stream	e02182d022b1418044af7853d70e79aecb4863c3
./tmp/cache/bootsnap/compile-cache-iseq/88/45f0c5de6d4d5b	    5216	       4	application/octet-stream	8a8bf119ce7d3ce50c35ac4ce4411edd3c6bde98
./tmp/cache/bootsnap/compile-cache-iseq/88/99d5330b7135b8	     696	       1	application/octet-stream	2e88b5a9ebdd94ce400f5e57fa9f1363bbadd9d3
./tmp/cache/bootsnap/compile-cache-iseq/88/b013f94b773e4f	     448	       1	application/octet-stream	7b61bab993d4c6f52b8fd5ded32fc92e5622f5d3
./tmp/cache/bootsnap/compile-cache-iseq/88/ecbd6208e0eeeb	    4872	      18	application/octet-stream	6e7b2ae530fafd5997491215222e332f12100f7a
./tmp/cache/bootsnap/compile-cache-iseq/89/2643e9d797c445	    4832	      10	application/octet-stream	4de951a52f5401166437494c82bd1843de86c03c
./tmp/cache/bootsnap/compile-cache-iseq/89/511447610ac64e	     428	       0	application/octet-stream	f42ca8586c404a3977e15a62acb0b7def8631cd2
./tmp/cache/bootsnap/compile-cache-iseq/89/54a9a9d69ebbdb	     780	       0	application/octet-stream	cd4a39a8611ad271be4ca2efe6daffa6c607d95e
./tmp/cache/bootsnap/compile-cache-iseq/89/aec345d5d96b13	    1456	       0	application/octet-stream	b4b904db88634880828284d66c52ee20ec7719c1
./tmp/cache/bootsnap/compile-cache-iseq/89/d53e0dec6317a3	    3524	      16	application/octet-stream	bbdb93024bdfdbdcd1d39c8b9902f7e8d4e17146
./tmp/cache/bootsnap/compile-cache-iseq/89/fa53d0c469a953	    2204	       4	application/octet-stream	48b1e9621944ae84ab4c555092a6a9df0ada263b
./tmp/cache/bootsnap/compile-cache-iseq/8a/01855b796f35a8	    4660	       7	application/octet-stream	af8d0da9c169e2285d4df2a23c659977d26896ba
./tmp/cache/bootsnap/compile-cache-iseq/8a/4544c4340e1362	    8328	      24	application/octet-stream	57bdd7ab375fa19527e363741e94c2905124f8e5
./tmp/cache/bootsnap/compile-cache-iseq/8a/56de9b2066465e	    8292	       9	application/octet-stream	ef054d0b5ae73b893e90d8242f4eb68549fde946
./tmp/cache/bootsnap/compile-cache-iseq/8a/57d1d6f0e2bdd1	     640	       0	application/octet-stream	691ed2e6dde4618d8a2f6a7bcc4cd228390984b3
./tmp/cache/bootsnap/compile-cache-iseq/8a/634ec69d204449	    1288	       0	application/octet-stream	dcb8beb9611f704a7ceb4356485ff1990cac805c
./tmp/cache/bootsnap/compile-cache-iseq/8a/851715feeb3b58	    7812	      34	application/octet-stream	42a3cc3acc428e9c1082af908ec56c2757318e24
./tmp/cache/bootsnap/compile-cache-iseq/8a/87177bfe7fd97f	     808	       0	application/octet-stream	eb45e1362ec1b772432970704faa8a89fcaf630b
./tmp/cache/bootsnap/compile-cache-iseq/8a/93c5a81562272e	    1600	       0	application/octet-stream	5041b49648dddcb04509cb6f31fa3df743300852
./tmp/cache/bootsnap/compile-cache-iseq/8a/afe2a25f9cfca2	    3304	      22	application/octet-stream	948cd316c376d020dcd3c836cc4d62d3e16a3fb3
./tmp/cache/bootsnap/compile-cache-iseq/8a/d96b359e3ec18a	     604	       1	application/octet-stream	7a320c4bd08a08c4ccb855f10673c7ff524a1ef6
./tmp/cache/bootsnap/compile-cache-iseq/8b/0cccbbe1de5500	     472	       0	application/octet-stream	8301cfe2239e9a1556d452859b01ec4a736c51e8
./tmp/cache/bootsnap/compile-cache-iseq/8b/18586f2e65b1bb	    1856	       2	application/octet-stream	9237ee1660dd243277bacdab922b157d6a64b4a4
./tmp/cache/bootsnap/compile-cache-iseq/8b/21648a17f85b28	    1044	       2	application/octet-stream	5c9c8ef07a3cb0eaf6c0a5a74d0ba8185f26e6d3
./tmp/cache/bootsnap/compile-cache-iseq/8b/29e0ee402d4271	    1828	       1	application/octet-stream	3f62878ef370484c232097fb83f61b512f41b5fb
./tmp/cache/bootsnap/compile-cache-iseq/8b/5bf63934a90ae5	    1080	       0	application/octet-stream	4e8550bdfc779fc47247e2575e145e3953b078f9
./tmp/cache/bootsnap/compile-cache-iseq/8b/97bfa128a5fd78	    2288	       1	application/octet-stream	8f4f6675178f8ad16b142238b19915baaac11cfb
./tmp/cache/bootsnap/compile-cache-iseq/8b/a091ce63d04dbf	    3184	      24	application/octet-stream	85e818e22f5b297c257ba1b5fcc42c0402e323bf
./tmp/cache/bootsnap/compile-cache-iseq/8b/a27c82770b6394	    2136	       3	application/octet-stream	9c554bb877ceaa1b57af0f789645bf8ebb3f9cf1
./tmp/cache/bootsnap/compile-cache-iseq/8b/a68179a38e146a	    3176	      35	application/octet-stream	b948bbf88a019644f1c45517fbf3da42773ac327
./tmp/cache/bootsnap/compile-cache-iseq/8b/e5a0498a397f52	     964	       0	application/octet-stream	6d35831b1aaaa2332e137fda6eb712a86eaf978b
./tmp/cache/bootsnap/compile-cache-iseq/8c/062577cdb0d4b2	    7572	      12	application/octet-stream	a14784133ea1f2c4fc485e5769aec039b057272a
./tmp/cache/bootsnap/compile-cache-iseq/8c/1d0685f85f56e8	     864	       0	application/octet-stream	948102c3179106b1625d770478fae859a0a335ad
./tmp/cache/bootsnap/compile-cache-iseq/8c/3f860afb88293b	    5984	       7	application/octet-stream	02f0fb6dec04b0d2ed4698bb0a929f8874839d6f
./tmp/cache/bootsnap/compile-cache-iseq/8c/63c9801f7b9dbe	     884	       0	application/octet-stream	65b5357244d7cee16dbef438c4fd3510cf514e82
./tmp/cache/bootsnap/compile-cache-iseq/8c/ae5a90fdbacf89	    7044	      17	application/octet-stream	002ed84c0d68347a83981baaef9979e929ffa9a0
./tmp/cache/bootsnap/compile-cache-iseq/8c/b0d47b709ef63a	    1716	       2	application/octet-stream	9278224770640a566ec002e5dc76fd712e13d5f3
./tmp/cache/bootsnap/compile-cache-iseq/8c/c44f6b3af740ca	    9508	      42	application/octet-stream	bee834a984dc01d8f484f0d0e093919880c7eb49
./tmp/cache/bootsnap/compile-cache-iseq/8c/de1867b0c7a6ac	     784	       0	application/octet-stream	d4bbf7a7b0636c93b5393dfd05d9d4834f6a720c
./tmp/cache/bootsnap/compile-cache-iseq/8d/02837554634f09	   23540	     232	application/octet-stream	f011a72135c7d794580cc44a1734090de3322bb0
./tmp/cache/bootsnap/compile-cache-iseq/8d/02b18b451da67d	   18548	     297	application/octet-stream	5d6b43b21d37a0051a1da2403f5f405597dac944
./tmp/cache/bootsnap/compile-cache-iseq/8d/11e0e3e2308923	   18172	     213	application/octet-stream	d15337a4758d189ed088b731d68316884fcefb57
./tmp/cache/bootsnap/compile-cache-iseq/8d/3a6a2420e812f8	    3616	      27	application/octet-stream	fac14ec73ec0b978abe4ef373e46d0bbbdba9789
./tmp/cache/bootsnap/compile-cache-iseq/8d/3c301b8b2f0bd1	    6460	      17	application/octet-stream	772b20640ffaca01127232e953d9cf4d501c4dd1
./tmp/cache/bootsnap/compile-cache-iseq/8d/4326f24e53c8df	    4536	      14	application/octet-stream	6b1f0b12eb9763dd6d77eb3e805da6e6b6fc52cb
./tmp/cache/bootsnap/compile-cache-iseq/8d/4a4cff43637d6e	    2700	       7	application/octet-stream	3249d72b77fb7f5a5ba9fe8b709ed0a96e626b90
./tmp/cache/bootsnap/compile-cache-iseq/8d/50f30a13b9e950	    1060	       0	application/octet-stream	7818aa110e578688e3cfb7e0efe1ee70ddd51d18
./tmp/cache/bootsnap/compile-cache-iseq/8d/569e2340ba8ff4	    1088	       0	application/octet-stream	3e68f22ab4a2ab869e7d2953d8dd0f93174c94af
./tmp/cache/bootsnap/compile-cache-iseq/8d/589b47e1cefb71	    5168	       3	application/octet-stream	cc7a45990c2f178a6a54695d034cbbf08ca39d52
./tmp/cache/bootsnap/compile-cache-iseq/8d/6951ad8fba0a4c	   15944	     260	application/octet-stream	9d02b092920b9f3775f92559e4052892bfb38657
./tmp/cache/bootsnap/compile-cache-iseq/8d/86709dc5301534	    5556	       5	application/octet-stream	740429cec5ece44e5c9edfea36bc49ce5846d3fb
./tmp/cache/bootsnap/compile-cache-iseq/8d/8ca28677e06a35	    1628	       3	application/octet-stream	eea9bf1dbe625a8a9cf63a43c27f26e2fcdec620
./tmp/cache/bootsnap/compile-cache-iseq/8d/bd3eff9662b7dd	     832	       0	application/octet-stream	55838a704d6aefa3a5c58e840900839fd2317ac0
./tmp/cache/bootsnap/compile-cache-iseq/8d/c413d7c183464e	    2036	       2	application/octet-stream	4c2bcd380ff91f28daa1b68cfac9138ded5574f5
./tmp/cache/bootsnap/compile-cache-iseq/8e/01791ac6fd9102	   49308	     819	application/octet-stream	5a1d12d7dad1a6e6b4e920bcfa9d62b415891703
./tmp/cache/bootsnap/compile-cache-iseq/8e/3483f399d7cef7	    1176	       0	application/octet-stream	9b2bd805e0798f5a5fd8f40790afa1414b2e11a5
./tmp/cache/bootsnap/compile-cache-iseq/8e/5a548e2f98ae15	     960	       0	application/octet-stream	c6e14f0872d18c872d5267b2d03a2b448cd39b5f
./tmp/cache/bootsnap/compile-cache-iseq/8e/621e50e47a2a53	    7420	       4	application/octet-stream	b9895ec3e83b35f676ae8b450d559fd8fb4bab11
./tmp/cache/bootsnap/compile-cache-iseq/8e/9e8b03c3ce96ed	    2884	       5	application/octet-stream	eb3f802aba45a8642fb616ff962eaa7bb0f7c916
./tmp/cache/bootsnap/compile-cache-iseq/8e/bf39f0e20df8c0	    1400	       0	application/octet-stream	de140797f905d0fa2475abb27c32b0bc3d50adba
./tmp/cache/bootsnap/compile-cache-iseq/8e/ea88806c9e32ab	    3324	      21	application/octet-stream	e75bad61150b1a0708cc354f75755c222438b5ed
./tmp/cache/bootsnap/compile-cache-iseq/8e/fcf3023d2d00b9	    2052	       1	application/octet-stream	36ed4ed3d8bc8c05ff24104fac227d03d70d0a98
./tmp/cache/bootsnap/compile-cache-iseq/8f/3f3fd492e6820e	     696	       1	application/octet-stream	508fbcef13f6e2f919230a14513403d6bfc7ed84
./tmp/cache/bootsnap/compile-cache-iseq/8f/6f8e0cb5769c5b	     564	       0	application/octet-stream	82e100e7ed8cdad5c964394deb62df5fc913251a
./tmp/cache/bootsnap/compile-cache-iseq/8f/7314e7ce64462e	     752	       0	application/octet-stream	bcaa6e3f507749a7319ad69c06a06665529d5e5a
./tmp/cache/bootsnap/compile-cache-iseq/8f/9bad6e3d472400	    6272	      15	application/octet-stream	1e010b9222fb67f31c20faec408294786a34e46d
./tmp/cache/bootsnap/compile-cache-iseq/8f/b5dca1e75c3251	   11376	     202	application/octet-stream	e0447324320e2008ef9e6c24a73f34bdefa2cd92
./tmp/cache/bootsnap/compile-cache-iseq/8f/d4e41178aabc08	    2060	       1	application/octet-stream	598eb56408ed125ec4f39369b830aced8e5ceda1
./tmp/cache/bootsnap/compile-cache-iseq/8f/d8bba1216b4df3	   13396	     172	application/octet-stream	a525345c0e4383e31e1a65c24689cbe63c07f3ce
./tmp/cache/bootsnap/compile-cache-iseq/8f/e9574c1e598693	    2952	       7	application/octet-stream	3718b01cf49ab9addbf52ab1d3b624188757fb14
./tmp/cache/bootsnap/compile-cache-iseq/8f/f3fd133dd01c15	    4644	       7	application/octet-stream	9b03f3ac147bdb0d98ecb270b6009aa32c8b5050
./tmp/cache/bootsnap/compile-cache-iseq/8f/f545ef6bb82f79	     604	       0	application/octet-stream	31112a21bb3435d8f78cc5d3ef234543e1ab1756
./tmp/cache/bootsnap/compile-cache-iseq/8f/f7f12422ec425d	    1788	       1	application/octet-stream	5e48b099cd373b83acc08a3390b91171931eeb6c
./tmp/cache/bootsnap/compile-cache-iseq/90/049c6bae9754e4	    2940	      12	application/octet-stream	35ba55450919755a0a12de2cc0dbe19431fa92bf
./tmp/cache/bootsnap/compile-cache-iseq/90/13df616c08fb7d	    1832	       0	application/octet-stream	f8228c387c743775c105b54548d3eda9f63b5144
./tmp/cache/bootsnap/compile-cache-iseq/90/3c4b9b7869cc9f	    1140	       0	application/octet-stream	0ee7adf4c5dc731840702309bef4ccc5026eb1db
./tmp/cache/bootsnap/compile-cache-iseq/90/3c756865bc4e3c	   12672	     195	application/octet-stream	6fd16f02acf225235b2574143501e3382e743fba
./tmp/cache/bootsnap/compile-cache-iseq/90/7955d4c62fa826	    1136	       0	application/octet-stream	2a78337df16cea9b7bc8ce0a487ca4478461874d
./tmp/cache/bootsnap/compile-cache-iseq/90/911e946cce6757	    2944	      18	application/octet-stream	e0b54f8f792a0091cc2cffa82e84b696548a56be
./tmp/cache/bootsnap/compile-cache-iseq/90/9c092d33d047c6	    9116	      43	application/octet-stream	c0adb57d48f0e850370a075dcc69840494be59e8
./tmp/cache/bootsnap/compile-cache-iseq/90/ad35795644d335	    2876	       8	application/octet-stream	b9a6c897359e2ecf8ff4f01e3f95fe2416199f9d
./tmp/cache/bootsnap/compile-cache-iseq/90/cd705e6b19cede	    2360	       4	application/octet-stream	ffc577a35fa08fa0008d0ad4ecf8d4e4672a341c
./tmp/cache/bootsnap/compile-cache-iseq/90/db401431c08cf2	    7368	      32	application/octet-stream	91a44462f584530c9eff03b5550b8b78e99d4c7e
./tmp/cache/bootsnap/compile-cache-iseq/91/29a5161ab336cd	   11464	     161	application/octet-stream	99800e8086f2edb16587779cdeb33aaf56d98308
./tmp/cache/bootsnap/compile-cache-iseq/91/384868207decdc	    1672	       0	application/octet-stream	c12dd28f5d4334520e8fea6ebab310f54106fd00
./tmp/cache/bootsnap/compile-cache-iseq/91/50efd4a4dbc883	    2484	       1	application/octet-stream	a30fcfebb121b3bacdced3739ffff27505c27f03
./tmp/cache/bootsnap/compile-cache-iseq/91/524c12bf810555	    6268	       9	application/octet-stream	88aff577dd5831ecf3a3ac32ae13e0f81d3ccfbd
./tmp/cache/bootsnap/compile-cache-iseq/91/765d302b173a38	    1280	       0	application/octet-stream	33ba9d71b590ed96b4453248969ec7b88478ffee
./tmp/cache/bootsnap/compile-cache-iseq/91/83bc1c5edc6228	    2228	       1	application/octet-stream	028f0c6601ced57292018bde5de72d8ad979d056
./tmp/cache/bootsnap/compile-cache-iseq/91/851d8e1cd9fc54	    9056	      66	application/octet-stream	f4d4c934bdfef0b84e01a62a0553c04be5fee228
./tmp/cache/bootsnap/compile-cache-iseq/91/b86fa8ffa12cab	    4736	      11	application/octet-stream	041bf76152b26c2d2f958c07ab8de0a32f20fff6
./tmp/cache/bootsnap/compile-cache-iseq/91/c355f57fefbf54	     988	       0	application/octet-stream	4774a31c54a8a8a7cc2d9b6833a6280846878e39
./tmp/cache/bootsnap/compile-cache-iseq/91/e0fc0ce30ce825	     720	       0	application/octet-stream	3c740e1c57a1faca2925032d5e53e564adbf74e6
./tmp/cache/bootsnap/compile-cache-iseq/92/134e48627f4bfc	    1136	       0	application/octet-stream	e9bc4426fcb9cfac5d07f4202ed3021a6341f48e
./tmp/cache/bootsnap/compile-cache-iseq/92/313d2480f6d420	     500	       0	application/octet-stream	0c462da730f5b2bb4371b78e85a434061fdfe3fc
./tmp/cache/bootsnap/compile-cache-iseq/92/3a1861ce1edfe5	    3300	      23	application/octet-stream	d2478ab07d5abe274119b6f45978e75a3edcbd65
./tmp/cache/bootsnap/compile-cache-iseq/92/557a129ba8d74a	    1664	       0	application/octet-stream	86943aaa7c798e3b73b44d96fea539b139a11b3e
./tmp/cache/bootsnap/compile-cache-iseq/92/5aedf136a7f380	   10156	     118	application/octet-stream	9291a7e3cd47d7d24f90237d62c836fead0f27a5
./tmp/cache/bootsnap/compile-cache-iseq/92/63998220f6e4c4	    2916	       7	application/octet-stream	5b78131283a46d30ae81d2cd53683626701814af
./tmp/cache/bootsnap/compile-cache-iseq/92/ac7e64358ea863	    1016	       0	application/octet-stream	e676c68ee26e8c5f684a8e4d25716b11c0592ffa
./tmp/cache/bootsnap/compile-cache-iseq/92/b97eb9b0719beb	    1628	       1	application/octet-stream	9a4fbf69e47e72824c586c597adf7bfc2a7a1880
./tmp/cache/bootsnap/compile-cache-iseq/92/d680f25d19dddf	    2924	      10	application/octet-stream	ce3619050985329871cf9301cca1023fcdeae759
./tmp/cache/bootsnap/compile-cache-iseq/92/de48a296fe325a	     500	       0	application/octet-stream	83cebb351b71702fc2795a96762cf3eb07618245
./tmp/cache/bootsnap/compile-cache-iseq/92/de989ba6478666	    1872	       1	application/octet-stream	06d00e87f34a6732a70783d1cc68611d5b581cb3
./tmp/cache/bootsnap/compile-cache-iseq/92/f819bd938fd45b	   13908	     205	application/octet-stream	e7106bec330e1606fe4e60296b891dc4d4757bfb
./tmp/cache/bootsnap/compile-cache-iseq/93/15d0a405803a5c	    1688	       0	application/octet-stream	0e2e7795d7bd51abb526cbc64dfd3396a505983a
./tmp/cache/bootsnap/compile-cache-iseq/93/510eb576c5a10c	    3560	      25	application/octet-stream	90cda9872de5ead55861250008dc0dc2e37f27ac
./tmp/cache/bootsnap/compile-cache-iseq/93/8c28b98b8f25ea	     936	       0	application/octet-stream	361bda4269184239ab6b22b4856c206aa8deeaa1
./tmp/cache/bootsnap/compile-cache-iseq/93/913b1e7498e740	    2168	       0	application/octet-stream	28d8a3fbd79d00b769b3ecd642d35c481bde21f7
./tmp/cache/bootsnap/compile-cache-iseq/93/9973e32a064243	     684	       0	application/octet-stream	fe3c1446e596276ee9f9d590aa560f629ea5abfa
./tmp/cache/bootsnap/compile-cache-iseq/93/d5a9ebba19168d	    1720	       0	application/octet-stream	13b6b2d21a0c8925b9f24724272a8cfd0c0a11c5
./tmp/cache/bootsnap/compile-cache-iseq/93/eeb44e975a7dbb	    7056	      31	application/octet-stream	91a9587252fe4ea7af36493a0a9ac71ff3b10d06
./tmp/cache/bootsnap/compile-cache-iseq/94/015e4702544df5	    7308	       8	application/octet-stream	4f09177dc0d63b601e54cb1ca5ef81dfbc99d1f9
./tmp/cache/bootsnap/compile-cache-iseq/94/1e406e40f096b3	    1020	       0	application/octet-stream	e4379373275174c46903963055558ecf1e08c739
./tmp/cache/bootsnap/compile-cache-iseq/94/1fa7dfb87ff130	    1880	       0	application/octet-stream	f4afa893473df99e07a330ea7adb7561cc9f02f7
./tmp/cache/bootsnap/compile-cache-iseq/94/46ffc2de1b9772	   14620	     162	application/octet-stream	4ddc24008111098ad7cdd59ae90c8f2785f68441
./tmp/cache/bootsnap/compile-cache-iseq/94/c0a1a5836c88b3	    3900	      20	application/octet-stream	1e8679240bf08f5fb19a50c1559acda9709e3928
./tmp/cache/bootsnap/compile-cache-iseq/94/d8534f0c515bbd	   20412	     197	application/octet-stream	f338d8f51d045f1bb3dd182894a0619c00db776e
./tmp/cache/bootsnap/compile-cache-iseq/94/e50fee2b841470	    5628	      19	application/octet-stream	b9833b262652e6efe499ffb3058d48439d1a6fb0
./tmp/cache/bootsnap/compile-cache-iseq/95/1d32276db38aca	    3016	      11	application/octet-stream	4f155fda052a50945a393dc5becbd630aef34d7e
./tmp/cache/bootsnap/compile-cache-iseq/95/32e7ba87b2eab3	    5724	       4	application/octet-stream	4a2f25aafd383a062442adf23556c8b8d3cbbc05
./tmp/cache/bootsnap/compile-cache-iseq/95/41567a0982ae94	    1116	       0	application/octet-stream	93aeb9f38f7760e601e9d5115f65fc0ce97b1ca8
./tmp/cache/bootsnap/compile-cache-iseq/95/8b9d2d68798197	   12344	     174	application/octet-stream	888793d937679f32a1412a787f07ed42d5e10593
./tmp/cache/bootsnap/compile-cache-iseq/95/b3e3d53d80e97e	     472	       1	application/octet-stream	229f407b71fe7b16e7eda772736aaab2ccba7a13
./tmp/cache/bootsnap/compile-cache-iseq/95/e39129543a1b83	    9228	     166	application/octet-stream	629a46831221288df402d8d2c17d2fb3379bee3c
./tmp/cache/bootsnap/compile-cache-iseq/95/e9fdab8554429b	    1188	       0	application/octet-stream	5f2c36361459f404fff415490e264c55f07779b4
./tmp/cache/bootsnap/compile-cache-iseq/95/ff4c3423ff7cfa	    3300	      28	application/octet-stream	b6387ff3d582c97972c661eb4a707b07ba41b4b4
./tmp/cache/bootsnap/compile-cache-iseq/96/54ecd352bfa55c	    2256	       1	application/octet-stream	e6fe3d7d98a7410e2b0a8a78bd7aab4833b022d4
./tmp/cache/bootsnap/compile-cache-iseq/96/6d078bdbcad59f	    1664	       0	application/octet-stream	ffaa786ae363f7285e7645ee60b9d744e5ce8585
./tmp/cache/bootsnap/compile-cache-iseq/96/6f4a6822e2cae3	    2044	       3	application/octet-stream	7af3e62e9a9cd59b546414d7c934b14ba82e225c
./tmp/cache/bootsnap/compile-cache-iseq/96/8f5b240590bea1	   14620	     163	application/octet-stream	f11145e58067aa63975332722abbbbd815759f36
./tmp/cache/bootsnap/compile-cache-iseq/96/95c2a05af1eab2	    3896	      29	application/octet-stream	b672ee23606b77a0f8be7e994dacc3fe67deec80
./tmp/cache/bootsnap/compile-cache-iseq/96/c800f691412b03	   13348	     182	application/octet-stream	d5d2029f6556ae76e3bec29c8ec60615346a03a0
./tmp/cache/bootsnap/compile-cache-iseq/96/d287d637d9a094	    3836	       5	application/octet-stream	67ed755019c39899613df8df58e938fd8e2d85d1
./tmp/cache/bootsnap/compile-cache-iseq/96/d6544b2e9a4508	     700	       1	application/octet-stream	4a640caf0cfe644d3719b0ceef720673216d1972
./tmp/cache/bootsnap/compile-cache-iseq/96/e64c20964433f7	   26944	     241	application/octet-stream	d36e260cb6962eac28aa7d69fc495d05cafa0049
./tmp/cache/bootsnap/compile-cache-iseq/97/074cb3a28117e8	   18484	     396	application/octet-stream	a25b1d53c9a68d8df59ec55bdbd11ffd026d6c05
./tmp/cache/bootsnap/compile-cache-iseq/97/39f9973efa30a6	    4672	       2	application/octet-stream	11b51d4a2fb903de361efa550d5b3876b51a2a59
./tmp/cache/bootsnap/compile-cache-iseq/97/6b8c3ddc4840af	    7428	      30	application/octet-stream	9a793aee075fea3a7508518bac1f18bf788cbffe
./tmp/cache/bootsnap/compile-cache-iseq/97/7fea1512446c78	    9480	     151	application/octet-stream	59f6fc7594e7499c7369a78598407751ec4780c2
./tmp/cache/bootsnap/compile-cache-iseq/97/88c1846b94db1a	     908	       0	application/octet-stream	14534f13422f1a1ee1d134aaad81902627b48bec
./tmp/cache/bootsnap/compile-cache-iseq/97/c0d8c374e7da16	    1224	       0	application/octet-stream	2c7f389d05c6b0d51f0298fb3ddbb1ceb0538fb8
./tmp/cache/bootsnap/compile-cache-iseq/97/c236891a22ea22	    4300	      10	application/octet-stream	168458dc9a51a7d8a8afefc0debbac7f3fc1a604
./tmp/cache/bootsnap/compile-cache-iseq/97/d4a19342f7b129	    1408	       1	application/octet-stream	4112ea9893cb7f19bd29993e64574c038f78bc55
./tmp/cache/bootsnap/compile-cache-iseq/98/490439188f1c10	    4140	      16	application/octet-stream	ab24be57567a4bee9b8659d333835b84742e93fe
./tmp/cache/bootsnap/compile-cache-iseq/98/548f729277949a	    6160	       4	application/octet-stream	7bddc15d9788b6fe516cf5d5bf50f044befd494f
./tmp/cache/bootsnap/compile-cache-iseq/98/664b1e60c9a9c4	    1020	       0	application/octet-stream	168f1ca34ceb59d905bd59031a1db9d41af6123a
./tmp/cache/bootsnap/compile-cache-iseq/98/693d996868518e	    4068	      16	application/octet-stream	9c97f6d3cc052fe3a25c8e0a27237cba0b4fb259
./tmp/cache/bootsnap/compile-cache-iseq/98/c9c5a1f1fc95b5	     932	       0	application/octet-stream	2beaebe6aa5a36b3fb7ade951d6bfea367ea13f4
./tmp/cache/bootsnap/compile-cache-iseq/98/f9c934aa8997c3	    1028	       1	application/octet-stream	52485cf5f0d89021b729d6d879ef02764cd65119
./tmp/cache/bootsnap/compile-cache-iseq/99/2c9587d5407f61	    4240	       8	application/octet-stream	7ea76e0cb0352284fade351940e9a5ebd09f1db1
./tmp/cache/bootsnap/compile-cache-iseq/99/4047751146400a	    4588	      26	application/octet-stream	ebe50407d210946a446347a22c962d76e769b086
./tmp/cache/bootsnap/compile-cache-iseq/99/92f7c46c22ad8f	     672	       1	application/octet-stream	5c4cf9c425c7ced68f4c77c543636b3c6495a63c
./tmp/cache/bootsnap/compile-cache-iseq/99/a5313e81ba13cb	    1592	       2	application/octet-stream	0f0b9f8f4228fcb0d4af8d6160605fa9cd859bdf
./tmp/cache/bootsnap/compile-cache-iseq/99/b5b96a15506e22	    1704	       1	application/octet-stream	bb3c4202816dff96335e497ac52dd19bf9860388
./tmp/cache/bootsnap/compile-cache-iseq/99/bc395f67f34e3a	    1300	       0	application/octet-stream	e82e190ffb2f8f99bd3c0f6b07362d711c651cd5
./tmp/cache/bootsnap/compile-cache-iseq/99/c67059e055af9d	    7536	      27	application/octet-stream	6463cb0ad3d4914d3f32e0fa071e88e42e439de1
./tmp/cache/bootsnap/compile-cache-iseq/9a/1b03c038068c1c	     936	       0	application/octet-stream	1524b21f609bdac9a822aefc6839b934c48f8f0e
./tmp/cache/bootsnap/compile-cache-iseq/9a/2ecc89648a2aae	    5864	       9	application/octet-stream	47ee572a3fa743b0cfc72bc3df2b61a074b50a69
./tmp/cache/bootsnap/compile-cache-iseq/9a/4af5be65f48347	    1224	       0	application/octet-stream	1cdf40ae29010bb4512e817b32255cd8185eb6df
./tmp/cache/bootsnap/compile-cache-iseq/9a/6b8afed1363b39	     580	      14	application/octet-stream	1555e2611f9a1bbbf572a9c624a1a55e9cb57861
./tmp/cache/bootsnap/compile-cache-iseq/9a/6f21b4c7805549	   16084	     215	application/octet-stream	31af922c61e1799e3e2821f6b7b4ded1834871eb
./tmp/cache/bootsnap/compile-cache-iseq/9a/86a6285f4cb879	    8084	       6	application/octet-stream	69aebcee96f37ec5e17762398a8918f650e77716
./tmp/cache/bootsnap/compile-cache-iseq/9a/8e0fc7623f7d6c	    5580	      14	application/octet-stream	55fc2165ef5cca570c74c5150049e4c7a128f2fb
./tmp/cache/bootsnap/compile-cache-iseq/9a/ae3fd7cbf7ef6a	    4672	      16	application/octet-stream	85199b94839e5d0159ebbc7b8f63a9c42a073105
./tmp/cache/bootsnap/compile-cache-iseq/9a/bc58a5699cdec7	   13016	     172	application/octet-stream	48e8b93c154b9a16016ddfb2a77656d9cdbeb942
./tmp/cache/bootsnap/compile-cache-iseq/9a/ce0fd88ba83692	    2644	       5	application/octet-stream	5e7e1c44c1a459ef2647521beb7a74359742633e
./tmp/cache/bootsnap/compile-cache-iseq/9a/e37bfcb9c69fc6	    2560	       0	application/octet-stream	49d98fdab0f1990802084f521c87e6bb86be36b0
./tmp/cache/bootsnap/compile-cache-iseq/9a/f772f505d2d243	   16360	     504	application/octet-stream	4945a9dc2e9fed7507a84ade812a6c40567dacec
./tmp/cache/bootsnap/compile-cache-iseq/9b/1df318d56f41a6	    2960	      10	application/octet-stream	39c2907085bc82617aed565f67cdbae40e6aa47b
./tmp/cache/bootsnap/compile-cache-iseq/9b/21a9e96f7c8e44	     648	       0	application/octet-stream	1d830472125c6a6e8ef825d2bba1d511195087ec
./tmp/cache/bootsnap/compile-cache-iseq/9b/42ca8a3f7ff1b2	    6720	      12	application/octet-stream	64691091dede8f601f3c50a7b79707c41e740a5b
./tmp/cache/bootsnap/compile-cache-iseq/9b/4a88be4f827ff1	   11468	     158	application/octet-stream	754536be84289944316de4bf661269a45e6466bd
./tmp/cache/bootsnap/compile-cache-iseq/9b/6398a6d675fc7d	     520	       0	application/octet-stream	65035a0d346d184d2d129ab1656e34d991435e04
./tmp/cache/bootsnap/compile-cache-iseq/9b/a373d842bbc50e	    3348	      23	application/octet-stream	119edd2e9ad520e0eba6dd9ccc557f85e5583fe0
./tmp/cache/bootsnap/compile-cache-iseq/9b/d21d5d55220389	    2504	       3	application/octet-stream	b9b053e8b7c9c0468af922915450da5622b9b30c
./tmp/cache/bootsnap/compile-cache-iseq/9b/f2cd11569cf956	    5400	      18	application/octet-stream	183acb57506424e771d22f0c728b2179f6f5ad0b
./tmp/cache/bootsnap/compile-cache-iseq/9c/1c502e8a2c7408	    6340	       6	application/octet-stream	713e2318c5160cc10a16add20ba8153a80b7e0ce
./tmp/cache/bootsnap/compile-cache-iseq/9c/298b51d0f09175	    1340	       2	application/octet-stream	b91eda410a5fa970cd1f05f96f491991e4fbc34f
./tmp/cache/bootsnap/compile-cache-iseq/9c/3d6a67d3d3c55c	    1688	       1	application/octet-stream	f41511e99faa6c9ed3da5afdb827d42b52910fe5
./tmp/cache/bootsnap/compile-cache-iseq/9c/553f42481fe285	    2108	       2	application/octet-stream	e04b71ab3d455b358a0e07e89b55e908b03056bf
./tmp/cache/bootsnap/compile-cache-iseq/9c/8bb511af77fb81	    2464	       2	application/octet-stream	0e761811b31853025cd9fe09526bce3f503d0e5b
./tmp/cache/bootsnap/compile-cache-iseq/9c/98853abd3632ee	    2208	       0	application/octet-stream	8449693bb172d2d79081c3e7d54c0e18951137ab
./tmp/cache/bootsnap/compile-cache-iseq/9c/b2989d7d345e06	   19500	     244	application/octet-stream	b157973d8f66b2f2074027f1db43708a06954c20
./tmp/cache/bootsnap/compile-cache-iseq/9c/be816999cbe66f	    1856	       1	application/octet-stream	c0fa6f4dcfe5c97a487ca8f71cde2d3530a8d702
./tmp/cache/bootsnap/compile-cache-iseq/9c/dcdb1c535c5cab	    1436	       1	application/octet-stream	d0c00a0bf1219223b4b2dd86f3503a41efee90ee
./tmp/cache/bootsnap/compile-cache-iseq/9c/f0a80461073633	    4328	       4	application/octet-stream	6f9f7d41019683afc1445aae4b23312afd01355b
./tmp/cache/bootsnap/compile-cache-iseq/9d/098fc76f4cbd3c	    3868	      25	application/octet-stream	405ecfc1a160622f31a6c9eb7a9e21a9f5945784
./tmp/cache/bootsnap/compile-cache-iseq/9d/48e39bffc1522a	    2732	       3	application/octet-stream	ed65d33609897c93da4c21d12d362e9699d36dda
./tmp/cache/bootsnap/compile-cache-iseq/9d/695e41f4969033	    3748	      21	application/octet-stream	d9449fd349018566a47087af22cb07e37c12ed97
./tmp/cache/bootsnap/compile-cache-iseq/9d/884488929a0ad8	     680	       1	application/octet-stream	9ea56bf5436b9e5a15ebc7819d25ffac7fd8237a
./tmp/cache/bootsnap/compile-cache-iseq/9d/98fc6a803ca0b0	    1088	       0	application/octet-stream	d77cdbc3f8388ab2233f56c914ff2eac1de3c273
./tmp/cache/bootsnap/compile-cache-iseq/9d/9e26b183b4f554	    1284	       0	application/octet-stream	68f500d78fb16ce6318dfa112d31ddb933841978
./tmp/cache/bootsnap/compile-cache-iseq/9d/a506a4f1facfce	    1640	       1	application/octet-stream	2909fb93d6646f0824e6db780dee245805039182
./tmp/cache/bootsnap/compile-cache-iseq/9d/b37b589c86a8a5	     896	       0	application/octet-stream	e7aae057b95adc8ee67704df761326e58e70aa68
./tmp/cache/bootsnap/compile-cache-iseq/9d/be98f921bef177	     960	       0	application/octet-stream	93a530cd3d9b5d18b5c9c108ae5f661001cb4e19
./tmp/cache/bootsnap/compile-cache-iseq/9d/c8d7a44875c85f	    1584	       0	application/octet-stream	5d55e24e0130d7610a515132167855726249d4e3
./tmp/cache/bootsnap/compile-cache-iseq/9d/cc5f6faec091f2	    9820	      40	application/octet-stream	ead43e3f29b116a7c24d03e9cc5deafdc11bb272
./tmp/cache/bootsnap/compile-cache-iseq/9e/1494a4e4b67c80	   12836	     348	application/octet-stream	ca22331e85fe60e04747584b02096eab2c5b78c1
./tmp/cache/bootsnap/compile-cache-iseq/9e/3e791aa12aa923	    5012	       7	application/octet-stream	7d7b4a70fb4a026870c9a2e3f77f8f1507e8142f
./tmp/cache/bootsnap/compile-cache-iseq/9e/4cd08e67a62336	    7168	      73	application/octet-stream	361e4ce3e1de1cd5985e0478dc7698d3ca01207e
./tmp/cache/bootsnap/compile-cache-iseq/9e/6c0c845c057429	    6648	      11	application/octet-stream	3d5b6a2b24c533b9035b7346fba6ec15e9d7f597
./tmp/cache/bootsnap/compile-cache-iseq/9e/c7ae085c718cde	    1540	       0	application/octet-stream	b97df887772fa1f82d4c9d03fa1cdf606f1bbf6a
./tmp/cache/bootsnap/compile-cache-iseq/9e/d792df155e6c79	    7164	       8	application/octet-stream	da230918ece2b80495b3757bdf0cad3360f0adb8
./tmp/cache/bootsnap/compile-cache-iseq/9f/2f04ce964a510e	     732	       0	application/octet-stream	9723c255b057083bcbc6839a9666050b39e36e3d
./tmp/cache/bootsnap/compile-cache-iseq/9f/2f8f0876c2670d	    3192	      22	application/octet-stream	b9d1ed84a90a0bdf3b6fa4aa0ca6527f47651a28
./tmp/cache/bootsnap/compile-cache-iseq/9f/3934cfe43e8cc5	    2260	       5	application/octet-stream	bbda74cb37743f5b4424ed8b84890541b9f67c6a
./tmp/cache/bootsnap/compile-cache-iseq/9f/39c990203614c7	    4740	      16	application/octet-stream	24840986ea228bff8d9f652eb6eed1b029f307cd
./tmp/cache/bootsnap/compile-cache-iseq/9f/41c7b87ac5dee1	    1728	       2	application/octet-stream	a4a1d9b9914fc1c94faade33efc6e7caf0470230
./tmp/cache/bootsnap/compile-cache-iseq/9f/4e002a6b1e8381	    1724	       0	application/octet-stream	c610de68a9767d1eff76d805b77901a68c18f8b4
./tmp/cache/bootsnap/compile-cache-iseq/9f/5c5a983e42de8d	   17580	     322	application/octet-stream	23844ddec9b4285c0c4066c5f961143d81695f94
./tmp/cache/bootsnap/compile-cache-iseq/9f/6e3a0331126586	    1616	       2	application/octet-stream	6c55a696100861a7c3e588407a03047af635a9b2
./tmp/cache/bootsnap/compile-cache-iseq/9f/bcff4566edcb51	    3756	      12	application/octet-stream	8e98d51f801ef2f74fcdafbd286b72dd0b3109a2
./tmp/cache/bootsnap/compile-cache-iseq/9f/dba5d8e4899a4b	    9292	      58	application/octet-stream	6fdc9d1fb37ddb49a3d8ca7d0dbf14a6edfba1f1
./tmp/cache/bootsnap/compile-cache-iseq/9f/fb37f2649bc121	   63964	    1417	application/octet-stream	bfddac93b668d6429dbd0f3ea0b194342412900d
./tmp/cache/bootsnap/compile-cache-iseq/a0/1706cfb9a219d5	   14068	     203	application/octet-stream	520636e5366ee369d2daeb1d3bf5b45b2591c820
./tmp/cache/bootsnap/compile-cache-iseq/a0/2a23abd886ea71	    6512	      43	application/octet-stream	46430d088790cd98cd81cdbe6e02803d2db85034
./tmp/cache/bootsnap/compile-cache-iseq/a0/41bffc0ab73da2	     700	       0	application/octet-stream	13cea0740604125da106f1ef3df255fe7a413f33
./tmp/cache/bootsnap/compile-cache-iseq/a0/51178db6d50135	    2028	       2	application/octet-stream	0c2dc810562914f44551536941fbafbe2d2998c1
./tmp/cache/bootsnap/compile-cache-iseq/a0/540ce02eba74aa	    1896	       2	application/octet-stream	49b7bf7b0759b024d8f8046e21bab2cdd28914e3
./tmp/cache/bootsnap/compile-cache-iseq/a0/6319e62aee23cd	    4432	      23	application/octet-stream	f1e1ae1913df7c07252491f7031e981934938c01
./tmp/cache/bootsnap/compile-cache-iseq/a0/7656d2f216f8ac	     976	       0	application/octet-stream	6f912db394713592a6d22c6f2f30b9a894f65ccb
./tmp/cache/bootsnap/compile-cache-iseq/a0/7e9d115dbea749	    7732	      58	application/octet-stream	d2a82a55972c84aba20469be9d0d0c7e5fde73e7
./tmp/cache/bootsnap/compile-cache-iseq/a1/0e64a41551ec46	    3856	      16	application/octet-stream	63c969bc559e7fdf17c68b221c8073b0b214b9e2
./tmp/cache/bootsnap/compile-cache-iseq/a1/283f2cf9efbc7b	    1272	       0	application/octet-stream	1f49f20942d9806f705a0dd99b4532d4af6592e0
./tmp/cache/bootsnap/compile-cache-iseq/a1/38690a038840d5	    1068	       1	application/octet-stream	305a2c49315cae7bbde98fd8c37203634c735ff1
./tmp/cache/bootsnap/compile-cache-iseq/a1/429fcbcac50a60	    2296	       0	application/octet-stream	eb9f0320ebaf87c4fee43cb8e51e6053a587d2e5
./tmp/cache/bootsnap/compile-cache-iseq/a1/4d5e0b48113c6c	    4688	       9	application/octet-stream	1454916d001c2ea80b34919d1ab53d88b57a8d00
./tmp/cache/bootsnap/compile-cache-iseq/a1/6fbba9e480456e	    1856	       0	application/octet-stream	2e5b272b8952553d10d2137cf1ddf765e8e0ac6f
./tmp/cache/bootsnap/compile-cache-iseq/a1/7f572e3851a022	    1540	       1	application/octet-stream	89d2c4797ab9cb1030190a0b16892efb805efbee
./tmp/cache/bootsnap/compile-cache-iseq/a1/b25b083f84775e	    5364	       7	application/octet-stream	f0a56da8347b3b0425be03bf1ecc820866b21fad
./tmp/cache/bootsnap/compile-cache-iseq/a2/41cc500a5ed479	   38444	    1020	application/octet-stream	3b6c65cbe9008fec8997594ecb10543ce4892741
./tmp/cache/bootsnap/compile-cache-iseq/a2/470805ba0494bc	    6856	       5	application/octet-stream	225d065024869d8933754d5a097f8ac6a3e5638a
./tmp/cache/bootsnap/compile-cache-iseq/a2/48662044a98b7e	    2028	       1	application/octet-stream	da61348af27437eaf213a9df9b29f180682ea1e8
./tmp/cache/bootsnap/compile-cache-iseq/a2/599285581623bf	    3596	      21	application/octet-stream	bab43b4e46fd07a4e26b75213cdaf7dba1df0551
./tmp/cache/bootsnap/compile-cache-iseq/a2/763f327e18381f	    1664	       0	application/octet-stream	f3d7216692bbe5dd558e853ccfb397f66d575d24
./tmp/cache/bootsnap/compile-cache-iseq/a2/7ac39ceb619fac	    8124	      24	application/octet-stream	232d991e865bf44723370f3d978c33d6665f824c
./tmp/cache/bootsnap/compile-cache-iseq/a2/810f6357d84cb1	   13204	     216	application/octet-stream	d699c4cb9e329f705d63fe2119e28bdcd033f71a
./tmp/cache/bootsnap/compile-cache-iseq/a2/87a2473373291e	    9468	     196	application/octet-stream	b4613e703272b730a34064b349feb8ee5f455e75
./tmp/cache/bootsnap/compile-cache-iseq/a2/8ea9408d2fdca8	    2672	       4	application/octet-stream	09b858297eaf7ebc002ef99fb3a2d48dd4a2ccaa
./tmp/cache/bootsnap/compile-cache-iseq/a2/a17e5458e8cf7b	   26184	     178	application/octet-stream	746627bbae1a43b046069edc8b08ba125aaa993f
./tmp/cache/bootsnap/compile-cache-iseq/a2/c3494c05bc9c0d	    1180	       0	application/octet-stream	a4d94f4683351b2da7344159a2eaebe0cbd92d4f
./tmp/cache/bootsnap/compile-cache-iseq/a2/c6e805b5768b90	   21140	     516	application/octet-stream	191701b23492218f9ae67ad09cb265a5a5e07712
./tmp/cache/bootsnap/compile-cache-iseq/a2/ebd772be9eec15	   10316	     110	application/octet-stream	2cefde582091af6d3ab2079d8fe0ab31921d20f7
./tmp/cache/bootsnap/compile-cache-iseq/a3/18348cab94e9fa	    3544	      17	application/octet-stream	cbff1c326b84df98987cad6e2e1f6b18a2b06ac7
./tmp/cache/bootsnap/compile-cache-iseq/a3/54b9a848d2b0f4	    2908	       8	application/octet-stream	614ad9589839bdc261f8516aa3ff129cfa8d11d4
./tmp/cache/bootsnap/compile-cache-iseq/a4/03110fba4f5874	    1408	       0	application/octet-stream	cee8222db91cc44984c05236e8eebce9dd76bae8
./tmp/cache/bootsnap/compile-cache-iseq/a4/2a68298ffaeb38	    1456	       2	application/octet-stream	84fbd535828345a172f65d0a5895e44ef3ce9289
./tmp/cache/bootsnap/compile-cache-iseq/a4/391998e7fe2d9e	    1736	       0	application/octet-stream	39632a9e897f8b36d555dc942a58d55b5555d537
./tmp/cache/bootsnap/compile-cache-iseq/a4/3c9a55de5e51e3	    3304	      23	application/octet-stream	6d2175c3320f87b1d6320b55a172e341f9adeb22
./tmp/cache/bootsnap/compile-cache-iseq/a4/49915755e5e684	     948	       0	application/octet-stream	e7f47f8460e03693d88784f56c623780820326f9
./tmp/cache/bootsnap/compile-cache-iseq/a4/733610d451d1cb	   11324	     125	application/octet-stream	28558352d55494e7e4db19527cac2a16d3207eee
./tmp/cache/bootsnap/compile-cache-iseq/a4/abbc58238a5918	    4268	       5	application/octet-stream	8d68c5d83621692f784211e2efe41cb6731fcb68
./tmp/cache/bootsnap/compile-cache-iseq/a4/afc682bbc2cf18	    5592	       3	application/octet-stream	fdcaed6c3642df39fa1c29a7c1ccd7c73f27a8a2
./tmp/cache/bootsnap/compile-cache-iseq/a4/ca199b3bcb54b3	    3104	      30	application/octet-stream	8c022b0d9920d0f65e8461f80adcc311c0f832b9
./tmp/cache/bootsnap/compile-cache-iseq/a5/01d54005f62ca5	    5132	       6	application/octet-stream	7981bebc1c046772035bebc96ca6f4978df17301
./tmp/cache/bootsnap/compile-cache-iseq/a5/50eff394d6ae17	    2508	       1	application/octet-stream	d870f73f36be23b9f80079d03d9c1662c4a66ad6
./tmp/cache/bootsnap/compile-cache-iseq/a5/635e21df22c816	    2592	       1	application/octet-stream	859c7a67ab63903af41c40807aab59b4ccb7f1ce
./tmp/cache/bootsnap/compile-cache-iseq/a5/ba09f57729fd2b	    5608	      23	application/octet-stream	d223c82b741d21325fe1c87e27dab6db6776ff04
./tmp/cache/bootsnap/compile-cache-iseq/a5/eb8299e3c9368e	    6648	       9	application/octet-stream	eb7224eb5006b7eb2acad024f2f567cd93a2e90f
./tmp/cache/bootsnap/compile-cache-iseq/a6/0b52400eef5583	    3660	      20	application/octet-stream	f5693bcc0fb363d79df55f3f1555192ff15781e9
./tmp/cache/bootsnap/compile-cache-iseq/a6/0dbc68d7634f3a	    5264	       4	application/octet-stream	f61d32959942b9fc403f8b96a976c9f163384066
./tmp/cache/bootsnap/compile-cache-iseq/a6/27783c021bffdc	    2696	       6	application/octet-stream	ade9b829c9466eb6834d585300b353640890b015
./tmp/cache/bootsnap/compile-cache-iseq/a6/2d79f1a915b031	    1304	       1	application/octet-stream	a4d630107ba6ed4e92fa4dcfb643b2c1d1f1e8bf
./tmp/cache/bootsnap/compile-cache-iseq/a6/3af70e4efcac2b	    1332	       0	application/octet-stream	4387d59f97a989c2e959965bcda981443182d488
./tmp/cache/bootsnap/compile-cache-iseq/a6/3baa1f603f00ce	    1532	       0	application/octet-stream	f4759e5f0efdadbddd657283133177108aa4452b
./tmp/cache/bootsnap/compile-cache-iseq/a6/42e179721e1dae	    8128	     178	application/octet-stream	0a6f954a90785a906088d5d2f762fc2077e01cf2
./tmp/cache/bootsnap/compile-cache-iseq/a6/4bef3f0e5e8ba5	    5096	      21	application/octet-stream	16b60aeef09c4897f27469c1a0aa077f810a6988
./tmp/cache/bootsnap/compile-cache-iseq/a6/726eb4ff3b063d	   16516	     201	application/octet-stream	66e2406ac6b685978294fbfd05c38c4683d2e648
./tmp/cache/bootsnap/compile-cache-iseq/a6/772a7920492492	    6368	       4	application/octet-stream	f9f005d08cbd97f3993d88f39f9afdd785c9856a
./tmp/cache/bootsnap/compile-cache-iseq/a6/89e1d2f31a700a	    1568	       2	application/octet-stream	39597804de08ce7d73b79f31c463c8feee6c0284
./tmp/cache/bootsnap/compile-cache-iseq/a6/9b261d2705d904	    2640	      11	application/octet-stream	bfdb97f9e2ec6911de3d253b48e946b21fd9b53e
./tmp/cache/bootsnap/compile-cache-iseq/a6/a0c09f9b15795f	    3192	      23	application/octet-stream	97375635ea506678e61e05e75a86c50bb50bf705
./tmp/cache/bootsnap/compile-cache-iseq/a6/b846cb7eb8ba0e	    4992	       8	application/octet-stream	3b0c13dffad0b32ffc48611303228789c49f2833
./tmp/cache/bootsnap/compile-cache-iseq/a6/e941eb0472d864	    1772	       1	application/octet-stream	5541f68c52d123686903ce6a965724191c3c3268
./tmp/cache/bootsnap/compile-cache-iseq/a6/ed8f09c5d8c680	    1928	       3	application/octet-stream	66963e7f3693a976e7c2185f083dff58c1890dd2
./tmp/cache/bootsnap/compile-cache-iseq/a7/1908dd4bf03b87	    1124	       0	application/octet-stream	fe4dad2245559cd80316488cf5446c20161c49c1
./tmp/cache/bootsnap/compile-cache-iseq/a7/211290e07bd42e	    1032	       0	application/octet-stream	347b1f3ab1f0f5229ef479706421e1a108533a72
./tmp/cache/bootsnap/compile-cache-iseq/a7/43023896f06584	    1460	       0	application/octet-stream	4ce9503d6cd14227019a69c88b482e1c3628960b
./tmp/cache/bootsnap/compile-cache-iseq/a7/72cbc585a87309	    6848	      11	application/octet-stream	c324fb2627ed161284bcb66401ba325875bef804
./tmp/cache/bootsnap/compile-cache-iseq/a7/848ee05743dd8f	    3008	      25	application/octet-stream	2ef9de306dcefb62d589bd3ecb710387db74aea2
./tmp/cache/bootsnap/compile-cache-iseq/a7/eaf39a7c21792a	    3724	      18	application/octet-stream	dafb70a1c8c409de58df9b8b5b66e062d25c645b
./tmp/cache/bootsnap/compile-cache-iseq/a7/f21c0ce91f19bb	    2480	       2	application/octet-stream	ba3cfa2d42168fc20a3247dcd326091eff77051f
./tmp/cache/bootsnap/compile-cache-iseq/a8/7a274ebc015a39	    7788	       6	application/octet-stream	7cb44ca65328c75ccf2d9fd7f9cb98612befdd5d
./tmp/cache/bootsnap/compile-cache-iseq/a8/83dae66e579849	    1472	       0	application/octet-stream	9ed398602604b1c0e6b75c107a084f911eba07dd
./tmp/cache/bootsnap/compile-cache-iseq/a8/9ee7c19abe3079	    2908	      16	application/octet-stream	2a7c05432a83e62a5b60b881e178199691dc2559
./tmp/cache/bootsnap/compile-cache-iseq/a8/a8a775ceb2a00a	     880	       1	application/octet-stream	5201cba98c49822c1f442c888e551c100df5f1e1
./tmp/cache/bootsnap/compile-cache-iseq/a8/eafaa12c919c65	    5988	      21	application/octet-stream	b5865fdc81098c5b25078cc498a8d21007518341
./tmp/cache/bootsnap/compile-cache-iseq/a9/3097274fbf668d	    2812	       2	application/octet-stream	0100caac4362817f169a19fe6a34ee42dd8cace2
./tmp/cache/bootsnap/compile-cache-iseq/a9/36e14aa7f4cb8b	   21436	     232	application/octet-stream	2a8ce31f975d17739a6b18c51b52e40903ec1585
./tmp/cache/bootsnap/compile-cache-iseq/a9/6647938c477f88	    1520	       2	application/octet-stream	efc9eccb08ec706fcb3f44b9a3406969b236909f
./tmp/cache/bootsnap/compile-cache-iseq/a9/70236f9d6d0f29	     636	       0	application/octet-stream	69f19652622485b8643d0a01daadbc1ccd707362
./tmp/cache/bootsnap/compile-cache-iseq/a9/d479e94f5d02d4	    1548	       2	application/octet-stream	bce29c10bdc9b497e5312c6e204d11b1e50895fc
./tmp/cache/bootsnap/compile-cache-iseq/a9/d7cb576fa18654	    1740	       1	application/octet-stream	2c13dc2cd9b08a515766d2cd92c402980d40c974
./tmp/cache/bootsnap/compile-cache-iseq/a9/f9284472026c0a	    1132	       5	application/octet-stream	5f15e37d7e2119ac024759e18c65df0ba3c71621
./tmp/cache/bootsnap/compile-cache-iseq/aa/bbc504925b9ed4	    1920	       0	application/octet-stream	c25b8dda424eb0f5988a7a5c02e5a81c3dcadae6
./tmp/cache/bootsnap/compile-cache-iseq/aa/da7cf708a2d6c6	     424	       0	application/octet-stream	7e3ff242643a5477e1b4179bff800b417c30d5ce
./tmp/cache/bootsnap/compile-cache-iseq/aa/f7d2e79923ae6e	    6504	       4	application/octet-stream	187aa4798064aa83d04247a0749a972fef49dd43
./tmp/cache/bootsnap/compile-cache-iseq/aa/ffe602c119e954	    3340	      26	application/octet-stream	c068a9660d45a90770923268f93568f4f3ef17e6
./tmp/cache/bootsnap/compile-cache-iseq/ab/1d4c51c1dd4f7b	     608	       0	application/octet-stream	680f1dda6b728f516c42d21ab6244b1f330410ec
./tmp/cache/bootsnap/compile-cache-iseq/ab/519598efa28115	   34848	     915	application/octet-stream	bad51940a39336bc39f8fa32713ba7291ebb0ef4
./tmp/cache/bootsnap/compile-cache-iseq/ab/69b8aba9eb9edb	    3608	      13	application/octet-stream	e073d68c49b67d22f4213284a60c79b1f7dfd3d8
./tmp/cache/bootsnap/compile-cache-iseq/ab/760e9a6576a8f9	    1112	       0	application/octet-stream	a149b78d1756989ff117655ba266cfc55c7f6b2c
./tmp/cache/bootsnap/compile-cache-iseq/ab/a6b3a8f09b439e	    2552	       0	application/octet-stream	2fa407e22db322bc939c9b2113bf0cf31fb52891
./tmp/cache/bootsnap/compile-cache-iseq/ab/ad51c43de42a54	    8376	      39	application/octet-stream	f387c1b9b3efab2b4e2506397a459ece73950a7a
./tmp/cache/bootsnap/compile-cache-iseq/ab/cd99643c142a2a	    2056	       3	application/octet-stream	b2781989e7342294f1f931b34287ca760706d4fa
./tmp/cache/bootsnap/compile-cache-iseq/ab/ffefcdb0be9296	    3200	      28	application/octet-stream	5ab2d61605740386cb878b236f7432559980fd04
./tmp/cache/bootsnap/compile-cache-iseq/ac/22cb0e9c2bb74b	   10844	     110	application/octet-stream	ca42129ed2d09f00ec48501caa45f81a65376d78
./tmp/cache/bootsnap/compile-cache-iseq/ac/2f8a99875b9690	   21036	     761	application/octet-stream	9e11abc411dff334f8a96cf00a3dba3cc0640d41
./tmp/cache/bootsnap/compile-cache-iseq/ac/3d437a7e44251e	    4372	      11	application/octet-stream	3b7da701603ac48eb996342cc2c618e51784fe21
./tmp/cache/bootsnap/compile-cache-iseq/ac/4f7534bde35d59	    2488	       2	application/octet-stream	9b9a4c6148f92c2229bee4a00192547d792ecddf
./tmp/cache/bootsnap/compile-cache-iseq/ac/7f975a8175b4c3	    5364	       6	application/octet-stream	6fe69c6d5fa00c3f8b825253aaf58b1d70e009a0
./tmp/cache/bootsnap/compile-cache-iseq/ac/85529151660a5c	    1148	       0	application/octet-stream	b8e3cc545278ed434188429d032596fa900f3486
./tmp/cache/bootsnap/compile-cache-iseq/ac/8c7c69312f09bc	    1064	       0	application/octet-stream	6ef67dfd7b9933bf64a89e953b3e81e8a1b08d89
./tmp/cache/bootsnap/compile-cache-iseq/ac/a3f8f2f94d80d9	    2236	       0	application/octet-stream	1dfa9346ca8e730e569004c33723060918409454
./tmp/cache/bootsnap/compile-cache-iseq/ac/cdf5c3f1174548	    2352	       2	application/octet-stream	5c0512a3485df7e59425ecd7974456e46e4e2596
./tmp/cache/bootsnap/compile-cache-iseq/ad/08405029551265	    2688	       3	application/octet-stream	5ab862877a1517bfbef0841d44534ccad88a7064
./tmp/cache/bootsnap/compile-cache-iseq/ad/0ec153cc5bef41	    4176	      20	application/octet-stream	d983dbe97fcde0eb7821fe94f4693be13e55c8e1
./tmp/cache/bootsnap/compile-cache-iseq/ad/1d1be68079a383	    4404	      15	application/octet-stream	d72628136b28bf1de908b1576439c293e99008db
./tmp/cache/bootsnap/compile-cache-iseq/ad/2f1c4787dd9eaa	     828	       1	application/octet-stream	dd16b7088c69f6adb349ce73c006e5122af13b79
./tmp/cache/bootsnap/compile-cache-iseq/ad/4b96042eae11bd	    7008	       6	application/octet-stream	1f98d0932b2be8fca07af6c8a744871662740d55
./tmp/cache/bootsnap/compile-cache-iseq/ad/651b3d0889931a	    4612	      14	application/octet-stream	274d57b369d5217e9d8d7a7482fb145ee17beff3
./tmp/cache/bootsnap/compile-cache-iseq/ad/7831b3f676d174	     816	       0	application/octet-stream	c03488acb51462023f58513add197c2e3000fe4a
./tmp/cache/bootsnap/compile-cache-iseq/ad/a478deaa4fc171	    1876	       0	application/octet-stream	cc919567f8abb730dc192f6c6b1c48751eb68cbb
./tmp/cache/bootsnap/compile-cache-iseq/ad/b95854bbb875fb	    8508	      37	application/octet-stream	2f5f416d47770ec27ef3413aa27ac71b25bfad91
./tmp/cache/bootsnap/compile-cache-iseq/ae/26f69c849428e0	    4316	       9	application/octet-stream	b5029e46adb6b053a6c82267493b5a281ce4918f
./tmp/cache/bootsnap/compile-cache-iseq/ae/4fd492758b2723	     512	       0	application/octet-stream	d5c0e14d31d7343ec3ce99c290f0e150d2922d8f
./tmp/cache/bootsnap/compile-cache-iseq/ae/54a890247272f8	   15032	     154	application/octet-stream	0b838f7f2f6026b69fabb5daf3d91c93e6407cab
./tmp/cache/bootsnap/compile-cache-iseq/ae/6a8b1bd5d50ad2	    2736	       5	application/octet-stream	f1f664f6d1f28eb2b258d224a782879a2a3c01b8
./tmp/cache/bootsnap/compile-cache-iseq/ae/c9547d95471667	     724	       0	application/octet-stream	a6aa52b1882264f8562065c84a8615fde7981221
./tmp/cache/bootsnap/compile-cache-iseq/ae/e2cc751c520f90	    5124	       3	application/octet-stream	3438b32c283f6a7dc301c2ba1e2f181219c6b150
./tmp/cache/bootsnap/compile-cache-iseq/ae/f0b4af07384ec0	   20348	     188	application/octet-stream	2dd764172ec861c700f05512b3b4d6ef07b835b1
./tmp/cache/bootsnap/compile-cache-iseq/ae/f2ebc610aab8a7	    4052	      19	application/octet-stream	7a27ff17476527e6a066d512e4722ed3e6af7a31
./tmp/cache/bootsnap/compile-cache-iseq/ae/f5b15bb0d8136e	    2568	       0	application/octet-stream	386ed9299752d580c8d759aec11e15992a7b3fd8
./tmp/cache/bootsnap/compile-cache-iseq/ae/f5e0f391494861	    1044	       0	application/octet-stream	33e014054eb2c2c212607319ced63d1ccef29527
./tmp/cache/bootsnap/compile-cache-iseq/ae/f7b380b8e11147	    5548	       5	application/octet-stream	e82c44ced9e7d8d230b0e2b82faa3af7d082685d
./tmp/cache/bootsnap/compile-cache-iseq/af/08048db566829c	   10188	     154	application/octet-stream	87f070fb85613e32cb7f5a6122ecacbb5f4de18f
./tmp/cache/bootsnap/compile-cache-iseq/af/0ab166dfdb2cd2	    2440	       4	application/octet-stream	696163c37d394ed51d2cc01f2356037de380cdf7
./tmp/cache/bootsnap/compile-cache-iseq/af/0abbed7d106bbe	   98120	    1695	application/octet-stream	93f569c55b759980403172c82851bb93c785e84f
./tmp/cache/bootsnap/compile-cache-iseq/af/0c5ec9e25716b6	    2556	       2	application/octet-stream	918d6c7a73a85dad70903200c5c45bbfdf1218af
./tmp/cache/bootsnap/compile-cache-iseq/af/246af499c57ea0	    3900	      18	application/octet-stream	664449ff6069b1758bee5d32e36f1493c92fa264
./tmp/cache/bootsnap/compile-cache-iseq/af/3deac90fae1e5a	    3736	      23	application/octet-stream	09f8b663f570791b41bc89d55d1b603daef23a3f
./tmp/cache/bootsnap/compile-cache-iseq/af/408d970f5de1ed	     832	       1	application/octet-stream	21b8193601e31101f692a8a27b86700d338fbc9f
./tmp/cache/bootsnap/compile-cache-iseq/af/57bde8e819566f	    1156	       3	application/octet-stream	103dea8c4df78413cf42330141efbaf03e41ee54
./tmp/cache/bootsnap/compile-cache-iseq/af/5e70760c004de4	    1192	       0	application/octet-stream	e12a16c545865194a78178e084e4f2b948034b30
./tmp/cache/bootsnap/compile-cache-iseq/af/8410767829516e	    3668	      16	application/octet-stream	ccd231fa8568ab5efa8870bdbcc0bbbf09800b4e
./tmp/cache/bootsnap/compile-cache-iseq/af/8fcf8ea847a8eb	    6844	      26	application/octet-stream	ef239925e37929417ecd4c3ede1d3f44f1e99e9e
./tmp/cache/bootsnap/compile-cache-iseq/af/a5654fef41a2a7	   10984	     131	application/octet-stream	4c2446de996b4a714eb963a309fde5bb948c7003
./tmp/cache/bootsnap/compile-cache-iseq/af/c209d11d8ee717	    4588	       4	application/octet-stream	7268d95cdd549286712fd05388d6b5ea34ae6cdf
./tmp/cache/bootsnap/compile-cache-iseq/af/e975a70a4097d4	    2060	       2	application/octet-stream	e452403b9756d4fca83de6c6b9e7cc732bd7df2f
./tmp/cache/bootsnap/compile-cache-iseq/b0/2d5929ebe9c3d5	     832	       0	application/octet-stream	423bb3e8d3f262a73a3757993e91f561961a5512
./tmp/cache/bootsnap/compile-cache-iseq/b0/335424b090fe15	    3996	       9	application/octet-stream	33b24aa99009e8cbbfb818944137bf95efec9ba1
./tmp/cache/bootsnap/compile-cache-iseq/b0/3a448475a4ddaf	    3756	      18	application/octet-stream	c9a84fc515645cba78f99cf8e31d8a758cea1de7
./tmp/cache/bootsnap/compile-cache-iseq/b0/408e7c317658ea	    2848	       4	application/octet-stream	f1b2d403af3d6213a3409979ebfbd744f8401ea1
./tmp/cache/bootsnap/compile-cache-iseq/b0/48ecf12a9d5a62	    7220	      33	application/octet-stream	64313956ee3f894c6168bedfa9a65daa8941f804
./tmp/cache/bootsnap/compile-cache-iseq/b0/9210bda5f170f8	    2160	       4	application/octet-stream	e6e3fef4e1e587bdea21b0e1618b0052166ed74d
./tmp/cache/bootsnap/compile-cache-iseq/b0/92542d06070b16	     472	       0	application/octet-stream	e630c2acfd7bec29cd3a915514c83477d5105659
./tmp/cache/bootsnap/compile-cache-iseq/b0/92b9caee45d3d7	    2256	       2	application/octet-stream	0cbbc029fd6c259b7e6645362ce0d20c39495bf7
./tmp/cache/bootsnap/compile-cache-iseq/b0/ab32eeeda683c7	    4940	       2	application/octet-stream	9eb1f02f22f50a1ce03a48335782cfea8839131f
./tmp/cache/bootsnap/compile-cache-iseq/b0/b3624b0df5c7a2	    3984	      11	application/octet-stream	81c65e70d63883371b45a2d40b8287701fd605c8
./tmp/cache/bootsnap/compile-cache-iseq/b0/bc16fb20d61edc	    7040	      35	application/octet-stream	249333f232d10e95ef03f233810b99410332d00a
./tmp/cache/bootsnap/compile-cache-iseq/b0/c15f75ee532ea6	    1152	       0	application/octet-stream	66b473cbdd5d24b897d972156300473fa75deefd
./tmp/cache/bootsnap/compile-cache-iseq/b0/cfeaa40e3e44d1	    8976	      19	application/octet-stream	65635739ae868f617bd8605c8aa1ab919cd11332
./tmp/cache/bootsnap/compile-cache-iseq/b0/d11cbac5dde676	    1944	       0	application/octet-stream	69a09b92e163cce48e54818e48fcedffe2803d88
./tmp/cache/bootsnap/compile-cache-iseq/b0/e4642ceeebfac1	    4276	       8	application/octet-stream	4546b9de33c555781509ac2bcb0ac32b10d6109d
./tmp/cache/bootsnap/compile-cache-iseq/b1/22015b47769772	    5684	       6	application/octet-stream	567063e4b0e6fbd7ffc8dfd3558a2196646d05ea
./tmp/cache/bootsnap/compile-cache-iseq/b1/24d04af35de285	   28748	     968	application/octet-stream	0e6a770fb28e676219a716ff3366a3e28f30d70c
./tmp/cache/bootsnap/compile-cache-iseq/b1/26f33dcd3ba49b	    3364	      32	application/octet-stream	0163cfb7046e2f6cab76857dcbbe8a42d7b6f530
./tmp/cache/bootsnap/compile-cache-iseq/b1/3f7a7fa1a709fb	    7688	      18	application/octet-stream	80cfd21b97619330ef276195add0a8effee308b1
./tmp/cache/bootsnap/compile-cache-iseq/b1/4c9aa72c646e49	    4844	       9	application/octet-stream	aede124f6de23152c5fe7f380561fa90c19cca2c
./tmp/cache/bootsnap/compile-cache-iseq/b1/513178bb46fc09	     768	       1	application/octet-stream	e198132c8ba77056b03bffdcb8906dcbf4d5402f
./tmp/cache/bootsnap/compile-cache-iseq/b1/745fab683c7289	    3596	      27	application/octet-stream	c5fdeba3727a5ddddaa8bc6a31697b48c18f3d6b
./tmp/cache/bootsnap/compile-cache-iseq/b1/94006ed2beb593	    1156	       0	application/octet-stream	2361c539db7aab2099907c490b50b3549c8966b2
./tmp/cache/bootsnap/compile-cache-iseq/b1/9cd0bf6548b46d	    7456	      15	application/octet-stream	4c39b37eaf6ffa900c7179ad4bee931e19337b81
./tmp/cache/bootsnap/compile-cache-iseq/b1/a13d113c8116fc	    2324	       2	application/octet-stream	c200364ee9162adc66ca8eef53b1f8a2024f68c9
./tmp/cache/bootsnap/compile-cache-iseq/b1/b276f29bbb1708	   16260	     385	application/octet-stream	6f8852bc516c9b3e7bc35eeb69778e7c52704957
./tmp/cache/bootsnap/compile-cache-iseq/b1/c9d58ac91e4298	    9212	      30	application/octet-stream	f5338946fa8453738dafc230c3770c472443b809
./tmp/cache/bootsnap/compile-cache-iseq/b1/d5a72e81e6fbf2	    4064	      23	application/octet-stream	c36007dce74aa2ba1aa6c8f5d131334c9488f47a
./tmp/cache/bootsnap/compile-cache-iseq/b1/df3630c5f7b771	    1768	       4	application/octet-stream	509a78f5cb5c04d083d164c738521daff5bc6179
./tmp/cache/bootsnap/compile-cache-iseq/b2/10fac030b79633	     344	       0	application/octet-stream	78c5b1256c79f1d315677d11dc2a6edd7bff6245
./tmp/cache/bootsnap/compile-cache-iseq/b2/5dfaf8fb91a6d1	     884	       1	application/octet-stream	b50b34ff83bcd458e7311a21c3373049fcefa0f6
./tmp/cache/bootsnap/compile-cache-iseq/b2/6aa7b6f131abb1	   10040	     147	application/octet-stream	f6b8fbd0a738f842c6f3f6ec9ea0753fb4bd148c
./tmp/cache/bootsnap/compile-cache-iseq/b2/875989a0a9efe3	    2052	       4	application/octet-stream	7e5821ab5e645977012b7ca46b08bf36c2cc6ee4
./tmp/cache/bootsnap/compile-cache-iseq/b2/8aec31c7b3079a	    6244	      22	application/octet-stream	666eeb339aa81c68543ef14708b648b06713efba
./tmp/cache/bootsnap/compile-cache-iseq/b2/8f7e48de8caaaf	     668	       0	application/octet-stream	2b2c26f3d5a47d41325adc39f639bb7226f583b6
./tmp/cache/bootsnap/compile-cache-iseq/b2/a5a6305b159ed8	    2096	       1	application/octet-stream	01186c90559407aa371bb59995e9dc1cf3510e88
./tmp/cache/bootsnap/compile-cache-iseq/b2/a7bf2602223df1	    2516	       4	application/octet-stream	8eeab25ac0a3ee88f9d782a4813e67ed917ad138
./tmp/cache/bootsnap/compile-cache-iseq/b2/c9983e96fbde22	    9008	      12	application/octet-stream	07fc3433c1bde3b2e9efab9876f9c1d568b6a011
./tmp/cache/bootsnap/compile-cache-iseq/b2/fee1196355c5c3	    2604	       3	application/octet-stream	b5f2a59ffe76207dfe44a0ee7149fd6df290d1e6
./tmp/cache/bootsnap/compile-cache-iseq/b3/0b38a3d2b95f78	    2312	       1	application/octet-stream	f999bf7659b354ed63c007d6cc5d42b2bc0454c1
./tmp/cache/bootsnap/compile-cache-iseq/b3/1dbda175cee109	    1996	       0	application/octet-stream	8adec9c170d0c187db788f0166b3280785fdccf6
./tmp/cache/bootsnap/compile-cache-iseq/b3/62de998092e1ca	   31368	     769	application/octet-stream	5c10070811b9752c86a671446a3b4573b9bb5399
./tmp/cache/bootsnap/compile-cache-iseq/b3/7e1ea49bd6ade8	   32660	    1140	application/octet-stream	5f72dd29d4e0f24166d4d1663de001243b1e340c
./tmp/cache/bootsnap/compile-cache-iseq/b3/9924d59ab1c202	    7008	       5	application/octet-stream	778f6f8f256e006fce476873eca6432ab685e538
./tmp/cache/bootsnap/compile-cache-iseq/b3/9e297ad653ef96	    9260	      16	application/octet-stream	30c9d0642629e22482fbb98569827ce7b12e58d3
./tmp/cache/bootsnap/compile-cache-iseq/b3/b9c7831a8e088b	     732	       0	application/octet-stream	5567d9b0949f7422023722c5b0fe5e0dcc370e2d
./tmp/cache/bootsnap/compile-cache-iseq/b3/c6c12525471c0a	     944	       1	application/octet-stream	598c4e0aaebbcab46ace7a5ebab1dd3e8d1fc0ee
./tmp/cache/bootsnap/compile-cache-iseq/b3/dbacc21c68f318	     536	       0	application/octet-stream	478ec83f93f5fd6abdb41886dc5bbaba4830f0db
./tmp/cache/bootsnap/compile-cache-iseq/b3/e4ede2b476c791	   12992	     195	application/octet-stream	dae3e9cdfb739c5e81dfde10db3d22b3cb8f59b9
./tmp/cache/bootsnap/compile-cache-iseq/b3/f1f3f09dab7491	    6080	      11	application/octet-stream	7054695fb164d8617cee9271809d7fd94bd00ded
./tmp/cache/bootsnap/compile-cache-iseq/b4/1235417e034e7a	    9608	     157	application/octet-stream	deb8b41fd03c555702b5b566337b159a9a8e79e7
./tmp/cache/bootsnap/compile-cache-iseq/b4/18506e6b77aad5	    2952	       9	application/octet-stream	bcb4b63009dd416c234a0bafb300f462523534e5
./tmp/cache/bootsnap/compile-cache-iseq/b4/20750f8b5decd3	     836	       0	application/octet-stream	ff00be592afbd5375322156632e80526f5bc6b40
./tmp/cache/bootsnap/compile-cache-iseq/b4/5bad467b0eaf04	   10072	     199	application/octet-stream	287c7e9c8b5ca784e00d18b8585ef7d2aed5e444
./tmp/cache/bootsnap/compile-cache-iseq/b4/6d2b312b8f4edc	     544	       0	application/octet-stream	b020c13a57360423cdf6dc739c4c08c2e8f552bb
./tmp/cache/bootsnap/compile-cache-iseq/b4/72217b5cc1ee6c	    3160	      30	application/octet-stream	d6327a67f38cd158708aea1634aa466dfb9a19e3
./tmp/cache/bootsnap/compile-cache-iseq/b4/9277ffd6508f5b	    2152	       4	application/octet-stream	0452619a2d22dee947ff1e8ff208baf79af5656d
./tmp/cache/bootsnap/compile-cache-iseq/b4/9c3c234c94c0b9	    1192	       0	application/octet-stream	37c574cf8ac9fa26f128f8add63dc0782f3c1a92
./tmp/cache/bootsnap/compile-cache-iseq/b4/ba75c37cc8082e	    2900	       6	application/octet-stream	dab9afd99de320fd89da123216e559a62acf5130
./tmp/cache/bootsnap/compile-cache-iseq/b4/f3aa779d408519	    5252	      16	application/octet-stream	d17c57b60b6ab4d9c018f7148e661d296688a60d
./tmp/cache/bootsnap/compile-cache-iseq/b5/0c71347686dea5	     704	       0	application/octet-stream	d64d3fb960f0c35f9e005e6d8d05eb8173831250
./tmp/cache/bootsnap/compile-cache-iseq/b5/36220411fa77e5	     564	       0	application/octet-stream	9bb915929c9d7c594ec36955fb9656f832b4c34e
./tmp/cache/bootsnap/compile-cache-iseq/b5/6631039f1cb53a	    8916	      13	application/octet-stream	aa979a6fc947de5199f37a8e3e77a5a7c0982cdc
./tmp/cache/bootsnap/compile-cache-iseq/b5/a4eaf3d583dec2	    6512	       4	application/octet-stream	1e26974bc47fe29fae80d3a0cf010be15f378360
./tmp/cache/bootsnap/compile-cache-iseq/b5/c3fa6733bf7080	    2976	       7	application/octet-stream	121de56981bdd6c5e1db4d33848a3b7858eab875
./tmp/cache/bootsnap/compile-cache-iseq/b5/ede21fd401aa27	    6716	      23	application/octet-stream	f4f2b4a2d615eca8f80a5f747540b0ae62c1e373
./tmp/cache/bootsnap/compile-cache-iseq/b5/f1310d5cf0cb66	     436	       0	application/octet-stream	e8982231013d6052546dc7ec5e2c2bbedc3b1673
./tmp/cache/bootsnap/compile-cache-iseq/b6/23c6f3c2ff88d2	    1332	       0	application/octet-stream	2205f4a3057caa42f68b408da05ea45b6db0880a
./tmp/cache/bootsnap/compile-cache-iseq/b6/35067a322734e1	     704	       0	application/octet-stream	fecab5442f9075bf04acaf3b59f6e4db55bc0f80
./tmp/cache/bootsnap/compile-cache-iseq/b6/4c9ca691e5aa30	    3844	      23	application/octet-stream	c635f907679c5de8480b8df0b0d36bec3cb7eae6
./tmp/cache/bootsnap/compile-cache-iseq/b6/5de5895cef52dd	    3908	      24	application/octet-stream	428d21123b376ad906c267ed4a27832f974d5196
./tmp/cache/bootsnap/compile-cache-iseq/b6/69204eb84179d4	     496	       0	application/octet-stream	42d8cf29196c1d0e8c49deed27bde71b26d1fdf1
./tmp/cache/bootsnap/compile-cache-iseq/b6/70055a194af63e	    8524	      20	application/octet-stream	cf0924c7527a952f90c3169944cef6364ee13cb3
./tmp/cache/bootsnap/compile-cache-iseq/b6/837968e68f5682	    1604	       1	application/octet-stream	f3620d67364fa351da62065656c3afe11fe4e62c
./tmp/cache/bootsnap/compile-cache-iseq/b6/911fa36f8d0476	    3644	      31	application/octet-stream	c96cff740c08fe8d051dba7f64fa97c79624f536
./tmp/cache/bootsnap/compile-cache-iseq/b7/09ac12dc6cf3a0	    1236	       0	application/octet-stream	83b710f273e7d684c05145a0cd933057370c0c11
./tmp/cache/bootsnap/compile-cache-iseq/b7/0b0066088e4798	    1388	       1	application/octet-stream	b735c5070594bbf2c54ea534cb395a3dfff48a15
./tmp/cache/bootsnap/compile-cache-iseq/b7/10ceddaeaf622e	    2588	       2	application/octet-stream	38843d51483453d4480f9c4b8b9d83d5c56ed767
./tmp/cache/bootsnap/compile-cache-iseq/b7/1d08696db4f58c	    1584	       5	application/octet-stream	7330d2f03cf2ad9809d2b8a63bd1b82c966cdb5c
./tmp/cache/bootsnap/compile-cache-iseq/b7/1dc742fbe7b39e	    1212	       0	application/octet-stream	fc6a4edcf2b3ee385147f96bfb1e7c1e84396687
./tmp/cache/bootsnap/compile-cache-iseq/b7/275995903f7ae6	   12328	     181	application/octet-stream	abb2615a6c990e269e5ce7faf36ba86ec8617ad4
./tmp/cache/bootsnap/compile-cache-iseq/b7/3087bcdbd6df89	    2884	      10	application/octet-stream	e5144dca0b929cc0a3d89b8750106fca5c95db9a
./tmp/cache/bootsnap/compile-cache-iseq/b7/3dfc854c79921b	    4676	       7	application/octet-stream	b5c471531910af8424374258c46456e13d3bf067
./tmp/cache/bootsnap/compile-cache-iseq/b7/676cb4e56752e8	    2600	       4	application/octet-stream	48d7dbe14868cd63364c4a5cb0d247fe3206a8f4
./tmp/cache/bootsnap/compile-cache-iseq/b7/acaa5711e91a29	    3700	      20	application/octet-stream	93d50a70d3e7c99e2ca339c4e4280ec2121d7cfc
./tmp/cache/bootsnap/compile-cache-iseq/b7/e18809eee0c5d3	    4836	       8	application/octet-stream	c61e2be7505d3d57ed63f25f08c58d7c58574f5d
./tmp/cache/bootsnap/compile-cache-iseq/b8/0143537fb9d2d0	    2228	       1	application/octet-stream	724dcb40991a4a0b70d267ffca01d0e76ec592d3
./tmp/cache/bootsnap/compile-cache-iseq/b8/0963d9cda0ee9d	    1264	       0	application/octet-stream	2e0c39c36d0c15ddec71e29f31a92e670c939fb9
./tmp/cache/bootsnap/compile-cache-iseq/b8/0d1b3c342030da	    2316	       2	application/octet-stream	2e1fabd21d5d6d96dc0f2209a95a8d834a300e75
./tmp/cache/bootsnap/compile-cache-iseq/b8/1cccb6047cc812	    3652	      16	application/octet-stream	15d16d79cacd51e29121127adaf75a27c5b6e339
./tmp/cache/bootsnap/compile-cache-iseq/b8/1f195f1d6f9c8b	    2072	       2	application/octet-stream	5e163ae51b866a78c4e3f7da51d91c68686292b3
./tmp/cache/bootsnap/compile-cache-iseq/b8/5d51680ddfbc38	    2484	       4	application/octet-stream	af3b41547ce2079420f81508813123ece5666c9e
./tmp/cache/bootsnap/compile-cache-iseq/b8/88aa72c524ccaf	    1260	       0	application/octet-stream	fd4967555f2266e11bccfcc502137f14454f414c
./tmp/cache/bootsnap/compile-cache-iseq/b8/99e38bec2a0650	    1356	       0	application/octet-stream	a160672a6b34194fd7030069c0cea800c432abe0
./tmp/cache/bootsnap/compile-cache-iseq/b8/bdc9c44144f8b4	    3056	      13	application/octet-stream	715e81d32b9fe2624d8fe6b2ffd90854a58bceee
./tmp/cache/bootsnap/compile-cache-iseq/b8/e897b6b14ccc1e	     996	       0	application/octet-stream	eb91fd1f3be2191a0dace5516cbb169e382c62a7
./tmp/cache/bootsnap/compile-cache-iseq/b8/eea8cda7933438	   12320	     159	application/octet-stream	922e168e3e0314e61f99dd113dcb798bd7c775c0
./tmp/cache/bootsnap/compile-cache-iseq/b8/fb265edf52a6f8	   18712	     578	application/octet-stream	b37bcf2eceab0686e447f26d92b3e5626f77783e
./tmp/cache/bootsnap/compile-cache-iseq/b9/1a54200f278178	    5696	       7	application/octet-stream	9d2c618f299ab635c4ecf9c410a2655ae8943ae4
./tmp/cache/bootsnap/compile-cache-iseq/b9/2bdc9e12d07ea0	    1096	       2	application/octet-stream	c02cff52cf53d72e2252f7d035e34651d8aa4814
./tmp/cache/bootsnap/compile-cache-iseq/b9/4bf74d53da7f32	     380	       0	application/octet-stream	c0319e731a5826cd387f0f9aa3ea1deb58e18cf7
./tmp/cache/bootsnap/compile-cache-iseq/b9/82983dd7ee17a3	    9204	      78	application/octet-stream	8b78c64129ac7d32caa3dc29f6f5b19269d0ecab
./tmp/cache/bootsnap/compile-cache-iseq/b9/aa2326edf2afd9	    3268	      27	application/octet-stream	00a35dff8da9a62e15f4a0744524a92ac6622e42
./tmp/cache/bootsnap/compile-cache-iseq/b9/e0e9789b664825	    1612	       2	application/octet-stream	2ac725bba91585fe137892139d2bd5849bce6bb5
./tmp/cache/bootsnap/compile-cache-iseq/b9/e672b484c68db5	    3960	      15	application/octet-stream	cea7591b2a94b206f5a71a9f6842daeb6fdb7553
./tmp/cache/bootsnap/compile-cache-iseq/b9/e92652bbc44a17	    8400	      13	application/octet-stream	6e5f46aa571c73e8d51a3a5d2b95bc17720df60d
./tmp/cache/bootsnap/compile-cache-iseq/b9/fa5ed889d9dc5c	    2612	       6	application/octet-stream	42862eb0c40541d22b10829abae49cff9cff7315
./tmp/cache/bootsnap/compile-cache-iseq/ba/0135471df6fb0d	    2440	       0	application/octet-stream	8215a256d2c5fb3c106ce620159b2722568282fa
./tmp/cache/bootsnap/compile-cache-iseq/ba/1f7b54c4210c3d	    5140	       5	application/octet-stream	2fc66f1f8830aa903194f2f45f1326b32f8ef5df
./tmp/cache/bootsnap/compile-cache-iseq/ba/598050dbfb858a	    1400	       1	application/octet-stream	3d04e5ca5c3c9550f3294024f95f05033c3936a6
./tmp/cache/bootsnap/compile-cache-iseq/ba/627d65d9fd70dd	   16680	     212	application/octet-stream	1dd3d5395325f80cc67637da61ada1d884d0dfc1
./tmp/cache/bootsnap/compile-cache-iseq/ba/a22e6c12578664	    7780	      31	application/octet-stream	0d8b834341349519b49f920a5ec2be5db0b51c68
./tmp/cache/bootsnap/compile-cache-iseq/ba/b5c71d1b50e377	    2508	       2	application/octet-stream	440301b8544a8deb3044984808b80bc6dc34e663
./tmp/cache/bootsnap/compile-cache-iseq/ba/c393306f6b0315	    2188	       1	application/octet-stream	3395b9efb194184b899a92d5d7c21cf660210c0c
./tmp/cache/bootsnap/compile-cache-iseq/ba/d71f41e54ccc9c	    5472	      12	application/octet-stream	5a75254b90da048209b777d5bf7174333091cd5e
./tmp/cache/bootsnap/compile-cache-iseq/ba/d9bb766e50940c	    1832	       2	application/octet-stream	1c0fedf48d65888f0cec12004e6d32f83cabb5c7
./tmp/cache/bootsnap/compile-cache-iseq/ba/e4b10065ca0115	    2376	       1	application/octet-stream	767440dd34b496adddbda8af448c9853bc98488d
./tmp/cache/bootsnap/compile-cache-iseq/bb/2ab7daf674d1ac	    3516	      21	application/octet-stream	530935c6a048c18c7a2f5d98a71007d811e17eb0
./tmp/cache/bootsnap/compile-cache-iseq/bb/3cc9242cc45c57	    2172	       4	application/octet-stream	7af07d2b30db23d374d563526041c111a2a014d3
./tmp/cache/bootsnap/compile-cache-iseq/bb/452746c314f33a	    1860	       3	application/octet-stream	b0fe94c8409aa735d2ee73da53b70f6f73c3e198
./tmp/cache/bootsnap/compile-cache-iseq/bb/4ec308d4e1600f	    2704	       6	application/octet-stream	b8d2a0442160c29d9847b3783a803b1422b70805
./tmp/cache/bootsnap/compile-cache-iseq/bb/592d7990ef9673	    4696	      38	application/octet-stream	ea1528122747f287d2d40235e67e3c7ba85d9609
./tmp/cache/bootsnap/compile-cache-iseq/bb/5ba144bb18aa38	    5332	       6	application/octet-stream	a0fb1275312d5de237811cbe3b995e06a814a4b6
./tmp/cache/bootsnap/compile-cache-iseq/bb/ba63f672409389	    1868	       0	application/octet-stream	c8d29cec50e4525dd939d4e136f066489b93a9c1
./tmp/cache/bootsnap/compile-cache-iseq/bb/d5a140106c690a	    7920	      13	application/octet-stream	88044027571b649e82142c53c9065af391d19a3d
./tmp/cache/bootsnap/compile-cache-iseq/bc/14eda910cb5c8f	    7680	       8	application/octet-stream	b7bf3c6395cbb6dd28e69ede88309e559a859aac
./tmp/cache/bootsnap/compile-cache-iseq/bc/18c5fcebfa06e0	    3520	      19	application/octet-stream	837172ccbf754a41d3955da8c4074354f7b92f0a
./tmp/cache/bootsnap/compile-cache-iseq/bc/1fecc7c85d7c8c	     640	       0	application/octet-stream	3231dcc99e7058437809eddffd39e2abf5951b3a
./tmp/cache/bootsnap/compile-cache-iseq/bc/2c05bc6d6cfa7b	    1436	       1	application/octet-stream	d15661a4aea40e06e04e2ea24eb02afd2ea811eb
./tmp/cache/bootsnap/compile-cache-iseq/bc/3716c65eb1c044	    4532	       3	application/octet-stream	dff8e865dafe34aa3c7cf8340c6995ace42d8b41
./tmp/cache/bootsnap/compile-cache-iseq/bc/3f18d9720e88f6	    1552	       0	application/octet-stream	70080f76fb8ae9227f164c55e8d5a6e19166912e
./tmp/cache/bootsnap/compile-cache-iseq/bc/757b9750089934	    3012	      15	application/octet-stream	e23a8c8b857abeee8ea841f3e8c1c8aefb7054c0
./tmp/cache/bootsnap/compile-cache-iseq/bc/8f5670d016da40	    4596	      46	application/octet-stream	c619b005479ffb5ac253ef7730b9bb15933563a2
./tmp/cache/bootsnap/compile-cache-iseq/bc/a45bfa85a64bc2	    1880	       1	application/octet-stream	6d0ba494a73691ba52813fa6c63be6abbdf545db
./tmp/cache/bootsnap/compile-cache-iseq/bc/b795669102889c	    3404	      25	application/octet-stream	4ea8045a67207704de84740da4b2ff3f545c68ab
./tmp/cache/bootsnap/compile-cache-iseq/bc/b7da36eb16bcac	    1756	       0	application/octet-stream	40954cfdd32403a2dee3ebdbb3c271763394298d
./tmp/cache/bootsnap/compile-cache-iseq/bc/b8d0511999ca7e	    8168	      68	application/octet-stream	2c1b2e95c321a45447f29899e80479da5cf3ce90
./tmp/cache/bootsnap/compile-cache-iseq/bc/bbee8bc5772f48	    1464	       0	application/octet-stream	c879ed6f644c800a44ccba2a19425223b3d79bb1
./tmp/cache/bootsnap/compile-cache-iseq/bc/c347840b657c87	    1900	       0	application/octet-stream	09b3ddc202ef86b4ca68f53ff747a85b68d610b4
./tmp/cache/bootsnap/compile-cache-iseq/bc/ddf432d7407be1	    7632	      30	application/octet-stream	38c02c6b796aadf385b0a83602df23bff07f14cd
./tmp/cache/bootsnap/compile-cache-iseq/bc/dedc869a748089	    6448	      13	application/octet-stream	3d4f42714cc0d27199cf2e83fb3d73b656732484
./tmp/cache/bootsnap/compile-cache-iseq/bc/ec7af3e928eb69	    1028	       0	application/octet-stream	f836359ac6a0a2cc7ea2e37176833b360cbe4d1c
./tmp/cache/bootsnap/compile-cache-iseq/bd/0302c1fee2e9f9	    3560	      21	application/octet-stream	a5ebf9401309add2e8a65dd8a23cf91b6f0066f2
./tmp/cache/bootsnap/compile-cache-iseq/bd/1060774eb68847	     452	       0	application/octet-stream	42779223183d3cf5d39c04eebc253bc7611c26ce
./tmp/cache/bootsnap/compile-cache-iseq/bd/20d565e2398273	    2880	       7	application/octet-stream	0c401ff1b87af183c75a4afda0646adf6aad7fd7
./tmp/cache/bootsnap/compile-cache-iseq/bd/569465966365fc	    2088	       1	application/octet-stream	ab38ecf0f8be5db6e74a350a5936bd8b0cc9cece
./tmp/cache/bootsnap/compile-cache-iseq/bd/5db4508a265e3f	   36464	     715	application/octet-stream	49d373e6feb10828d73cd6a09ff3497ab05f9b90
./tmp/cache/bootsnap/compile-cache-iseq/bd/5e061b35157592	    6588	      12	application/octet-stream	23c142777dc481485545e702e1c2c7d427e43bc0
./tmp/cache/bootsnap/compile-cache-iseq/bd/64ff9bf2313a35	    1076	       1	application/octet-stream	063d087b4e28628ce4ed0d3ef1e751027194cf5e
./tmp/cache/bootsnap/compile-cache-iseq/bd/784d8420968c08	    3232	      21	application/octet-stream	36fc6ac40a97e86f6f229bbb9f421d72300c45ab
./tmp/cache/bootsnap/compile-cache-iseq/bd/7cf8d35088dcce	    3964	      16	application/octet-stream	44357127ac01c6a024b3166d60b7634a90396745
./tmp/cache/bootsnap/compile-cache-iseq/bd/863fe28872d1c1	    6036	       4	application/octet-stream	c68a8c106a6156abc5114a9a60a4dfd80aa2f4ce
./tmp/cache/bootsnap/compile-cache-iseq/bd/a7965e7e6cae5c	    8860	      57	application/octet-stream	6ba42a2e0ba9e189c9c90c2f77da30f38d056b08
./tmp/cache/bootsnap/compile-cache-iseq/bd/a92aad0f4baa28	    1464	       1	application/octet-stream	0ae227d6121db7c5fd1395d4d52b536de07edd87
./tmp/cache/bootsnap/compile-cache-iseq/bd/cecb68795ce1b4	    1084	       2	application/octet-stream	b3915aa31c15e701ee00a8ab5f989c8b76af4bf4
./tmp/cache/bootsnap/compile-cache-iseq/bd/d0c113606fc9d3	     980	       0	application/octet-stream	968d777133b8a518314f83837a296b27dfefa516
./tmp/cache/bootsnap/compile-cache-iseq/bd/d57d53f3feb130	     848	       1	application/octet-stream	09eae8fc3a38cbf32495301d6af428b0d75b69f4
./tmp/cache/bootsnap/compile-cache-iseq/bd/dc36c21ff343c2	    2616	       8	application/octet-stream	004171ce175c4fc715ad53fc59121b8c5b7da6dd
./tmp/cache/bootsnap/compile-cache-iseq/bd/e2e8bf80db6d40	    5492	       6	application/octet-stream	65e16d860614df6d4835d4b359010fb093954748
./tmp/cache/bootsnap/compile-cache-iseq/bd/ebb7db4c452eaa	   19624	     295	application/octet-stream	3de6987ea950036054f979bf3d6d74bee1605870
./tmp/cache/bootsnap/compile-cache-iseq/bd/ed320d6ac9f402	    3580	      24	application/octet-stream	165ec7ef821f8d77a93fb577eb593e874fc20413
./tmp/cache/bootsnap/compile-cache-iseq/be/222ea25210fb65	     852	       0	application/octet-stream	16d4079ac2852f26ac76eb60fbac55171bb8feaa
./tmp/cache/bootsnap/compile-cache-iseq/be/4e47a1bd132c68	    1840	       0	application/octet-stream	4cfc1a56ebf38d5aff1959658c0ee1b1576ff21e
./tmp/cache/bootsnap/compile-cache-iseq/be/d5791eaace3c29	    1240	       0	application/octet-stream	c8c71d111596baf8270e9da9ccd29df3b01aee3d
./tmp/cache/bootsnap/compile-cache-iseq/be/de82f93a1bbc9b	    4720	       3	application/octet-stream	1a26c1c01b25cd766e4ebe3da0c9b0034a8fba54
./tmp/cache/bootsnap/compile-cache-iseq/bf/069c365f5d2fbf	    6720	      10	application/octet-stream	f3bd720ba5d5bab64f6b9fd000933be5bdbeff80
./tmp/cache/bootsnap/compile-cache-iseq/bf/0fa44f5a936bb8	    5312	       6	application/octet-stream	743030aeeb35d702eacc356fb6f72357c054bcb6
./tmp/cache/bootsnap/compile-cache-iseq/bf/173503297eb4cc	    5608	       9	application/octet-stream	852e430eef8cbccb581f25b8e32763adb4fbe3d7
./tmp/cache/bootsnap/compile-cache-iseq/bf/192f45c59e60e8	   20880	     215	application/octet-stream	6771b9d580408b42a45de4ffc919142a02990279
./tmp/cache/bootsnap/compile-cache-iseq/bf/229268a42917ae	    4492	       9	application/octet-stream	5851c0fd38267f035b1c176bee23fd9483c187dc
./tmp/cache/bootsnap/compile-cache-iseq/bf/2bb21942510069	     804	       1	application/octet-stream	112d5b5921d5094c20f73a84350adace4cc57c93
./tmp/cache/bootsnap/compile-cache-iseq/bf/4053f089837c54	    6184	      17	application/octet-stream	9e955adb8e62dc4b98b1b5e15d89d04398faa53d
./tmp/cache/bootsnap/compile-cache-iseq/bf/4f14c7910d977b	    4800	      29	application/octet-stream	ff6556666f6f0fd510cb284dab85e4891317f1f8
./tmp/cache/bootsnap/compile-cache-iseq/bf/6509ecf8c1ff3c	   44592	    1339	application/octet-stream	8b381a597492d5feeb7c272b15e7239673b6fe58
./tmp/cache/bootsnap/compile-cache-iseq/bf/7b02e0ad2c4d85	    4024	      16	application/octet-stream	69afb78729e99aed429fe2c9b270c7fb36c6d8dc
./tmp/cache/bootsnap/compile-cache-iseq/bf/93e542bb87d665	    1660	       0	application/octet-stream	817380756703768d96cd847e0e41e3ca2dad5e10
./tmp/cache/bootsnap/compile-cache-iseq/bf/b4693e5a55ca89	   32872	     823	application/octet-stream	5e12f54dc04a35e8504e9cadf15babd9f68460e7
./tmp/cache/bootsnap/compile-cache-iseq/bf/b70c604fbd03a2	    9432	      39	application/octet-stream	df4475a543db87eeb2c9278af7c51a1d4bb24fae
./tmp/cache/bootsnap/compile-cache-iseq/bf/b7f49df9635848	    2008	       4	application/octet-stream	e2b9ac087fa27e86c3bb85f3fcfa85077794eab2
./tmp/cache/bootsnap/compile-cache-iseq/bf/bec2dab357e4da	     684	       0	application/octet-stream	4a71d6c5852d4a8b0bdb0fe64275028c850d4f46
./tmp/cache/bootsnap/compile-cache-iseq/bf/cf3b369b961438	    1864	       3	application/octet-stream	47daad7a4d0d1adfe5b246bcc1ba307c75a0f815
./tmp/cache/bootsnap/compile-cache-iseq/bf/d12037b8ec2536	    1952	       2	application/octet-stream	81eaba61c8c30e155e3001614f993bbc6b20e7a7
./tmp/cache/bootsnap/compile-cache-iseq/bf/dfc2066aef459d	    1708	       0	application/octet-stream	7aed1fa5b9e9c3c227c55cb24aadbb8f829569b8
./tmp/cache/bootsnap/compile-cache-iseq/bf/e10f6617dddf84	    2436	       3	application/octet-stream	d653c1882853df9294bb08adbc0f8931285bdc87
./tmp/cache/bootsnap/compile-cache-iseq/bf/f9c1baea9b70ba	    1284	       0	application/octet-stream	a63cdf348bc6e36cc2b6bd7ffedd908ac6455083
./tmp/cache/bootsnap/compile-cache-iseq/c0/2f5dfd9bea5b10	    2304	       1	application/octet-stream	cc50e030b1f67b6608e80f5136a417fe83d70b6d
./tmp/cache/bootsnap/compile-cache-iseq/c0/3210f4403b9743	    3656	      22	application/octet-stream	861765dc73e6bc26e04f3156d60aec18de9397fb
./tmp/cache/bootsnap/compile-cache-iseq/c0/33b490e6ea02f8	    4288	       7	application/octet-stream	5d2baf010270ed7d827cf7fd78434ba28522463f
./tmp/cache/bootsnap/compile-cache-iseq/c0/466fabdc1efa03	     736	       0	application/octet-stream	56cb712f3ce4c2c5495926e868339150674e56b9
./tmp/cache/bootsnap/compile-cache-iseq/c0/56967ade62f93a	    1108	       1	application/octet-stream	d68ccaca44f831b99c5699f1d98e434305d2899c
./tmp/cache/bootsnap/compile-cache-iseq/c0/59a813663294d6	    3688	      18	application/octet-stream	fba4289be57d2951a66a567091624ba4766f0b54
./tmp/cache/bootsnap/compile-cache-iseq/c0/8b9b6a1e7db44f	    5112	       7	application/octet-stream	54c2b7ad2ad1688e26063f679a8a4951428a0234
./tmp/cache/bootsnap/compile-cache-iseq/c0/9d35862f57fd61	    1776	       1	application/octet-stream	66894b970034e3c67a708769174bbf316deafadf
./tmp/cache/bootsnap/compile-cache-iseq/c0/d020f293f815ba	   39520	     820	application/octet-stream	26fe16e741c0456abb10971c07107aecfbdbf8fe
./tmp/cache/bootsnap/compile-cache-iseq/c0/ee0e5c1b4bddd3	    2528	       2	application/octet-stream	7dc45573cf1daa1b060778370dc91e24d69ec912
./tmp/cache/bootsnap/compile-cache-iseq/c0/f7b8762d3ba601	    3468	      31	application/octet-stream	107559cfc36534e6deaaff2de157b431c0806485
./tmp/cache/bootsnap/compile-cache-iseq/c1/0f707f20ad25df	   10492	     159	application/octet-stream	6bacc865e848d98c8af27afa690a113125b33ae8
./tmp/cache/bootsnap/compile-cache-iseq/c1/45fede05f85a9d	    1964	       0	application/octet-stream	3a1fc36319784bbeb60761c53520edc78374dd8d
./tmp/cache/bootsnap/compile-cache-iseq/c1/6969b6bdffa6a2	    1704	       0	application/octet-stream	386237864068a5e2a51ae82b9adedb4961efad39
./tmp/cache/bootsnap/compile-cache-iseq/c1/99bc32ebc3047b	    4916	       5	application/octet-stream	db2c6d9eb9a60d35979dc2855929e762cad18b94
./tmp/cache/bootsnap/compile-cache-iseq/c1/fd79dc54fb7803	   30964	     545	application/octet-stream	f35f8471871166051e47046cbcc3599ca3dba39c
./tmp/cache/bootsnap/compile-cache-iseq/c2/03c0ff1fe4f473	    3172	      17	application/octet-stream	f38eb73a593c88969ec68e63a0b79656a2471e79
./tmp/cache/bootsnap/compile-cache-iseq/c2/139d0ee3b26d9d	    3380	      21	application/octet-stream	1cb1dc7f95eea3150086480fd87ba3d631d24b37
./tmp/cache/bootsnap/compile-cache-iseq/c2/159a84cf67c8f3	    1796	       0	application/octet-stream	36e263c4fe83308fe8c74bb05dc0013344c02eea
./tmp/cache/bootsnap/compile-cache-iseq/c2/1cb424d0dbcdc1	   11176	     156	application/octet-stream	9f70e80dcc1b8be6ca8a30f727f4d7dbd3f3253c
./tmp/cache/bootsnap/compile-cache-iseq/c2/25aeff5888622f	    3648	      18	application/octet-stream	4bc84b631dbd6e347648504f56027a0cd453bd78
./tmp/cache/bootsnap/compile-cache-iseq/c2/da242e4a6443a8	     540	       0	application/octet-stream	f5d43ce22cf9588993c079c3d3f91d6ec5c7966f
./tmp/cache/bootsnap/compile-cache-iseq/c2/df38c129809b6a	    8448	     152	application/octet-stream	89f08c1a4ae2093829efab1b04c36b627352bf1a
./tmp/cache/bootsnap/compile-cache-iseq/c2/e518498bfd448f	    4160	      24	application/octet-stream	7c06469b39f0ea2d19572d04918c6250351c6dd5
./tmp/cache/bootsnap/compile-cache-iseq/c2/f4a39b5518e76f	    7928	      21	application/octet-stream	90bbc7d4d08706534adf59da09fcbceee0390738
./tmp/cache/bootsnap/compile-cache-iseq/c3/25f04785696d4f	   36576	     585	application/octet-stream	f5a67c9b5c04a0b9819f034c218f0058f9274686
./tmp/cache/bootsnap/compile-cache-iseq/c3/2606a621269304	   18232	     196	application/octet-stream	2e9142ed06e38463a07868b94167e868fc6aaec2
./tmp/cache/bootsnap/compile-cache-iseq/c3/582c8f807f6049	    2952	       6	application/octet-stream	f36c7ac93e3c68ff6e271e551ad075aec4db08a1
./tmp/cache/bootsnap/compile-cache-iseq/c3/5c230001012d58	    2024	       0	application/octet-stream	530e2b6a870d332568574cf87777852678f80fbd
./tmp/cache/bootsnap/compile-cache-iseq/c3/65a2c6082d594a	    1728	       2	application/octet-stream	1e0f34cbcdf2f8bf2919dccbd5bad47b53351da4
./tmp/cache/bootsnap/compile-cache-iseq/c3/71f0a154ca1be6	    3856	      20	application/octet-stream	e6d148fe326b2b04d7e40197f982fc783b908c26
./tmp/cache/bootsnap/compile-cache-iseq/c3/7dbdaadae0dc96	    1856	       0	application/octet-stream	ca331fe5a59f8acbec455a5dcbdf3e39ce9158a2
./tmp/cache/bootsnap/compile-cache-iseq/c3/7f27bc64424a20	    4120	      16	application/octet-stream	349f9bb576d7ac1c337baa10b03c8253029058cb
./tmp/cache/bootsnap/compile-cache-iseq/c3/9babda52dbb11d	     436	       0	application/octet-stream	77d9bda6bda395b0eda69dae583159bbe18b6fc5
./tmp/cache/bootsnap/compile-cache-iseq/c3/9e622a72ac5d38	    2596	       2	application/octet-stream	445b7fbe9284899d1628816b580998f70b3ee2ee
./tmp/cache/bootsnap/compile-cache-iseq/c3/b89f6d0e6fc099	     860	       1	application/octet-stream	d2a1066f0f9d6560418d0978794867959984a51a
./tmp/cache/bootsnap/compile-cache-iseq/c3/f8ae96e7e201e0	    3984	      20	application/octet-stream	74ddc86f3f026ac1e2b724c3a79bb00a7633bdf1
./tmp/cache/bootsnap/compile-cache-iseq/c4/1e3c004676d63d	    1228	       0	application/octet-stream	9770606ee81757c096d070735c135459aff730b0
./tmp/cache/bootsnap/compile-cache-iseq/c4/28930c206c9cf5	   15676	     427	application/octet-stream	3ecd274754cac6160a4a4be18fafb2dd28b11993
./tmp/cache/bootsnap/compile-cache-iseq/c4/415586217ea240	   10712	     140	application/octet-stream	51d42633d79ad896bdd222778f7384103cfc5aba
./tmp/cache/bootsnap/compile-cache-iseq/c4/44cc531b6e755b	    4844	       5	application/octet-stream	df33fd152a380cfb76e512ac2e8583aa504dc604
./tmp/cache/bootsnap/compile-cache-iseq/c4/818207f3052b03	    1516	       2	application/octet-stream	86c3668e8bdb685cfd4648822adec62bd3e50670
./tmp/cache/bootsnap/compile-cache-iseq/c4/88a24045e02728	    1888	       3	application/octet-stream	a6434e6655e77376f50ecb049008a45f8f9fefbf
./tmp/cache/bootsnap/compile-cache-iseq/c4/88cea254224e15	    6696	      14	application/octet-stream	6c875d2eafc3069c92bfb891c6790183637ef10e
./tmp/cache/bootsnap/compile-cache-iseq/c4/a6d726019fa3a8	    1176	       0	application/octet-stream	e74fdd833be1f42381b09119b7514f2ebdb60eac
./tmp/cache/bootsnap/compile-cache-iseq/c4/c5ac5e528b4c4e	    2396	       4	application/octet-stream	2126e7a32c10b1b1bbfb70265620eca60be8f223
./tmp/cache/bootsnap/compile-cache-iseq/c4/d68bd8a1257aa7	    2916	      12	application/octet-stream	b7794fbc79446de32427ff966a70ea32b64d646e
./tmp/cache/bootsnap/compile-cache-iseq/c4/e91633cdad02fd	   14312	     190	application/octet-stream	f8af3ffa1543d53fa08337b7977eaec115709bfc
./tmp/cache/bootsnap/compile-cache-iseq/c4/f2cc5876939748	    5020	      10	application/octet-stream	54d64c0b2033af5bd5e4fc3603586c2b708578c4
./tmp/cache/bootsnap/compile-cache-iseq/c5/01e5814c050205	    2936	       9	application/octet-stream	68bd44d068f2ba3b326fc40d41400857bf3ec4fb
./tmp/cache/bootsnap/compile-cache-iseq/c5/0273bfbd327b49	   63804	     873	application/octet-stream	2b6f9fcec4063c186a9cf0e7dfe8af3dc3958ab3
./tmp/cache/bootsnap/compile-cache-iseq/c5/180e6ecf7c3588	    5024	       8	application/octet-stream	c59a7dd71b3db36f8461765d4e61f80146d1d86c
./tmp/cache/bootsnap/compile-cache-iseq/c5/1fe0d02dbfc286	     512	       0	application/octet-stream	3d9e07620042d24c1dc43eaec9eb1cefbdc692bc
./tmp/cache/bootsnap/compile-cache-iseq/c5/3cf9213442a3b9	    3236	      23	application/octet-stream	e487db21bad2d8c66540d8342ac17253595fdc62
./tmp/cache/bootsnap/compile-cache-iseq/c5/461f3326e3e812	     756	       0	application/octet-stream	e0ee70a736b9e110bd674dc593b44ad8947cd3af
./tmp/cache/bootsnap/compile-cache-iseq/c5/5ad34ed1f9558c	    2064	       0	application/octet-stream	48f93b63ff93608f113b7df533de49bcf97617de
./tmp/cache/bootsnap/compile-cache-iseq/c5/a227005331cb64	    1676	       2	application/octet-stream	48730814da690f2d87d3ecbe50906f12223ce86c
./tmp/cache/bootsnap/compile-cache-iseq/c5/e715cbb751ac30	    2104	       3	application/octet-stream	7880e5a9e6a7dd463858787e42cdf41a37d88dad
./tmp/cache/bootsnap/compile-cache-iseq/c5/eba2bea560639c	    4672	      12	application/octet-stream	4a318fc93afe2d59d2b37e7d3063714d83c6baf3
./tmp/cache/bootsnap/compile-cache-iseq/c5/fca3d07ba5c28d	    6292	       5	application/octet-stream	5c46b981d99bbdd47c6b8c4b5d0023ae03ea6971
./tmp/cache/bootsnap/compile-cache-iseq/c6/199c85efe948a5	     772	       1	application/octet-stream	30309b61960132355556314fbb47d2ce68309295
./tmp/cache/bootsnap/compile-cache-iseq/c6/461b0c131f276a	    4368	       4	application/octet-stream	042b8d46eafd346d86d221d8becda4ac1fb03b29
./tmp/cache/bootsnap/compile-cache-iseq/c6/709ea1d17be073	   23784	     296	application/octet-stream	9c44793e94427f5364a619bc1f93f635d367801e
./tmp/cache/bootsnap/compile-cache-iseq/c6/816d1cbf04e95c	    3212	      16	application/octet-stream	415cf53b67de5dc81680fb38bea877852258fd27
./tmp/cache/bootsnap/compile-cache-iseq/c6/9683142eeccb27	    2356	       1	application/octet-stream	079a5e57eb32716bdf0a902ee5a980f5a826ea67
./tmp/cache/bootsnap/compile-cache-iseq/c6/c249a30df989ea	   11372	     182	application/octet-stream	a630a9433deef3f4bf065b6cd53eb53a966f3efa
./tmp/cache/bootsnap/compile-cache-iseq/c6/d2058890161b14	   15212	     173	application/octet-stream	2f6d85939629cfc9c6251b941dff26bc05cbbe28
./tmp/cache/bootsnap/compile-cache-iseq/c7/23d406dcbc07e1	     720	       0	application/octet-stream	4298f04938f28a8005ee1d3194c53750905ce87b
./tmp/cache/bootsnap/compile-cache-iseq/c7/2ee114e648a3a4	    4208	      24	application/octet-stream	56ede8b98bb1ace7ed9d97d3bca3a1fe162bdd0a
./tmp/cache/bootsnap/compile-cache-iseq/c7/32b33960d465d2	    1848	       0	application/octet-stream	1c8e4ec65e030356e655bca34c7d3540b1b02abe
./tmp/cache/bootsnap/compile-cache-iseq/c7/42691419b3f571	    5228	       6	application/octet-stream	f5fa7c4b396e28ac4defe7ec487a50c0b804d227
./tmp/cache/bootsnap/compile-cache-iseq/c7/47d58aa5981a3a	    4300	      16	application/octet-stream	30d1e85944afe76fa353905e43b771a424cfebb4
./tmp/cache/bootsnap/compile-cache-iseq/c7/55e1dac2e7c574	    6524	      56	application/octet-stream	c3a816e4aca8f97935c6ea8d8c30b25a704d1ea2
./tmp/cache/bootsnap/compile-cache-iseq/c7/5c2b063737ccbb	    3484	      26	application/octet-stream	ac5f0713d13097bd0f64b26242f4e6a885d04e1a
./tmp/cache/bootsnap/compile-cache-iseq/c7/6810da122a769b	    8164	       8	application/octet-stream	d2cc62cccbc97f4f9030cd1ac4d147e3999fd479
./tmp/cache/bootsnap/compile-cache-iseq/c7/86e6dd30fd06c6	     488	       0	application/octet-stream	3d5b765fe3263adf1921a2f75cf63adb29cc9bd2
./tmp/cache/bootsnap/compile-cache-iseq/c7/b64138a7a3a1d6	    3956	      16	application/octet-stream	2f5246bfab8be078ac7eaed95c4cccf9df5739a3
./tmp/cache/bootsnap/compile-cache-iseq/c7/babb0ca3cb36b7	    1768	       1	application/octet-stream	6b6134ddb7541bd0abc18d8b3d1634d6d6df1095
./tmp/cache/bootsnap/compile-cache-iseq/c7/bc0e1d611a8730	    2336	       0	application/octet-stream	30338ebcce72d141e2b64c2bfdf464c3f5426a05
./tmp/cache/bootsnap/compile-cache-iseq/c7/c665d7cc240b6a	    6588	       3	application/octet-stream	ceec80e1cde9f4aa0356ed8d55baf47fa868925d
./tmp/cache/bootsnap/compile-cache-iseq/c7/c7960a815d20b0	    3744	      33	application/octet-stream	a47308a42aa2d2ef91c07cfb426efbf381ce56a2
./tmp/cache/bootsnap/compile-cache-iseq/c8/055577055757f1	    1084	       1	application/octet-stream	1d16fb41dc146734cb154a8eaea152363d04f081
./tmp/cache/bootsnap/compile-cache-iseq/c8/107eb3b8454f14	   12808	     177	application/octet-stream	10fc776e8b283e18de45d32ecdd94606be46ba0b
./tmp/cache/bootsnap/compile-cache-iseq/c8/2041e36497858a	    6056	       6	application/octet-stream	60ac8007e4adb30c2fe2df520f0d677b3c649d6b
./tmp/cache/bootsnap/compile-cache-iseq/c8/22f1915665d402	   19984	     226	application/octet-stream	f3d2eac834ee3ac224f38be348645feab6525cd3
./tmp/cache/bootsnap/compile-cache-iseq/c8/24b035f543efe3	    1764	       0	application/octet-stream	ff066cbb659107db5176ec89018509ef1209518a
./tmp/cache/bootsnap/compile-cache-iseq/c8/2918fb3eb01de1	    1936	       0	application/octet-stream	a63c8ebafcd791ba254a99a128a98bcae625d684
./tmp/cache/bootsnap/compile-cache-iseq/c8/2a9ec73d23b063	    4684	       7	application/octet-stream	c9cc51a1e68d3cae5a6c27cb4df0b3e8407661b6
./tmp/cache/bootsnap/compile-cache-iseq/c8/4dc0492d256fce	    1980	       0	application/octet-stream	b5ebe90da1d045ce06948427ab137e70fff6aeec
./tmp/cache/bootsnap/compile-cache-iseq/c8/50199e029b718f	    1260	       0	application/octet-stream	024779e545851950917f6c674faa0cd0b0c74ce6
./tmp/cache/bootsnap/compile-cache-iseq/c8/55937681603597	     904	       0	application/octet-stream	2cb32571c4048a7bc85c745903faf816424efb91
./tmp/cache/bootsnap/compile-cache-iseq/c8/799d4698c47dfa	     840	       0	application/octet-stream	a46b766631b086ea090feab305e781f7ce0a8ce1
./tmp/cache/bootsnap/compile-cache-iseq/c8/8b987bb8bd0365	    7560	       3	application/octet-stream	1a6cdbc5d5f3329362a478413a25ce105cda59af
./tmp/cache/bootsnap/compile-cache-iseq/c8/930f45281072f5	    5512	       3	application/octet-stream	eab5bf400e0a07112150cc8d1242317d93c6b9fa
./tmp/cache/bootsnap/compile-cache-iseq/c8/abd771938b74d9	    3240	      12	application/octet-stream	0642b3b8797da8c8b11df5524960c6c4eaee16dd
./tmp/cache/bootsnap/compile-cache-iseq/c8/de96e2f065022d	    8100	      55	application/octet-stream	e959280e283012989975e7e81c8691ad26ddf082
./tmp/cache/bootsnap/compile-cache-iseq/c8/f6a9ed4d3051aa	    3600	      23	application/octet-stream	96c1c5cf5cc13ce1488bdd80055e1bac406ff8b2
./tmp/cache/bootsnap/compile-cache-iseq/c9/1712c9eb4a6789	    2308	       1	application/octet-stream	e9dec2c33e40f5ab4387ee2bf1ab0b275376b7e0
./tmp/cache/bootsnap/compile-cache-iseq/c9/1c29dcd0da50ad	     752	       0	application/octet-stream	98e3b4058f251abdc1141736ce9fbd9c2608d4a0
./tmp/cache/bootsnap/compile-cache-iseq/c9/2af90254ba1b71	    3256	      20	application/octet-stream	27d155410e3bb9ba03f7e1abd9bbaff839fa5d0c
./tmp/cache/bootsnap/compile-cache-iseq/c9/47e9675244beac	    2264	       4	application/octet-stream	2548b2e393c8ec8795ee284b63b029450a15d43c
./tmp/cache/bootsnap/compile-cache-iseq/c9/4886c2c71abe31	    2540	       2	application/octet-stream	75e190e8760077f31e17ad9c67093beb3da274cf
./tmp/cache/bootsnap/compile-cache-iseq/c9/662b7334556e1d	    2128	       6	application/octet-stream	0b6a1e1019ac83530456465dc341ab2442b82d40
./tmp/cache/bootsnap/compile-cache-iseq/c9/73a7a1da8cd85c	    1644	       1	application/octet-stream	8d22a99758d0cd490ae4f2d042d27f2d2192e337
./tmp/cache/bootsnap/compile-cache-iseq/c9/90765fffd74339	    1112	       3	application/octet-stream	e3063e4d55a2779014fc3bd488acefa75c6bc7b6
./tmp/cache/bootsnap/compile-cache-iseq/c9/a16f8f22d91f7d	     728	       1	application/octet-stream	62b122d2d51ec5d90298be1c72f4d417e3b94a88
./tmp/cache/bootsnap/compile-cache-iseq/c9/e97de4f875743a	    3624	      25	application/octet-stream	9a7559174d7fb4e00f82cbfb8fadcb6440029a9b
./tmp/cache/bootsnap/compile-cache-iseq/c9/fd90beacb7b215	    1844	       0	application/octet-stream	125baf2f4fa8615db67d16310d3b260b0e503c45
./tmp/cache/bootsnap/compile-cache-iseq/ca/359245bc0a2698	    3296	      19	application/octet-stream	5de721a97cb86ae44ee1783ed56205caa7c9693a
./tmp/cache/bootsnap/compile-cache-iseq/ca/506d41a279bd5d	    6708	       4	application/octet-stream	23bc691c8844b8749194736242edf70e470f8fa6
./tmp/cache/bootsnap/compile-cache-iseq/ca/5d1f9178130640	    1516	       0	application/octet-stream	be0d1cefb8b1e6e136f32b07bb96cd6ec67f7d83
./tmp/cache/bootsnap/compile-cache-iseq/ca/5f8a1b72c034bb	    7908	     118	application/octet-stream	897cf1d587c033c7a39c8e675b94e9f23cde24da
./tmp/cache/bootsnap/compile-cache-iseq/ca/674929a5c9cf37	    1760	       4	application/octet-stream	2a52d9a19c6d60e128b0999ade7ac5a10131c8bf
./tmp/cache/bootsnap/compile-cache-iseq/ca/6f0fd39efe96fb	    3956	      26	application/octet-stream	2a1a861f59c1f1bb25258c8ad333b77817757770
./tmp/cache/bootsnap/compile-cache-iseq/ca/867cae2e5fefab	    1776	       0	application/octet-stream	33de00040e8a6143aa56535ba6867671931ac6ae
./tmp/cache/bootsnap/compile-cache-iseq/ca/a2ead27e77ca15	    6748	       6	application/octet-stream	6373cdf36ce2f34c869726d9ddbbaadfa5596db1
./tmp/cache/bootsnap/compile-cache-iseq/ca/b92deb6ded9636	    1388	       1	application/octet-stream	d29034f56f524d6404bb01b3cee31f0453568e2a
./tmp/cache/bootsnap/compile-cache-iseq/ca/c0e4fcbc758cce	     484	       0	application/octet-stream	ec80fee2f75e839c1883921e97f97a4e559e64e2
./tmp/cache/bootsnap/compile-cache-iseq/ca/d95e1ae371e845	    1480	       1	application/octet-stream	2924450b1368c41f366f48e55437165528b4c233
./tmp/cache/bootsnap/compile-cache-iseq/ca/e2eb925ffe1fef	   21352	     700	application/octet-stream	9808530add0e9f5dbc691bedd74515ee865cf591
./tmp/cache/bootsnap/compile-cache-iseq/ca/e94dd3a2156bfb	    3988	      11	application/octet-stream	b7c3db46c1648da2f4d9094858f1b220c5be61bf
./tmp/cache/bootsnap/compile-cache-iseq/cb/1d758e8f4f8f19	   11384	     219	application/octet-stream	0f2f0d958a1abb1f74af7cfcc2d6031128ad5262
./tmp/cache/bootsnap/compile-cache-iseq/cb/2f07c38a5df91b	    9552	      30	application/octet-stream	737100fd20670692ef9d6a3501ef31ce71f5d41a
./tmp/cache/bootsnap/compile-cache-iseq/cb/2feb9a4e408086	    2976	      14	application/octet-stream	944a8c958d1147e5ba5a21eebe962d6ac037894c
./tmp/cache/bootsnap/compile-cache-iseq/cb/40a7a31edc5993	    2408	       0	application/octet-stream	3f9c0aeec53dbaca42283f1aaca114ac5a3089c7
./tmp/cache/bootsnap/compile-cache-iseq/cb/4135fc29332507	    2420	       3	application/octet-stream	adf407d832425d574cb37b1eb12c481f7683e04c
./tmp/cache/bootsnap/compile-cache-iseq/cb/473fabe3fab600	    2856	       5	application/octet-stream	6b5d0acb204c02504190a8837891c62af3344844
./tmp/cache/bootsnap/compile-cache-iseq/cb/5a08d6562bbbe3	   17736	     182	application/octet-stream	368d507fdab3c4b9f95adbe7ccadb76035547af1
./tmp/cache/bootsnap/compile-cache-iseq/cb/6247cdbbbcbf91	    5044	      16	application/octet-stream	d85753b14d01483e43871b5a903cb9176add15ed
./tmp/cache/bootsnap/compile-cache-iseq/cb/9340265025bf5a	    1748	       1	application/octet-stream	18a8ba638c7c3ab1be9a00e815ffc818d5b63eff
./tmp/cache/bootsnap/compile-cache-iseq/cc/052c3696980bcb	   16168	     179	application/octet-stream	573a25d4d646d04b503ad85f9301c738936c8325
./tmp/cache/bootsnap/compile-cache-iseq/cc/6867ac89301fa4	    6964	      13	application/octet-stream	f1a5ff2b89efd52837430455571de25b3a4719f4
./tmp/cache/bootsnap/compile-cache-iseq/cc/748be56c321d31	   25648	     572	application/octet-stream	cfcf4a14499585d7548b4987ab209fad8d508c7b
./tmp/cache/bootsnap/compile-cache-iseq/cc/8b20726590631d	   29040	     511	application/octet-stream	d9178d3b2ccb44ffc7b00d442caaf71de941761a
./tmp/cache/bootsnap/compile-cache-iseq/cc/938a462384c166	   10424	     139	application/octet-stream	da60be9a8963b81c625eab19f4693ffaaac4fff3
./tmp/cache/bootsnap/compile-cache-iseq/cc/a4ac6192bbc0a7	    1500	       1	application/octet-stream	0fe7c20b008f8b6f3dadb82307c445b399466725
./tmp/cache/bootsnap/compile-cache-iseq/cc/b08fd92feaa1b4	    2696	       4	application/octet-stream	7262f247369e21a3340a26a2ab594e5eee932691
./tmp/cache/bootsnap/compile-cache-iseq/cc/c27332e1a72306	     856	       0	application/octet-stream	a6aeb2ebb04d25111c90d893d1ce9ed97c091725
./tmp/cache/bootsnap/compile-cache-iseq/cc/c8bef6f56217d8	   12216	     195	application/octet-stream	4e6b1e1597cb2e8c42536e77c61858cedb29a55e
./tmp/cache/bootsnap/compile-cache-iseq/cc/d670e4749f4625	    1880	       2	application/octet-stream	25610963d53751a302182d09381ea81bfc59731c
./tmp/cache/bootsnap/compile-cache-iseq/cc/dfdcf8694a0d87	     688	       1	application/octet-stream	6a4f9522f98d570dbf2a1d1c881a41931d8a3c6d
./tmp/cache/bootsnap/compile-cache-iseq/cc/f6aad6cab890ba	    3100	      22	application/octet-stream	0f9db54711fa08b4eb1b28c405f8fb85524630e5
./tmp/cache/bootsnap/compile-cache-iseq/cc/fcc344a186e74c	    6572	      19	application/octet-stream	8aa95bf77439f5b54fb5268b36f8dedb84536239
./tmp/cache/bootsnap/compile-cache-iseq/cd/1dca35fc9e1480	    6936	       8	application/octet-stream	5eeecfdf91f504525a847aab3f061e19c9194a57
./tmp/cache/bootsnap/compile-cache-iseq/cd/29a664e9fa9750	    2060	       1	application/octet-stream	621a4aa14cb56b6b3c0a7ff12e5b068715daa228
./tmp/cache/bootsnap/compile-cache-iseq/cd/29e8b9c8f45c85	   24024	     323	application/octet-stream	871e9c280b9a7c01bc2ef66a5c82010fcb10a479
./tmp/cache/bootsnap/compile-cache-iseq/cd/542c33fb7203da	    3448	      21	application/octet-stream	df9ccc1e259443d71077eed27f269e1995a9ecb6
./tmp/cache/bootsnap/compile-cache-iseq/cd/6c25fb252c4760	    1788	       5	application/octet-stream	ff093316b79ac4a3738a5440fcae6b343de334e1
./tmp/cache/bootsnap/compile-cache-iseq/cd/811bd3dc3d42e5	    1664	       0	application/octet-stream	9f5dfef25fff7b547e6dbe6871bf966748b2f620
./tmp/cache/bootsnap/compile-cache-iseq/cd/85c42276e4f6ed	    7296	      25	application/octet-stream	53d36ba98682e7483b388f9b4c75dacd7676042a
./tmp/cache/bootsnap/compile-cache-iseq/cd/b931a7a339e8d3	   13348	     164	application/octet-stream	6b024f315f62e8e953bd19094c123a7c8af5c31d
./tmp/cache/bootsnap/compile-cache-iseq/cd/dffed7967814d6	    2044	       0	application/octet-stream	dd15f5ea3f46ab1cf77ef0cbf59ed217ec028363
./tmp/cache/bootsnap/compile-cache-iseq/cd/eac9ce72999e9c	    4876	      11	application/octet-stream	45b3ff378bdfb38320ecb2a8facf6fb9e82232ea
./tmp/cache/bootsnap/compile-cache-iseq/cd/eb90e2c12a3ef8	     368	       0	application/octet-stream	d5a3635ac1058a421434bfea94d05b877cb7fd50
./tmp/cache/bootsnap/compile-cache-iseq/cd/f8c66300920ace	    2304	       3	application/octet-stream	817075f9f49c966d0e23dbc9e23c976a36246922
./tmp/cache/bootsnap/compile-cache-iseq/cd/f924e2c179ce46	    4940	      11	application/octet-stream	752bb5468f31e24b22ac7410109e32fff615bad1
./tmp/cache/bootsnap/compile-cache-iseq/ce/16e4f3c3471334	     668	       0	application/octet-stream	8c4daa5325204f82ebffb747621bac6f5d17a076
./tmp/cache/bootsnap/compile-cache-iseq/ce/350085384ea95d	    2632	       5	application/octet-stream	234d5a64b36e8c8b862fe598e088ae11cc2566db
./tmp/cache/bootsnap/compile-cache-iseq/ce/8ccf5e073916a8	    5088	      46	application/octet-stream	31e65507bfe0a0fbf9b2efe6b21487487ea07bfa
./tmp/cache/bootsnap/compile-cache-iseq/ce/a010d9c785a49f	    4488	      18	application/octet-stream	0ad96c29bac36377464eaa8605e070e460d68e27
./tmp/cache/bootsnap/compile-cache-iseq/ce/aaeb52ae57696a	    1088	       0	application/octet-stream	ef6b4234cf6a787676d8dbb143176a230906c973
./tmp/cache/bootsnap/compile-cache-iseq/ce/d6f5526728adbc	    3484	      20	application/octet-stream	0c1c95d05d09883d65f573edbfb75fb88ea96c4a
./tmp/cache/bootsnap/compile-cache-iseq/ce/e0fbd828e46ab3	    1872	       0	application/octet-stream	f41bae85d3fd78ab273e49df6ab66bbdc1c8ec5a
./tmp/cache/bootsnap/compile-cache-iseq/cf/0b044511957533	    7340	      84	application/octet-stream	60cd09a6966d18a8aa596226e6a83b24e2881ed1
./tmp/cache/bootsnap/compile-cache-iseq/cf/2cb6cc2516194d	    1952	       2	application/octet-stream	29d4b71a729d2643d20a35b57415c0f736098fe1
./tmp/cache/bootsnap/compile-cache-iseq/cf/34493c4f901be8	    1088	       0	application/octet-stream	17c7f2d09422ea0f5a6a9d80ca671820477fae84
./tmp/cache/bootsnap/compile-cache-iseq/cf/55101118136120	    2196	      10	application/octet-stream	72ecad7cfd8b31c8c43e732d15de5502aaa3a567
./tmp/cache/bootsnap/compile-cache-iseq/cf/5687b6fd5a6e68	     872	       2	application/octet-stream	1d7ae82fbf273a2c82d2f156ddeb0cf193c5d439
./tmp/cache/bootsnap/compile-cache-iseq/cf/60cf92b3ab0aa6	    7344	       4	application/octet-stream	0e039b1ec265d4cbeebbbcd380aa48bebbb160b1
./tmp/cache/bootsnap/compile-cache-iseq/cf/6bc1ab988f39e1	     516	       0	application/octet-stream	6ea3b992322a6919437a4f3a5823be8f49e14dfc
./tmp/cache/bootsnap/compile-cache-iseq/cf/6f241dfa6085aa	    1652	       0	application/octet-stream	299c42d84d93e72687c28584411b37fccf636c6d
./tmp/cache/bootsnap/compile-cache-iseq/cf/8b2faee0273de8	    4884	      23	application/octet-stream	e42aecc043d8b50e11d1f9504a0deaacd7bcdb76
./tmp/cache/bootsnap/compile-cache-iseq/cf/a890998f6b6734	    7848	      22	application/octet-stream	d0fc390ff760bd26286b0eb2b0c557c1f860a1ab
./tmp/cache/bootsnap/compile-cache-iseq/cf/a92eba95683efd	    5836	       8	application/octet-stream	b9435d5ae517c59212951335b261aa6afa4f57cf
./tmp/cache/bootsnap/compile-cache-iseq/cf/bc304fe31fd402	    8424	      74	application/octet-stream	6c9534766336ce5ffeb801236098f62ecb24cbac
./tmp/cache/bootsnap/compile-cache-iseq/cf/c07a17cd6d5749	    8124	      26	application/octet-stream	24422f2666a5077edd352c2fea02927cc1ea7392
./tmp/cache/bootsnap/compile-cache-iseq/cf/ea6f2adb945b5f	    2464	       1	application/octet-stream	1fd01895f166ef0e6de3819e6428ad80ba0002b9
./tmp/cache/bootsnap/compile-cache-iseq/d0/26351a637bcae4	    2660	       3	application/octet-stream	6da24cd45fe4b18a86553089fee603a6f08b9419
./tmp/cache/bootsnap/compile-cache-iseq/d0/2fd0bb5cdf66f6	    2820	       3	application/octet-stream	9a4b8494ff2764d445c5f5972753edbe6d389384
./tmp/cache/bootsnap/compile-cache-iseq/d0/3b82c1c8e31dcc	    6480	       5	application/octet-stream	9eb6c134c87ae421ada719aee36df35fa954013f
./tmp/cache/bootsnap/compile-cache-iseq/d0/9b4cf68726397b	    1220	       0	application/octet-stream	4fceb42b8ce9213a86d2ae37f3a620c97f548bbe
./tmp/cache/bootsnap/compile-cache-iseq/d0/a71eead3792709	    2812	       4	application/octet-stream	d87ff1693b2705c50110c67665114c6a4c3666fa
./tmp/cache/bootsnap/compile-cache-iseq/d0/b3397cce1f1429	    9948	     146	application/octet-stream	aea1e2d1f14962f08d5528390d3acf4000c5a9e4
./tmp/cache/bootsnap/compile-cache-iseq/d0/b79b8c2f283b86	    9252	     139	application/octet-stream	61364cad4bbc41b88ca354b6312719a1199b8edb
./tmp/cache/bootsnap/compile-cache-iseq/d0/b8324f94433852	   63236	    1132	application/octet-stream	5910c7deefb5f7afd5efa23003eafdc1606d70a8
./tmp/cache/bootsnap/compile-cache-iseq/d0/c27f548c0fbd28	    8984	     114	application/octet-stream	2c03c37b1cabf86e2fa490f6c3d7042ca5bbfd1b
./tmp/cache/bootsnap/compile-cache-iseq/d0/d560b78b9fc984	    1796	       0	application/octet-stream	ba9b7d03ee5f76d58380c8a83d5b492290d4c096
./tmp/cache/bootsnap/compile-cache-iseq/d1/02000b88ad1b25	    4632	       3	application/octet-stream	e3c77661e4d9a132200e6b145261c30691c8b221
./tmp/cache/bootsnap/compile-cache-iseq/d1/0488f709f80ef9	    3376	      23	application/octet-stream	1f6fe450d50ca0e051d7cd345548cc4fef57c164
./tmp/cache/bootsnap/compile-cache-iseq/d1/0b62e3053b0648	     704	       1	application/octet-stream	55cc1de80cbf76338417db8d439aa223b8d70641
./tmp/cache/bootsnap/compile-cache-iseq/d1/2b06a0ac427323	    2808	       7	application/octet-stream	d1a01d3f5c573f1a6c523edadaf0ca0c2fd5d688
./tmp/cache/bootsnap/compile-cache-iseq/d1/40ad5a218bf47b	   23228	     346	application/octet-stream	85213104ad721030bee350de800ed625fcea67e4
./tmp/cache/bootsnap/compile-cache-iseq/d1/467eee1149824f	    1996	       1	application/octet-stream	f3cb3d6a1c7f0b15befa0e460acddf80dec8d76e
./tmp/cache/bootsnap/compile-cache-iseq/d1/4e9c0ef54a0b67	   22068	     210	application/octet-stream	2f0676bc111aff77cb780788ace8ccb3adde9c75
./tmp/cache/bootsnap/compile-cache-iseq/d1/70fa090cd4c6ee	   10012	      59	application/octet-stream	21020de9c3d4ffb042f578693dcabd7df3349a22
./tmp/cache/bootsnap/compile-cache-iseq/d1/98340bf6a35fc6	   28900	     236	application/octet-stream	7319c6a8a179c1c2ab065b72e5e77f04b5b33b2a
./tmp/cache/bootsnap/compile-cache-iseq/d1/aebcf330a0c90d	    1308	       1	application/octet-stream	40b95a6c0ad5fa19c735d5d0f0954d302ca4c5d2
./tmp/cache/bootsnap/compile-cache-iseq/d1/b3d1b7f11e3f85	   12628	     196	application/octet-stream	d4471c434d12529a5a4e75cc02d465c873156555
./tmp/cache/bootsnap/compile-cache-iseq/d2/1ed511588746dc	   22584	     425	application/octet-stream	835737420842abb2835aae36af832d378f832dc0
./tmp/cache/bootsnap/compile-cache-iseq/d2/7358090df567ef	    5992	       5	application/octet-stream	7f271c905ca519bf7a13f7585a2a79a5770faec4
./tmp/cache/bootsnap/compile-cache-iseq/d2/abe3b320f51468	    3472	      27	application/octet-stream	64095a30cb51b7d140fb7d856e9ea9be5cfffdf0
./tmp/cache/bootsnap/compile-cache-iseq/d2/b52720599b34d8	    8536	       7	application/octet-stream	6fc7fe5bec8a202f012907a4ef550d9bdb52553b
./tmp/cache/bootsnap/compile-cache-iseq/d3/1992c1d4ff3506	    8396	      72	application/octet-stream	504915a2d4cddbbbcbcb03ce501f93fc30a19780
./tmp/cache/bootsnap/compile-cache-iseq/d3/2ee6df0702c1eb	   27340	     261	application/octet-stream	dde68234e624f75395090f3e9bf96c556b4a7862
./tmp/cache/bootsnap/compile-cache-iseq/d3/3f84daecca2ab3	    1768	       1	application/octet-stream	b7722613782438f1731e97c646d5e9cee83feb37
./tmp/cache/bootsnap/compile-cache-iseq/d3/5c1c7a3e1c9597	    2988	      11	application/octet-stream	f96ff6e5900544eb307a07046cd683af2a51b21a
./tmp/cache/bootsnap/compile-cache-iseq/d3/7b297a1be5e0f0	   17356	     354	application/octet-stream	e356f134c1ee01d570cbec3514acefe1125d5fb5
./tmp/cache/bootsnap/compile-cache-iseq/d3/8f843563b202c6	    2216	       2	application/octet-stream	17a4fa60de25afbe8f5334b01ea70e66fae43286
./tmp/cache/bootsnap/compile-cache-iseq/d3/ad07694e0e306a	    8604	      63	application/octet-stream	b44259452129becd86405f7da5817ea94ee8c12e
./tmp/cache/bootsnap/compile-cache-iseq/d3/c334bab96be102	    5684	       6	application/octet-stream	9aa3ff97802f6129ec20c1ead6dafad240ff2636
./tmp/cache/bootsnap/compile-cache-iseq/d3/c395314a835e82	   28908	     712	application/octet-stream	c1adb9f1409251f98c008898cc2ae37b362d7127
./tmp/cache/bootsnap/compile-cache-iseq/d3/eb0e8f89ac89b4	    1492	       0	application/octet-stream	29f0113f40ce7fafe5332fc72ee36b3a4dd9aa5c
./tmp/cache/bootsnap/compile-cache-iseq/d4/49ad3fcfb04d46	   16788	     256	application/octet-stream	505e916b09035bc7a4184406a116bc3281570ba0
./tmp/cache/bootsnap/compile-cache-iseq/d4/5df0e20a1228ab	    2384	       4	application/octet-stream	3a7d1a2645d1373af221ece7f76e36be9ec92eda
./tmp/cache/bootsnap/compile-cache-iseq/d4/650938e4a990f5	    2060	       8	application/octet-stream	587475cb91e6345c190883761f665dc7ce127bf2
./tmp/cache/bootsnap/compile-cache-iseq/d4/94c70cd86268a9	    1440	       1	application/octet-stream	e7b918564187321d7bffedcef85d721a71d0c67e
./tmp/cache/bootsnap/compile-cache-iseq/d4/a0e2be94aff948	     520	       0	application/octet-stream	5568f35b0779425e631ce9156e7064cb7ca0c0c5
./tmp/cache/bootsnap/compile-cache-iseq/d4/f67f0fbe8931bc	    1252	       0	application/octet-stream	304e9a7dce7a7c7d713424754c6b6bb9805a853e
./tmp/cache/bootsnap/compile-cache-iseq/d5/16542ddb4e3996	    2432	       5	application/octet-stream	68036506cb0a5e5542d350619ed0c5d8c1608d5a
./tmp/cache/bootsnap/compile-cache-iseq/d5/1b089b1b79895a	    3188	      29	application/octet-stream	7a1627eeb89a54c4d540bc63e779b9e36202d934
./tmp/cache/bootsnap/compile-cache-iseq/d5/1c7a8c7d3d9930	    1404	       0	application/octet-stream	8106e721fc64393b659573c0a17cef50a817bcda
./tmp/cache/bootsnap/compile-cache-iseq/d5/1dd388dd780cb4	    1880	       4	application/octet-stream	bdd3cbf481ed5fdd3413b851e08806d0b2f0c1e0
./tmp/cache/bootsnap/compile-cache-iseq/d5/3548511df5acf7	   73004	    1851	application/octet-stream	1dd0c05f23d0e601950c4a16fc0ddc05316c55f1
./tmp/cache/bootsnap/compile-cache-iseq/d5/3771ac165610f2	    1172	       0	application/octet-stream	e45751e4447d405130fbeb686bcad87da9a175aa
./tmp/cache/bootsnap/compile-cache-iseq/d5/39db33eb3b4563	    5396	       9	application/octet-stream	52821de6d7bb39865b91b305f720f850c0777eba
./tmp/cache/bootsnap/compile-cache-iseq/d5/848cbbf61c5159	    1096	       0	application/octet-stream	7aacd0a0737610c65b1ddd71766a5387404ab106
./tmp/cache/bootsnap/compile-cache-iseq/d5/8a1c424b935c95	    1828	       1	application/octet-stream	ef82bfb40b1e43a65f4944320e9e36762cc4c390
./tmp/cache/bootsnap/compile-cache-iseq/d5/a6e573730243fe	    6236	      14	application/octet-stream	6417857bef7ddeed959167f8680fa57a17fda42b
./tmp/cache/bootsnap/compile-cache-iseq/d5/b2ee928346eaeb	    1420	       0	application/octet-stream	80d1b09268333fd98c64bc9da40381f297ee18a0
./tmp/cache/bootsnap/compile-cache-iseq/d5/b6cd4a5bb1ace5	   20996	     702	application/octet-stream	3ae7d7e23a63caa1cf3ee15422b38042f004ffdd
./tmp/cache/bootsnap/compile-cache-iseq/d5/c2f18c59e3ba51	    7632	      14	application/octet-stream	34d43f4ad68cc969d471955df44eb9871e48b526
./tmp/cache/bootsnap/compile-cache-iseq/d5/dee6ce9d89a6fd	    5120	       4	application/octet-stream	249e0ad3f3a05eb982d87711f4c6203dadb2c088
./tmp/cache/bootsnap/compile-cache-iseq/d5/ef4324e7c92288	    1368	       0	application/octet-stream	f7511d1feb0327a574824d4435117674d96bfdc4
./tmp/cache/bootsnap/compile-cache-iseq/d6/446f9a4be8aa86	    1000	       1	application/octet-stream	01ec074a2946d5317137d881a6e64cd8c75278f5
./tmp/cache/bootsnap/compile-cache-iseq/d6/4f14aa5dd20603	    2976	      12	application/octet-stream	e0730f5b827008f2717b2dbf3089fa79a33dba43
./tmp/cache/bootsnap/compile-cache-iseq/d6/6a5c6c3f5193b0	   15372	     238	application/octet-stream	8ec15b7b4f3598439261be5dd3bf44bea974fb28
./tmp/cache/bootsnap/compile-cache-iseq/d6/7f83a42992753a	    4620	       9	application/octet-stream	7d4cb8d55e1c93bda6a0d1e0837ee0062ce941a9
./tmp/cache/bootsnap/compile-cache-iseq/d6/88ffba95cd6760	    1488	       1	application/octet-stream	4136edc2b5b0119b842bdefc6346a157932de0a3
./tmp/cache/bootsnap/compile-cache-iseq/d6/89ae098583901f	    3176	      24	application/octet-stream	337f759ab9f4f9ac2c0682e0aeab2967d9701b3a
./tmp/cache/bootsnap/compile-cache-iseq/d6/90ce83a3c13fe6	    5160	       8	application/octet-stream	3a086dfa6154f1b80de39a66bd1d4e7ae7738ed7
./tmp/cache/bootsnap/compile-cache-iseq/d6/b555610766c353	    6572	       5	application/octet-stream	c19268fa381edb0bb92d1c4b3111f96248e0763b
./tmp/cache/bootsnap/compile-cache-iseq/d6/eedebf3fd39ff7	    2736	       5	application/octet-stream	845ff802229d6bb233c19e1cc2e2125fd995244f
./tmp/cache/bootsnap/compile-cache-iseq/d7/073a4370822cf2	    2912	       7	application/octet-stream	ce483683b94d80806e170e663888fbb241f9ede6
./tmp/cache/bootsnap/compile-cache-iseq/d7/13a230a71828f9	    1568	       0	application/octet-stream	28b7febe395417e293bf0de3cc55d947e1606889
./tmp/cache/bootsnap/compile-cache-iseq/d7/1dae2e37673041	     716	       2	application/octet-stream	e650a41b0c0a48e8b0e15bf8a99718e0e49c16f6
./tmp/cache/bootsnap/compile-cache-iseq/d7/502b54bd4b4769	    3144	      24	application/octet-stream	4cfceac75542fb7d99f50771b5fdcf5dd3e0e22f
./tmp/cache/bootsnap/compile-cache-iseq/d7/57bc7c69137db0	   17556	     401	application/octet-stream	f3614b59c72a663aebfd6c9580082751f8d4284e
./tmp/cache/bootsnap/compile-cache-iseq/d7/8def02aa9d2c30	    4244	      26	application/octet-stream	4720bb593b1f1ff1862cd36bb14ad9ecd24b6283
./tmp/cache/bootsnap/compile-cache-iseq/d7/a5cbdc3814f074	   18140	     395	application/octet-stream	3df6053087bc11cee1ccca6f9d0616b7378d019d
./tmp/cache/bootsnap/compile-cache-iseq/d7/aca3e92cc1f874	     896	       0	application/octet-stream	04c6b74f432d7ed05e9bdd0056555d7144197aa7
./tmp/cache/bootsnap/compile-cache-iseq/d7/bbb03d84f773c1	     568	       1	application/octet-stream	dac7f007635ce2d29355a6e875f5934132e9ddce
./tmp/cache/bootsnap/compile-cache-iseq/d8/06ce339e8951ef	   15056	     202	application/octet-stream	a7252d2f586410d292eecbe2bb9af4df4e33f8b9
./tmp/cache/bootsnap/compile-cache-iseq/d8/0b028395cd8fdd	   11644	     180	application/octet-stream	2119607c645d940b19ec6a2bbc78e09a676325c8
./tmp/cache/bootsnap/compile-cache-iseq/d8/0eb6e6e2d991f0	    5384	       9	application/octet-stream	8610516c830df23dadaf4a0916d48c430383136a
./tmp/cache/bootsnap/compile-cache-iseq/d8/17e5c6e49cc952	    3064	      22	application/octet-stream	cd681623f0e193a131496e5d1a59099b5dea13fd
./tmp/cache/bootsnap/compile-cache-iseq/d8/24d23c68ab1e2c	    5100	       7	application/octet-stream	c2581d69ffc0bd523b51a944622310fc8b793acf
./tmp/cache/bootsnap/compile-cache-iseq/d8/44d3f31932a0a1	   23136	     663	application/octet-stream	65a13667ba9fb770c965bbe18cfd591b2f1290ea
./tmp/cache/bootsnap/compile-cache-iseq/d8/509241c76f4429	     864	       0	application/octet-stream	db22161f1ddc3f1658aaa550c8800c18b138c901
./tmp/cache/bootsnap/compile-cache-iseq/d8/7caf6476f3927d	    1040	       0	application/octet-stream	542f34dddb96c74fa4adb807c952e0c3c27dd0fa
./tmp/cache/bootsnap/compile-cache-iseq/d8/835fe5f667f8f3	    3308	      26	application/octet-stream	04c4bad0d209040af2a57930766946bc2345a904
./tmp/cache/bootsnap/compile-cache-iseq/d8/bfff4b20cdf9da	   18156	     200	application/octet-stream	cc137897ee81864d511884d242ad5ae9dbdd6eca
./tmp/cache/bootsnap/compile-cache-iseq/d8/c39b9e7c883caf	    3624	      22	application/octet-stream	03528d9e0017b75c37b0cc38824e5b360348af16
./tmp/cache/bootsnap/compile-cache-iseq/d9/1552a8a6859749	    6712	       5	application/octet-stream	51e378b4ec8641f4cbbf8fe2e9bbba7b5446fcc7
./tmp/cache/bootsnap/compile-cache-iseq/d9/2bf76761a4fbc4	    2460	       0	application/octet-stream	9ef59486fcc53059365755a5f66a8a004015ee31
./tmp/cache/bootsnap/compile-cache-iseq/d9/2dde4bcc56d53d	    1612	       1	application/octet-stream	3c72e6355cb9d06978feccc9446dc30fa2217cbf
./tmp/cache/bootsnap/compile-cache-iseq/d9/4770e2c03d01e5	    1048	       0	application/octet-stream	415d5990ff83327c5bf234463e3de5fb6a993aad
./tmp/cache/bootsnap/compile-cache-iseq/d9/5447d61ed67476	   31236	     859	application/octet-stream	88e0dfc5848a14642300c58b59013bae46721c70
./tmp/cache/bootsnap/compile-cache-iseq/d9/b06fe83ead3281	    1848	       0	application/octet-stream	117782a76b3bf8a77273a7fb61fe46a50f73747f
./tmp/cache/bootsnap/compile-cache-iseq/d9/bdd93be6fd8d9e	    2264	       2	application/octet-stream	1d5ce4acfb2823a10115b8f80276127a9399f634
./tmp/cache/bootsnap/compile-cache-iseq/d9/eca44a610edb71	    2556	      15	application/octet-stream	831c39e0c1ee9c6ddbfc939bc3ecc50c1a18150c
./tmp/cache/bootsnap/compile-cache-iseq/d9/f47a1f3e994875	   12796	     132	application/octet-stream	c9f92d0ac94910876c77f03b30209f5cbdeb23d5
./tmp/cache/bootsnap/compile-cache-iseq/da/1797d98d4d56d0	     628	       1	application/octet-stream	7604991ab410e9d75abd36422d669cafb23ed3b7
./tmp/cache/bootsnap/compile-cache-iseq/da/2b54bf76c57406	   45020	     989	application/octet-stream	bbbf4204265a171c5eecd3f41c5d37b2376fd03f
./tmp/cache/bootsnap/compile-cache-iseq/da/3c87245b9c6387	    2656	       4	application/octet-stream	d1d1e072170148ed3fd93b3a9f09d0919608a75b
./tmp/cache/bootsnap/compile-cache-iseq/da/4f721475b5225a	    1304	       1	application/octet-stream	ddd2cb9b32e84ef2d339e0d87f57a024cbcc15e3
./tmp/cache/bootsnap/compile-cache-iseq/da/5e7d9ab6249106	    1020	       0	application/octet-stream	74f5b1db498a82401aa479252c8849241f7b1ac2
./tmp/cache/bootsnap/compile-cache-iseq/da/7d469dc340b14f	   10692	     126	application/octet-stream	efdcba5b34f016a9b29333fc28efa9dfeb73dc95
./tmp/cache/bootsnap/compile-cache-iseq/da/9d22dadce160b1	    1644	       1	application/octet-stream	3a24c89b661758de45b7ed6cf3dc76a5df2607e3
./tmp/cache/bootsnap/compile-cache-iseq/da/b23ab1b3609650	    1976	       1	application/octet-stream	85c78abd04b34700da69ea6c4268c7143ac06d45
./tmp/cache/bootsnap/compile-cache-iseq/da/d3049185b30550	    1420	       0	application/octet-stream	350c1522c0e9d95cf4b0b59ad0673a21699e4529
./tmp/cache/bootsnap/compile-cache-iseq/da/df245c8b22185b	    2520	       3	application/octet-stream	6d6ea23931be0316e2c4dc7b03a2bf5d00358c4e
./tmp/cache/bootsnap/compile-cache-iseq/da/edf68fc676af1b	   39244	     783	application/octet-stream	d1231f20a862697e9be363a6deff7a3e05c2f008
./tmp/cache/bootsnap/compile-cache-iseq/db/7d1582e3d6cc56	    2960	       4	application/octet-stream	d125da02fc6df2ccbb8d9c9fe8a9fca3b93604ed
./tmp/cache/bootsnap/compile-cache-iseq/db/a5ca0203ad960a	    4164	       8	application/octet-stream	3930a0df1d00ffd597ce360e8c4fabc650ef303e
./tmp/cache/bootsnap/compile-cache-iseq/db/d8a14e78b6c4ec	    6508	      12	application/octet-stream	84aa95c66ebe548a3aa098309c75ccadb73f4dc3
./tmp/cache/bootsnap/compile-cache-iseq/db/df504f54c0ed1e	    1404	       2	application/octet-stream	fa737372f6689d0e62be8aec1f1eb3900dec0e0e
./tmp/cache/bootsnap/compile-cache-iseq/db/edd67f91bc7496	    7912	      57	application/octet-stream	39bea3d9bf5862e7e1fffc3ea5962158ba487ed6
./tmp/cache/bootsnap/compile-cache-iseq/db/fc62fc1e3a5f0a	    2012	       1	application/octet-stream	1029b4b799587cc1c8e8b04650305b73faad2580
./tmp/cache/bootsnap/compile-cache-iseq/dc/048648e4e5e2ae	    2172	       9	application/octet-stream	ad91bef21ab995412d40993efa0f91eafa918c34
./tmp/cache/bootsnap/compile-cache-iseq/dc/09f6441a7fb566	     800	       0	application/octet-stream	90e1c213a61e23520494422562a6a99a8bf26933
./tmp/cache/bootsnap/compile-cache-iseq/dc/1f3feb5b9843cb	    1620	       3	application/octet-stream	f286e20cfe2464d7afe306a3dd5ecee65edd119f
./tmp/cache/bootsnap/compile-cache-iseq/dc/32362e417fb27f	    1584	       0	application/octet-stream	1f15d5d2042940ba18ec78d20570462f322cc281
./tmp/cache/bootsnap/compile-cache-iseq/dc/329aafd9738aa0	    1292	       0	application/octet-stream	df09aa20d3283dc39f0c8627adb327c6e48544c2
./tmp/cache/bootsnap/compile-cache-iseq/dc/493fa888b9af1a	    1144	       0	application/octet-stream	b9effe72055f16c27141077cffa2c3c72b742786
./tmp/cache/bootsnap/compile-cache-iseq/dc/79ac6ede6fdb73	    4568	      11	application/octet-stream	c0ba93cdc421cee5695d54a921c64c50abb8b4a9
./tmp/cache/bootsnap/compile-cache-iseq/dc/7bf57589a8d0ef	   23052	     623	application/octet-stream	32da135bac6c519daf5ed976ae86497fc1f03826
./tmp/cache/bootsnap/compile-cache-iseq/dc/7cafb26c1b4dc8	    2616	       2	application/octet-stream	004eaa658b7d407b27e09c55b166ad783b002f42
./tmp/cache/bootsnap/compile-cache-iseq/dc/a2ca4bea5642ae	    2100	       0	application/octet-stream	058a9483bf6d638f96c735768176d452be8aa3d6
./tmp/cache/bootsnap/compile-cache-iseq/dc/e1d1218234dc36	    1128	       0	application/octet-stream	c95d68648b7a8ccab877c34995f2a4d7a94707df
./tmp/cache/bootsnap/compile-cache-iseq/dd/642ba29b4ee1fa	    2416	       0	application/octet-stream	4658321112cc0b6157d5f978eb0d7077dfb2209d
./tmp/cache/bootsnap/compile-cache-iseq/dd/a32f76012b4676	    2524	       0	application/octet-stream	72f5a8605470872bd70dd5cde7396f9b7442260a
./tmp/cache/bootsnap/compile-cache-iseq/dd/aecdd373d63196	    2148	       1	application/octet-stream	c9a967a6688cbc337ff4959b8402db6283e55628
./tmp/cache/bootsnap/compile-cache-iseq/dd/d2f93d565c0208	     632	       0	application/octet-stream	9260d0404a3991d28e9f442fddb4eb615a8e37e5
./tmp/cache/bootsnap/compile-cache-iseq/dd/f94c6814d3c695	    3868	      16	application/octet-stream	034673fef20ef0fa8ad42e7499b868ac2697a96a
./tmp/cache/bootsnap/compile-cache-iseq/de/0bbbcafe062418	     496	       0	application/octet-stream	017b574d4da20b7e9fd2b3ac73e84a76f03346fd
./tmp/cache/bootsnap/compile-cache-iseq/de/125ee5675508f7	    1128	       0	application/octet-stream	d9c75dd09dbae2ca133bb0432c62f03c1f44b4f0
./tmp/cache/bootsnap/compile-cache-iseq/de/226711279f30e2	    1980	       1	application/octet-stream	1adc3e496aa16de669caaa5279300a06ee4b1df0
./tmp/cache/bootsnap/compile-cache-iseq/de/2e47610e924ae0	    2912	       6	application/octet-stream	36d2b40bf5d1b7b867da99a53dea4870adc7cfaa
./tmp/cache/bootsnap/compile-cache-iseq/de/39644519852917	    4420	       2	application/octet-stream	ceb39a10ed6ba296d181f059a257748ed6486b20
./tmp/cache/bootsnap/compile-cache-iseq/de/8155ca86217775	     352	       0	application/octet-stream	29057293b8dbb9af3e2fe7a2cc08c94a34e0cb27
./tmp/cache/bootsnap/compile-cache-iseq/de/8b49c3a4e0d820	    4892	       7	application/octet-stream	5cabee7dc6f9d43f43682fefbaacd98d22ca960e
./tmp/cache/bootsnap/compile-cache-iseq/de/a5a2dccf514b43	    2404	       3	application/octet-stream	0d3fdd2cbcf863a005c9dd5f745c49e9fdba9174
./tmp/cache/bootsnap/compile-cache-iseq/de/bad48ceba8e8bb	    1088	       0	application/octet-stream	40f6b723a18a55afd6c98516618178927fb2d40a
./tmp/cache/bootsnap/compile-cache-iseq/de/bf48e0714e4cfe	    9780	     186	application/octet-stream	c8f3f131dbf20b23a4605e6f12ff469625e08ddb
./tmp/cache/bootsnap/compile-cache-iseq/de/f61b780036a4c6	     752	       1	application/octet-stream	94f2c93837404fe4cf27cf1d8ea0058a6f26364f
./tmp/cache/bootsnap/compile-cache-iseq/df/0f969397006256	     948	       0	application/octet-stream	a6147ec74496f6e06a8b069f48de99a78f755a90
./tmp/cache/bootsnap/compile-cache-iseq/df/1802a9bbaa4e8a	    4328	      14	application/octet-stream	1ccd5cc0c55519f32b634641f9de4f381d4a6770
./tmp/cache/bootsnap/compile-cache-iseq/df/a5563c89be6f06	    2164	       2	application/octet-stream	3f5e81ab90061b7f4ede4e64afa5a651d588f416
./tmp/cache/bootsnap/compile-cache-iseq/df/ea8c8d84d28c7f	    2328	       0	application/octet-stream	7df0b052df94eb3e0ad5c21a74b88fcfb5ddde8d
./tmp/cache/bootsnap/compile-cache-iseq/e0/258c08e131a6b1	    6704	      15	application/octet-stream	7d3ab1b6c4fa9f8d933c123f5c949e95fdbb7dca
./tmp/cache/bootsnap/compile-cache-iseq/e0/3a1339aced2ae9	    2956	       6	application/octet-stream	ea119b0f106adcb4aa17c4352897af35207dc35a
./tmp/cache/bootsnap/compile-cache-iseq/e0/4c7a8008706e4a	    1468	       2	application/octet-stream	798134375e5acc376ca0c109c489713a93bba6a3
./tmp/cache/bootsnap/compile-cache-iseq/e0/5cac7cfb6e8290	    2884	       1	application/octet-stream	fea4418e58fcc5486a273785e3199904ee348158
./tmp/cache/bootsnap/compile-cache-iseq/e0/7b7b9a7e66b278	     796	       0	application/octet-stream	357128dc7d0cc2d9f82e686d7a42f52b1f32ca21
./tmp/cache/bootsnap/compile-cache-iseq/e0/993581d825e34e	    6112	       9	application/octet-stream	75cc68038c784e41aac10af81e1cf47013f324d5
./tmp/cache/bootsnap/compile-cache-iseq/e0/a17d1bb6b33a2a	    1748	       1	application/octet-stream	d44b601a2fdfdf2258a9481071730a12e5674791
./tmp/cache/bootsnap/compile-cache-iseq/e0/a928cb31f67999	    2544	       6	application/octet-stream	434f4430a0cc1b68e73cf522ca7b0fd7bd421601
./tmp/cache/bootsnap/compile-cache-iseq/e0/b56e33f4374fdf	    7484	       5	application/octet-stream	7778ce35b76f8808121887f4a60f20d9a92fc109
./tmp/cache/bootsnap/compile-cache-iseq/e0/f6b1d2ee1592ad	     904	       0	application/octet-stream	ecb7b748b2875ca0dc1d7ce5f72964c05ad0af53
./tmp/cache/bootsnap/compile-cache-iseq/e1/07e99f783f2ba1	    6652	      28	application/octet-stream	78e7e775c4641982f6f98f99ebfcf1623399bfdd
./tmp/cache/bootsnap/compile-cache-iseq/e1/1824a7636605be	    2804	       5	application/octet-stream	db374b62edc5254791c96627903c9d6b6f16603b
./tmp/cache/bootsnap/compile-cache-iseq/e1/1fb574e65a4135	    2876	       7	application/octet-stream	8a9b09912564f6e1f392981b7ee36c248a086778
./tmp/cache/bootsnap/compile-cache-iseq/e1/36d90514c85776	   26532	     752	application/octet-stream	7b26919ec1adeb5beb32e4b29c1e3575edf9a4d4
./tmp/cache/bootsnap/compile-cache-iseq/e1/46229b1b7374fb	     548	       0	application/octet-stream	e30ebd053fb005eb107b67c4b98913c21104dba3
./tmp/cache/bootsnap/compile-cache-iseq/e1/6d87a01c3d6006	   12196	     120	application/octet-stream	2ba220d2412b820a34e50bfcfb7c532c6d3368ce
./tmp/cache/bootsnap/compile-cache-iseq/e1/82ce7067594786	    3392	      31	application/octet-stream	258d77c9a367068502a4e71956be4029de90cbcd
./tmp/cache/bootsnap/compile-cache-iseq/e1/a2e69b6a4104b1	    3088	      24	application/octet-stream	0135047c744f9729bae89b32ef3114421570ddf9
./tmp/cache/bootsnap/compile-cache-iseq/e1/a7b20aea315911	    5592	      13	application/octet-stream	4a2b71d2e135011169cd131ec3d73bb37d3f4f8f
./tmp/cache/bootsnap/compile-cache-iseq/e1/b5a7af177e602d	    1216	       0	application/octet-stream	626f397d731cae71a8a97e7f0d7ddbe2aa1bcc89
./tmp/cache/bootsnap/compile-cache-iseq/e1/bf1c51ebe5999a	     592	       0	application/octet-stream	5091b749eae84d6f3881e48a3d17a9c4b598f137
./tmp/cache/bootsnap/compile-cache-iseq/e1/cc536736e255eb	    1980	       0	application/octet-stream	37a0048befe55df45da013fbbd35f7d6b4a0f614
./tmp/cache/bootsnap/compile-cache-iseq/e1/fdcb705d6e3116	     348	       0	application/octet-stream	a3b34bbb98b34e834f42b1bc2336b3b91a8d5282
./tmp/cache/bootsnap/compile-cache-iseq/e2/2f86897e17028b	    2036	       0	application/octet-stream	e536749a63f0654e90ec8b6eae4167a5421e1877
./tmp/cache/bootsnap/compile-cache-iseq/e2/3f1e29e15dc9f9	    2908	       4	application/octet-stream	601bad41f202890c88549391a19ccf3917c77c4a
./tmp/cache/bootsnap/compile-cache-iseq/e2/453e42e1268741	     504	       0	application/octet-stream	09b0cce15ae8b231daf5a4ee58ab5617da283a68
./tmp/cache/bootsnap/compile-cache-iseq/e2/6a9740886eb3f2	    3648	      18	application/octet-stream	39aee19731f35016fd27228dfcf6551f4f9c4a64
./tmp/cache/bootsnap/compile-cache-iseq/e2/a1b5a0f12a271b	    7992	     157	application/octet-stream	9574fab726c1b70217ce30fe59fc1ee9071f2e2e
./tmp/cache/bootsnap/compile-cache-iseq/e2/c4c8243fefef7e	    2276	       5	application/octet-stream	99f7526ab47ac28348ce13ac5833c3b37baf4f12
./tmp/cache/bootsnap/compile-cache-iseq/e2/d0c0ca346d7294	     840	       0	application/octet-stream	fdf6649b148f00e16a58c208a756bb3a711e4a1a
./tmp/cache/bootsnap/compile-cache-iseq/e2/d41eb967fb4e03	    8656	      66	application/octet-stream	60517960b16f23c72cd18f9bc87a6e20575a82d9
./tmp/cache/bootsnap/compile-cache-iseq/e2/e03e374167e743	     736	       0	application/octet-stream	27156b2ec990cd25e825dcc9061dfbe36b1d5b72
./tmp/cache/bootsnap/compile-cache-iseq/e3/08f92f3f4ee638	    6504	       8	application/octet-stream	5817cc8f8c6ca416aa8631560c0a56f6409b4769
./tmp/cache/bootsnap/compile-cache-iseq/e3/0b8c50b3fb88b8	    4544	      37	application/octet-stream	e0c07a4172d492d6b8e135986f9cb7f3afb294d1
./tmp/cache/bootsnap/compile-cache-iseq/e3/0d3c408bfba9a9	    1428	       0	application/octet-stream	2ef6cb40a25f8259a6bf0c2af9ed059bdabca0c9
./tmp/cache/bootsnap/compile-cache-iseq/e3/2419f7f012f6b8	    1480	       0	application/octet-stream	bfc30e6a597a6cb02a6baa5656a0b1c7eb191458
./tmp/cache/bootsnap/compile-cache-iseq/e3/3272f4170751b5	    1996	       2	application/octet-stream	f59d5a968318c60b0ca07d939b8a6e7b46000b70
./tmp/cache/bootsnap/compile-cache-iseq/e3/3bdd5c68cb89aa	    7136	       7	application/octet-stream	badd8c1b845fccb5c16698964eca73e85f9a5535
./tmp/cache/bootsnap/compile-cache-iseq/e3/43088f478fd5e1	    6308	      12	application/octet-stream	08f2340230cc0ccd0992c2372893616f85c9f0ff
./tmp/cache/bootsnap/compile-cache-iseq/e3/4d8522c6332536	    1080	       0	application/octet-stream	852b4a2d608ed350594892728241d6066d2db165
./tmp/cache/bootsnap/compile-cache-iseq/e3/4e4133a99ca0ea	    8112	      16	application/octet-stream	2c592395425f9e2c32f74def1b2d30fb925ddf18
./tmp/cache/bootsnap/compile-cache-iseq/e3/750d63aa345fce	    1860	       0	application/octet-stream	024f19d8965812e47f8ac6c7a6275eede65e156f
./tmp/cache/bootsnap/compile-cache-iseq/e3/96d7f539272f65	    8580	      28	application/octet-stream	d086d16561ee08336e752151f945603da1f9ad73
./tmp/cache/bootsnap/compile-cache-iseq/e3/9a029c697f9cfc	    2816	       4	application/octet-stream	c307c93658b585eddafa9b16470b3685f01133c4
./tmp/cache/bootsnap/compile-cache-iseq/e3/b14fac3f819179	    2336	       1	application/octet-stream	7417d5995151540234336f839b887498795aea86
./tmp/cache/bootsnap/compile-cache-iseq/e3/cbe011ba024f69	     472	       0	application/octet-stream	a53e02569f387bbdb3df5d96e748699d8e52e056
./tmp/cache/bootsnap/compile-cache-iseq/e3/d7d177baee8b97	   10016	      58	application/octet-stream	2ca31bed957fcf8c25c9dcf7f5257b4b5ea200f2
./tmp/cache/bootsnap/compile-cache-iseq/e3/dae4eb39fda35f	    1044	       1	application/octet-stream	579f19ca41c93c6040662e81714e630abac1f372
./tmp/cache/bootsnap/compile-cache-iseq/e3/e5e8ad78eab73b	    1068	       0	application/octet-stream	b08faa3ecc6399e6279a207a1177f781207543f0
./tmp/cache/bootsnap/compile-cache-iseq/e3/fa29ffab404dbe	    2432	       0	application/octet-stream	62aa9aa501d23ee07bad3ea492ebfc38d60ac712
./tmp/cache/bootsnap/compile-cache-iseq/e4/1433aa43b14ae8	   14868	     171	application/octet-stream	1f3ce530aee8ec4b1631392f88700439a7b33fe2
./tmp/cache/bootsnap/compile-cache-iseq/e4/46b3fbcbdc0d8f	    2560	       3	application/octet-stream	35be6d635088c8aa1b1d2c54b3418b3e489d6d40
./tmp/cache/bootsnap/compile-cache-iseq/e4/4adc5e084bac25	    2964	       7	application/octet-stream	cca33eb4c862a3fced3ff48b374f1c14a18b2ea8
./tmp/cache/bootsnap/compile-cache-iseq/e4/6e851f810a2ca3	    1948	       2	application/octet-stream	7acda409df09e5f22f5c212b09f029a5f42f78cc
./tmp/cache/bootsnap/compile-cache-iseq/e4/94efdbdcd2daf2	    2316	       5	application/octet-stream	b770e91fe1a1702d3c014f8db9c2428e965833ac
./tmp/cache/bootsnap/compile-cache-iseq/e4/a9c5b8ee7cb034	    6480	      16	application/octet-stream	80196560aba86ace3581b95547d4ba8a31a04291
./tmp/cache/bootsnap/compile-cache-iseq/e4/b35563131f7fdd	    2444	       1	application/octet-stream	6c5f1627639fa7ee757279bf1620488cbd69871a
./tmp/cache/bootsnap/compile-cache-iseq/e4/f8333eda4d2ff8	    2524	       2	application/octet-stream	eca7828168f8f7a4aa0e94356a02c8deabc7810d
./tmp/cache/bootsnap/compile-cache-iseq/e5/04e1534d059fa9	    1376	       0	application/octet-stream	b0f35e7db1e4d9d72fcea0dc95c1a165764cb0d4
./tmp/cache/bootsnap/compile-cache-iseq/e5/141487f925d91f	     976	       0	application/octet-stream	69660a4649a7a1caaf66e246b5248f04149ff846
./tmp/cache/bootsnap/compile-cache-iseq/e5/25a28d48ea61f3	   24920	     436	application/octet-stream	eb4c680c6663cb080fcd7f002a3b41f76ee407af
./tmp/cache/bootsnap/compile-cache-iseq/e5/2f28724f73fc96	    4480	      11	application/octet-stream	71b1332abdf06926b2d6fbd53596e8401ae109d4
./tmp/cache/bootsnap/compile-cache-iseq/e5/652c231cf8371b	    8248	      53	application/octet-stream	bcf2dc6551b5cb51cfb7830961264f1f1a96c520
./tmp/cache/bootsnap/compile-cache-iseq/e5/72ce84d2f1f0a9	   13792	     188	application/octet-stream	8d3310a8643e17fa859b5507fa12671cc40076d7
./tmp/cache/bootsnap/compile-cache-iseq/e5/7321395fbc67f7	    3296	      26	application/octet-stream	dd21cbb43d008442bd2acf32a17dc899eda20e76
./tmp/cache/bootsnap/compile-cache-iseq/e5/764420784c6b93	    8800	      35	application/octet-stream	980cbbfb352abddf8c5b1da8d9fbafdb03c458a1
./tmp/cache/bootsnap/compile-cache-iseq/e5/9c9dccec6aeac4	    4692	       9	application/octet-stream	f1aa701b85cbac96e3352e3db1343bc463acd12e
./tmp/cache/bootsnap/compile-cache-iseq/e5/a3e08851533972	     716	       0	application/octet-stream	fdadcedafc6a4cf601fb5053b0513578a46f1140
./tmp/cache/bootsnap/compile-cache-iseq/e5/b01588080a431b	    7624	       4	application/octet-stream	58d0e58a2f4db4efca7bd626c2f2a8fa09b235a2
./tmp/cache/bootsnap/compile-cache-iseq/e5/c8118138d4a74d	    5676	       3	application/octet-stream	696056cb9c9c4cc94b804c5f8bef9782233e5b9a
./tmp/cache/bootsnap/compile-cache-iseq/e5/caacaae9e98fda	    2176	       0	application/octet-stream	163c89b7702f4f60dc18535ebb7d53fe1afc7338
./tmp/cache/bootsnap/compile-cache-iseq/e5/dfd32a50c1197d	     864	       0	application/octet-stream	62f80e4a08d3e363c9f796530bcfca2d35637c79
./tmp/cache/bootsnap/compile-cache-iseq/e5/f34c6a2d6f723e	    3576	      29	application/octet-stream	8bbb27179c2b8a78c250a850b06c2394369a99b8
./tmp/cache/bootsnap/compile-cache-iseq/e5/ff8547ae84c765	   16064	     216	application/octet-stream	a3b07a1d2608249f4c82e747c80bb75fc55bffda
./tmp/cache/bootsnap/compile-cache-iseq/e6/0d94f4adaf9c12	    1852	       0	application/octet-stream	a183920c01da36ce7a4f54ad280177b43758fba0
./tmp/cache/bootsnap/compile-cache-iseq/e6/3f2a49bb72894b	    1108	       0	application/octet-stream	b2dd98f7fd0642df6467953773bccbd71cde02c6
./tmp/cache/bootsnap/compile-cache-iseq/e6/41b340ac482f48	    6592	      12	application/octet-stream	288df07f3734c80fd29977041b7e65d68d820a84
./tmp/cache/bootsnap/compile-cache-iseq/e6/5e3d688fc2106e	    5476	       5	application/octet-stream	26087c259e60f4e49d870bf86cb7a576b5b86eaa
./tmp/cache/bootsnap/compile-cache-iseq/e6/6619839f1e8d3b	  198320	     746	application/octet-stream	d437268fab916424cc93863ecd0a8f22fef63b8b
./tmp/cache/bootsnap/compile-cache-iseq/e6/7d9cc48a0c019b	    4012	      17	application/octet-stream	075ec9d897712a2ca975ef0edb697aad86e86a04
./tmp/cache/bootsnap/compile-cache-iseq/e6/b0251b546c1b61	    2080	       6	application/octet-stream	03dd00ee29676ebda0dc8182e7946b83321f397e
./tmp/cache/bootsnap/compile-cache-iseq/e7/817af28cd9eefc	    1608	       2	application/octet-stream	c42fcccbc421030806ce2583fc1c12030d8ea320
./tmp/cache/bootsnap/compile-cache-iseq/e7/89ea67437924c8	    3740	      25	application/octet-stream	846d6f87c75acba9baaccd46f5ed0e3de15b0432
./tmp/cache/bootsnap/compile-cache-iseq/e7/959df11fb8b722	    3828	      26	application/octet-stream	9caa135a289099eaf90b919ab9f4e41e50bcd340
./tmp/cache/bootsnap/compile-cache-iseq/e7/a11cbe91f8c167	     900	       0	application/octet-stream	a9fb700d1a0f2f38879d21f7907f982843666820
./tmp/cache/bootsnap/compile-cache-iseq/e7/ac7628c8b58508	    4660	      11	application/octet-stream	b3af0a7827a90127e7ebec91a4c4c6ac88c676c1
./tmp/cache/bootsnap/compile-cache-iseq/e7/b279d001f8329f	     868	       0	application/octet-stream	283f19558ddb293cd13e5f986588dfaff7e42d8f
./tmp/cache/bootsnap/compile-cache-iseq/e7/be87ff77a13dbf	    1172	       0	application/octet-stream	64dfa1930342deddd6fa15694aeaf46c3e16440f
./tmp/cache/bootsnap/compile-cache-iseq/e7/c843bbd28d69ca	    3152	      16	application/octet-stream	87f4ab5e3ac95e02458f982a93a2fd883f340063
./tmp/cache/bootsnap/compile-cache-iseq/e7/cdbce08c4bf0da	    1384	       0	application/octet-stream	b033981391ba38e38ec215f705c33fa3afd9d651
./tmp/cache/bootsnap/compile-cache-iseq/e7/d8f82378c0df71	    2552	       3	application/octet-stream	b60feef4cac5bce5cd3cd34597eef63b55e77c18
./tmp/cache/bootsnap/compile-cache-iseq/e7/eae9fe03ede7a9	    2204	       1	application/octet-stream	2a0eef975e1e3212534d82d439f3eca02e44327b
./tmp/cache/bootsnap/compile-cache-iseq/e7/f9aa13ca52d7d8	    3048	      13	application/octet-stream	3448c4c0d682ad60df3ac3b43a5b5cad6f83e8e8
./tmp/cache/bootsnap/compile-cache-iseq/e8/0482a772ac5647	     792	       0	application/octet-stream	fb43d4ece1a7166ed87ccfd0e0923c6b696b114f
./tmp/cache/bootsnap/compile-cache-iseq/e8/0963e5212bc231	   18592	     329	application/octet-stream	460dae7a221a065da563376ff4b4db3dacfd75dd
./tmp/cache/bootsnap/compile-cache-iseq/e8/0e3dbad9ba7aca	   18996	     200	application/octet-stream	3522ad97fd362add2a1725848afa41c1eb3f89c1
./tmp/cache/bootsnap/compile-cache-iseq/e8/125ff7cd436312	    3848	      14	application/octet-stream	b40050376a3d8807c37b3951a06dca3e2a8490c8
./tmp/cache/bootsnap/compile-cache-iseq/e8/2560d2956ab290	    8920	      15	application/octet-stream	0291ce7246f83d526e574984f7ab81279c0938ba
./tmp/cache/bootsnap/compile-cache-iseq/e8/42465edb8d32df	    5960	       9	application/octet-stream	80a934b2e2dba89fb9e22c95b28eb80d37db3e35
./tmp/cache/bootsnap/compile-cache-iseq/e8/43f9739555847e	    4544	      13	application/octet-stream	cd12f52fa79440bbbfd1f26898795f054cdcba61
./tmp/cache/bootsnap/compile-cache-iseq/e8/a3c2d942450930	     760	       0	application/octet-stream	27ec8795e01bec8b2cfd2872fe2017feadfeabe8
./tmp/cache/bootsnap/compile-cache-iseq/e8/a72b6bcc982494	    9560	      78	application/octet-stream	814c3d62042b53d380cea263dc18b7fbe0023a74
./tmp/cache/bootsnap/compile-cache-iseq/e8/b4864a02fc5e62	     984	       0	application/octet-stream	7c8c045b1c513bb4d739da4722349101eaf26a27
./tmp/cache/bootsnap/compile-cache-iseq/e8/c1f3a639084c26	    1696	       0	application/octet-stream	f682ee3ce743f8ddf58b4514a7421d36ac7847f8
./tmp/cache/bootsnap/compile-cache-iseq/e8/c5760ce63d42f4	    4440	       6	application/octet-stream	56dca558fa0df66302a1be944b339732792cfc56
./tmp/cache/bootsnap/compile-cache-iseq/e8/e0061bd95eb3a5	    7900	      59	application/octet-stream	69cc0a02140e32c6e10a5c0f344eb00fc57d2ebf
./tmp/cache/bootsnap/compile-cache-iseq/e9/1c114056884d20	    4204	       7	application/octet-stream	cdeedaaf7f0c0942ff8a7ddd6ea6329b1b5fd8cb
./tmp/cache/bootsnap/compile-cache-iseq/e9/2bf4529361bf6f	     752	       0	application/octet-stream	3c09606c5e3f981ef8b29278003c9dc6762e415b
./tmp/cache/bootsnap/compile-cache-iseq/e9/39db84cd310830	    8108	      20	application/octet-stream	2976916da645c58d09433966dadd3dd32acd04ed
./tmp/cache/bootsnap/compile-cache-iseq/e9/dd24bec03645c2	    4616	       5	application/octet-stream	28fd3f0eed8e9c7d65480832be5c6a9d78ef21c7
./tmp/cache/bootsnap/compile-cache-iseq/ea/2b52d5849f2b56	    1568	       1	application/octet-stream	363259fd04333dddf5d7721d05c88ba49e300270
./tmp/cache/bootsnap/compile-cache-iseq/ea/57079dd3eacbfa	    1696	       1	application/octet-stream	b41dca5f73090e4c7bd1241d9052130adb144640
./tmp/cache/bootsnap/compile-cache-iseq/ea/8a4e1f0ea7ebab	     772	       0	application/octet-stream	44d06dfd6bfae5e868e5bc14ea0ec0023b08868a
./tmp/cache/bootsnap/compile-cache-iseq/eb/12ae3019b06f44	    1412	       0	application/octet-stream	bd32cab0d4c7639f2ac05649dde0016a069f3287
./tmp/cache/bootsnap/compile-cache-iseq/eb/575cf07e33b239	    8952	     151	application/octet-stream	a8ffec959e7f6b09e23faa52977aedc6a90a6a6e
./tmp/cache/bootsnap/compile-cache-iseq/eb/73216ec348c54f	    1240	       1	application/octet-stream	3960fd7e292b4d78efd12e65d405270fde9a547e
./tmp/cache/bootsnap/compile-cache-iseq/eb/94c3187482b331	    4932	       8	application/octet-stream	fe0ad91d7afa129568457975f6843ab3efd4a480
./tmp/cache/bootsnap/compile-cache-iseq/eb/b8d2e7775ec7c5	    2628	       4	application/octet-stream	d865371ff9d6485931a1b4c0537b87b1a8b815bd
./tmp/cache/bootsnap/compile-cache-iseq/eb/cc57e6e9fa800b	    9592	      46	application/octet-stream	5588ac9d2aa1ba4a62aa13534b57988fd1a5037f
./tmp/cache/bootsnap/compile-cache-iseq/eb/cda1a90f3fb644	    5328	      17	application/octet-stream	f4b794018fc4042a61ea009a0b838ee709807ba1
./tmp/cache/bootsnap/compile-cache-iseq/eb/ceebe932f437c6	    2876	       4	application/octet-stream	0e3a29b780410a0532e43adf4bd2fcd9040a7b45
./tmp/cache/bootsnap/compile-cache-iseq/eb/f03897d55e0e7b	    5628	      17	application/octet-stream	f52046a2446a83a2338383548a127db036cb8066
./tmp/cache/bootsnap/compile-cache-iseq/eb/fa9d9971154784	    3576	      13	application/octet-stream	94985cfd8f21e342e2be19ec31d46086ab00905d
./tmp/cache/bootsnap/compile-cache-iseq/ec/19c0a2135ce0db	    1552	       0	application/octet-stream	b57ad64c3cce5b4ed2913d826e2081d469e3dac6
./tmp/cache/bootsnap/compile-cache-iseq/ec/1a2c13ab9304a7	    1740	       0	application/octet-stream	bb045502f6e9c22c335c90fe674e72cb98678ef1
./tmp/cache/bootsnap/compile-cache-iseq/ec/23dd273e2f989d	     500	       0	application/octet-stream	cbe45f352253f42bdfec7eecb5df093d22027f41
./tmp/cache/bootsnap/compile-cache-iseq/ec/28475d4feb645c	   15304	     202	application/octet-stream	90592efb0aaec2e10ff0dc20070fc13f8fc968c5
./tmp/cache/bootsnap/compile-cache-iseq/ec/3c8b511038092a	   18384	     265	application/octet-stream	251e413362d9fe206a89bb59b10753d1e6547f7f
./tmp/cache/bootsnap/compile-cache-iseq/ec/4af90ef5e55be1	    3600	      19	application/octet-stream	e80cf8f14e125228a3ef9e24598cf2677da706f6
./tmp/cache/bootsnap/compile-cache-iseq/ec/79ea56adf3b8d9	    8268	       8	application/octet-stream	15c22035f9029d49c7d9848f1efe2d4ad80b3a12
./tmp/cache/bootsnap/compile-cache-iseq/ec/942dafcdea8b69	   11236	     162	application/octet-stream	c5ff3a958e1cae44a38c9818d700fe769b5654f9
./tmp/cache/bootsnap/compile-cache-iseq/ec/c9d2af9af7a5e3	    3808	      21	application/octet-stream	87b4428ec67d4205fd97da845d6a6fbd20ce23a3
./tmp/cache/bootsnap/compile-cache-iseq/ec/ce31889efde0e2	   12140	     152	application/octet-stream	6e12c0e0391987df302518f23d816508219dbedf
./tmp/cache/bootsnap/compile-cache-iseq/ec/d7242e51323f65	   10368	     141	application/octet-stream	e09eab831e1289ed68624a648edcb183de2b5603
./tmp/cache/bootsnap/compile-cache-iseq/ed/2450cb74f7c255	    6556	      14	application/octet-stream	1b68ad243501456f63ec5f54468cd3d11375d2bd
./tmp/cache/bootsnap/compile-cache-iseq/ed/36b2409cbc0019	    2704	       8	application/octet-stream	b9d0ab3e4313e6ce9bba43bca1d970b35bf20310
./tmp/cache/bootsnap/compile-cache-iseq/ed/47bece4b578a86	    5052	      10	application/octet-stream	a49ba66f8ecb5fa26a8540972b79355673862e96
./tmp/cache/bootsnap/compile-cache-iseq/ed/84fc40fafa28a6	     728	       0	application/octet-stream	0000d60acf654eda0c88f00ff2445e9d4dd4dc70
./tmp/cache/bootsnap/compile-cache-iseq/ed/98a1620b5d0abe	    1456	       0	application/octet-stream	d3c02cb4a58c57c0775346dddcc6cd121201773a
./tmp/cache/bootsnap/compile-cache-iseq/ed/b15159f47852b5	    1572	       0	application/octet-stream	88e9115dbd53f8c76d7f3f5e8de74fcc50c2247d
./tmp/cache/bootsnap/compile-cache-iseq/ed/e8f6c73224ba59	    7880	      51	application/octet-stream	3948e9defc489e311444c4dea51656c92138c7cc
./tmp/cache/bootsnap/compile-cache-iseq/ed/fdb0c2b2c5525a	   22500	     400	application/octet-stream	94e0de88acaeb9f932fe80e83d71fe0cdf912022
./tmp/cache/bootsnap/compile-cache-iseq/ee/08b6e6c922e824	    4772	      15	application/octet-stream	95f72ad5a31bf8ad6663b913b5993919029471b3
./tmp/cache/bootsnap/compile-cache-iseq/ee/15415f4f91a8b6	    5088	      11	application/octet-stream	2add319cde9b6032ac400c7356620d7d69e9a5fa
./tmp/cache/bootsnap/compile-cache-iseq/ee/2aef6c61461ab6	    1244	       0	application/octet-stream	684038042ae7d7cc599c713ca1999254d7fd2227
./tmp/cache/bootsnap/compile-cache-iseq/ee/2e10ec948403cd	   26852	     477	application/octet-stream	fde858f5934e7965c6b8609c087446cfb10be1ea
./tmp/cache/bootsnap/compile-cache-iseq/ee/358929f10a7edd	    1528	       1	application/octet-stream	538fd78bd3bafbc0adae2e54d02267789f9e25de
./tmp/cache/bootsnap/compile-cache-iseq/ee/4664e8ed1c4ac7	    1948	       1	application/octet-stream	91e5370b9e35157238319e8df1e7c27ecec653f3
./tmp/cache/bootsnap/compile-cache-iseq/ee/4f10490a7dd64e	    3916	      18	application/octet-stream	8eb63888c4f4a4ac00f8d8562ff8638460d99bd9
./tmp/cache/bootsnap/compile-cache-iseq/ee/904e5d1248b74f	    1356	       0	application/octet-stream	66477deabd1ee84c9dab84e04d104ef94c981f74
./tmp/cache/bootsnap/compile-cache-iseq/ee/97e661fb9aa391	    1848	       0	application/octet-stream	eadad2424705ccec5714f049afd9c63375c2e7a9
./tmp/cache/bootsnap/compile-cache-iseq/ee/a191fc9562251b	   19756	     201	application/octet-stream	cbf073c802232140e3769635b088457e1ba79501
./tmp/cache/bootsnap/compile-cache-iseq/ee/b14924c0452a0a	    8456	      37	application/octet-stream	ed7079d62f4aea9f28b1eecdad9494c887755d35
./tmp/cache/bootsnap/compile-cache-iseq/ee/bbf4f3f922f8af	    7712	       3	application/octet-stream	d5600a4f3222083d83fbfa4bfd9c46a8622aae2e
./tmp/cache/bootsnap/compile-cache-iseq/ee/cd17b910666dad	    8024	      45	application/octet-stream	4af7521e58f8728e6a466b6801061a4f2d0c05bf
./tmp/cache/bootsnap/compile-cache-iseq/ee/e12588522031af	   44040	     605	application/octet-stream	4b95657bf52c1f0ecc0ad1746a8eea8bd67a15d7
./tmp/cache/bootsnap/compile-cache-iseq/ef/0a1df814eadaa9	    4560	       8	application/octet-stream	62263ebd95796e128dfc6d838d9b60e39a81dd70
./tmp/cache/bootsnap/compile-cache-iseq/ef/102eee3215cd08	     624	       0	application/octet-stream	96d6311bce66f12cae1f0d847484f1c5f77a693f
./tmp/cache/bootsnap/compile-cache-iseq/ef/40c401df1e0d41	    3616	      27	application/octet-stream	cd97af66e12e0bd09cbd5412a21b8b045564632c
./tmp/cache/bootsnap/compile-cache-iseq/ef/558587e7501922	    3388	      24	application/octet-stream	4a438f36f17792546c4bb1fa99a4f91c0beef6ee
./tmp/cache/bootsnap/compile-cache-iseq/ef/731046927f94dd	    1320	       0	application/octet-stream	a5344805245ab14d19a1556193d4282ebd5967d4
./tmp/cache/bootsnap/compile-cache-iseq/ef/763b564f977256	   14908	     184	application/octet-stream	468b742db874cadc65da4307b98f96e6adddf9aa
./tmp/cache/bootsnap/compile-cache-iseq/ef/8cbf7cdcd8349f	    7940	      18	application/octet-stream	b889c18628673d42ac863483767ee454dfd4fc2d
./tmp/cache/bootsnap/compile-cache-iseq/ef/a58916b7139aa3	    1444	       0	application/octet-stream	db2b6e6c7b22025a937e5306165571dfcdfdc465
./tmp/cache/bootsnap/compile-cache-iseq/ef/ad91bc13ab1dc7	    2272	       3	application/octet-stream	c0adddb37b07c5e8db57f9dcf87d54d960c0f912
./tmp/cache/bootsnap/compile-cache-iseq/ef/b8ded853dace37	     508	       0	application/octet-stream	46b27169ee1fcb41622566e623a35e471a1cd8de
./tmp/cache/bootsnap/compile-cache-iseq/ef/d799699fad184b	    2224	       2	application/octet-stream	a49dc5fe4b90c22dbb5670f1ac870bcf2ca71e63
./tmp/cache/bootsnap/compile-cache-iseq/ef/f8857a836037a3	    4656	       9	application/octet-stream	52a2d31ce3a0ba66792b8208eee590e57cdc3864
./tmp/cache/bootsnap/compile-cache-iseq/ef/fe97ba5c47a426	    4256	       2	application/octet-stream	f5af991777e85ff811e8acac766c4e415944b5ef
./tmp/cache/bootsnap/compile-cache-iseq/f0/041b311284fc0e	   10368	     112	application/octet-stream	4f3bd34b88fcac30b20bb673bc5fe35196a6f52c
./tmp/cache/bootsnap/compile-cache-iseq/f0/0ebf972d6a3687	   10028	     178	application/octet-stream	a6c6490bc76a0b79096f7db70867909d7ba17bd1
./tmp/cache/bootsnap/compile-cache-iseq/f0/1da9fac1534790	    1004	       0	application/octet-stream	da202df59f1313fc187a9477e7d6162f13100d69
./tmp/cache/bootsnap/compile-cache-iseq/f0/79f2546d358fb3	    3188	       5	application/octet-stream	20aaae0cbc0ef36aed0f638b3a5debdb8fa06c17
./tmp/cache/bootsnap/compile-cache-iseq/f0/83d51fd9594059	    1124	       0	application/octet-stream	fb8db5821ba9c7ee5a0819e3aa3da27dd739b146
./tmp/cache/bootsnap/compile-cache-iseq/f0/876779104f5df1	     724	       1	application/octet-stream	163a44ac5d3185341c9bd720c7961a80a073f48d
./tmp/cache/bootsnap/compile-cache-iseq/f0/88ca541da81795	   10656	     205	application/octet-stream	ba8549780f7f38619841f7a0af1f55b67bb99380
./tmp/cache/bootsnap/compile-cache-iseq/f0/b7aa7d48e1c99c	    4852	      10	application/octet-stream	285bf545ce940de42e2e6caa61b9f1528f010853
./tmp/cache/bootsnap/compile-cache-iseq/f0/bb681aa6eff3ed	    1540	       1	application/octet-stream	c811bb128b528441143c1432baed5742a6e320dc
./tmp/cache/bootsnap/compile-cache-iseq/f0/e43c7a8f81c231	    2628	       2	application/octet-stream	cae4d4b8bbac4a44b36e1d5d7ffffeb3d80e41cd
./tmp/cache/bootsnap/compile-cache-iseq/f1/2915e63648345e	   14040	     185	application/octet-stream	5f6c3a004cfa6f69347c13a38e42a82c1fba61d7
./tmp/cache/bootsnap/compile-cache-iseq/f1/46b88d6ad87e85	    4336	      31	application/octet-stream	5d802b8778c79cbe240ee32140def30f9e735bfa
./tmp/cache/bootsnap/compile-cache-iseq/f1/5f0cf5e5e67178	    5288	      21	application/octet-stream	677aebe1d6c0bd0b3941871ba6ae7f9329288bf7
./tmp/cache/bootsnap/compile-cache-iseq/f1/737516a351039a	   41828	    1081	application/octet-stream	eba4258dcb7342f4636552422fc0354302dcbb85
./tmp/cache/bootsnap/compile-cache-iseq/f1/7d270e9492d5dd	    7364	      14	application/octet-stream	61186cbe6cae5a17ec664833603a1128eb232dad
./tmp/cache/bootsnap/compile-cache-iseq/f1/9a208dabdaef51	    1116	       0	application/octet-stream	cb5ccbc18126fa2fbee137acec633b56d717a6db
./tmp/cache/bootsnap/compile-cache-iseq/f1/b9f48479997666	    2220	       2	application/octet-stream	a0a2f8a2bb113281bcbd4a39f1280dff2ee55f6d
./tmp/cache/bootsnap/compile-cache-iseq/f1/c997b37c19c525	    1408	       0	application/octet-stream	be601772bc744588c3d379cfc7d31980880227d6
./tmp/cache/bootsnap/compile-cache-iseq/f1/cb1e996d48ee27	   12928	     200	application/octet-stream	34d479dd1e6f4244ca74511340939f0cfa6e9107
./tmp/cache/bootsnap/compile-cache-iseq/f1/d6b331a03d4c9d	   11700	     181	application/octet-stream	2648aa4d1c818f45439089882af3fb91a5d348c3
./tmp/cache/bootsnap/compile-cache-iseq/f1/e6d9b9c81969e0	    3428	      24	application/octet-stream	ed91d7b48dd125887a05f4cf7fcd81cef2611ca1
./tmp/cache/bootsnap/compile-cache-iseq/f2/762e4cc0166ca4	    7116	      14	application/octet-stream	8e7e78a226aa42d5130b41f0dd84e215adaf74a6
./tmp/cache/bootsnap/compile-cache-iseq/f2/ce0b268fc3b91b	   12972	     155	application/octet-stream	08581667b0c7e03577b831f624cc22dd9757fcd9
./tmp/cache/bootsnap/compile-cache-iseq/f2/d3fdcb21ae7a23	   12348	     207	application/octet-stream	7aec009042c2d850330b2c904ffa058e5b8393f2
./tmp/cache/bootsnap/compile-cache-iseq/f2/d70ac83a632fba	   11612	     172	application/octet-stream	335deae043cbcca8a81323be73757b3610d4cec0
./tmp/cache/bootsnap/compile-cache-iseq/f2/d9ce1d07ff8c67	   15504	     210	application/octet-stream	d12b09df93163a2a65fd10c02a22f2e4e8b2a809
./tmp/cache/bootsnap/compile-cache-iseq/f2/e12c8a2d457c6c	    1496	       3	application/octet-stream	f77ad7f9407ff95c39dd005b2eded1e4f05c7d95
./tmp/cache/bootsnap/compile-cache-iseq/f3/00616d5f999e21	   46328	    1226	application/octet-stream	50e558508d08a9507b128c03f3f1cc80f3cbcb0a
./tmp/cache/bootsnap/compile-cache-iseq/f3/0ee2eea54f4f1d	    3112	      16	application/octet-stream	0823b5421ce33777c0d8cae3bedf3de13e914a19
./tmp/cache/bootsnap/compile-cache-iseq/f3/0f030955184e85	    1736	       5	application/octet-stream	1b5bfa4cf3d4bfa138f3e03d6e9389bc9ea14095
./tmp/cache/bootsnap/compile-cache-iseq/f3/0fc856dbad25fd	    1356	       1	application/octet-stream	05e5ce7a7fadd7fe3e1facf7363def9bcf40c679
./tmp/cache/bootsnap/compile-cache-iseq/f3/22b5f6ad5b3bdb	    2128	       1	application/octet-stream	b3ebfd35095d19896fffeaa482bd13b4cffb7f97
./tmp/cache/bootsnap/compile-cache-iseq/f3/2ae841dc99a253	    1412	       0	application/octet-stream	d128a985fc2f0e740fbc42e4ee10e07df11c2bc0
./tmp/cache/bootsnap/compile-cache-iseq/f3/30b0ae0b2b06ea	    9396	     178	application/octet-stream	e93dc4b9f7a4a594615f2971724f5c29ca09296d
./tmp/cache/bootsnap/compile-cache-iseq/f3/4c8a1839ccde71	    2776	       8	application/octet-stream	4583d8f1e62512afeca4a0efd8b5d5f9e5d79566
./tmp/cache/bootsnap/compile-cache-iseq/f3/52e007c3bae880	    4316	      18	application/octet-stream	25e8e50b28184a98f87206d88c6587f37bd9c089
./tmp/cache/bootsnap/compile-cache-iseq/f3/5a9b0c80f4e60a	   24044	     203	application/octet-stream	53ff4e8973b9d581bdbb7f0bcc78322bc62c7501
./tmp/cache/bootsnap/compile-cache-iseq/f3/5b215580854370	    4572	      27	application/octet-stream	72eeca865b9ee0039fe49fdedcc51c461c50c4a2
./tmp/cache/bootsnap/compile-cache-iseq/f3/677b888ff06d9b	   18424	     286	application/octet-stream	3bd9949f0b0a1b0e6bb94ad450f9b1999126212b
./tmp/cache/bootsnap/compile-cache-iseq/f3/7559610ea12544	     516	       0	application/octet-stream	3f5e54dec0805e3e6d55da8a1d17dfa602741c6a
./tmp/cache/bootsnap/compile-cache-iseq/f3/b96e42bfcfc246	     908	       1	application/octet-stream	cb0762191864b8d01da6e4c0e83426b6e4a53291
./tmp/cache/bootsnap/compile-cache-iseq/f4/020b96cf50159e	    4148	      25	application/octet-stream	8743a71bb6ba8f761542e0fc8a1113333dc5029e
./tmp/cache/bootsnap/compile-cache-iseq/f4/1a83fc6d3d58d2	    5032	      12	application/octet-stream	d583af4ac51f9496a0a49d0928b7e0471bb96ea2
./tmp/cache/bootsnap/compile-cache-iseq/f4/3fa2d51a73b435	    2372	       6	application/octet-stream	6ba8459984c92e1ec11bbc279f0bbb7da77607e4
./tmp/cache/bootsnap/compile-cache-iseq/f4/582c7268670adc	    5104	      28	application/octet-stream	1456370bc009e4f2519773e2a4fbb8de5a8c488a
./tmp/cache/bootsnap/compile-cache-iseq/f4/5bfe40a0e24b3f	   31472	     659	application/octet-stream	e15cef7eef602341acccbbe868f9c0249a716eb9
./tmp/cache/bootsnap/compile-cache-iseq/f4/78f08a4728b198	    2672	       9	application/octet-stream	0f3c37c67f4eaa8ab1e73bd952af95711920c7c6
./tmp/cache/bootsnap/compile-cache-iseq/f4/ab3c06d1f0de55	    3836	      10	application/octet-stream	3768a1ab8b15b5a698c843c46879e52d3b00aba2
./tmp/cache/bootsnap/compile-cache-iseq/f4/acbd6409fbb230	     688	       1	application/octet-stream	38bae1e436158d4f4b9d85932da16923feccc14a
./tmp/cache/bootsnap/compile-cache-iseq/f4/b27ef1cae89ccf	     580	       0	application/octet-stream	88aad3c1604b5f52905652039c53edcb9ee48633
./tmp/cache/bootsnap/compile-cache-iseq/f4/baf3878695abb3	    4960	       9	application/octet-stream	cf21ba5d77ba36e237fbf58243e2f1caa681552d
./tmp/cache/bootsnap/compile-cache-iseq/f4/c5ef9adc377f9c	     552	       1	application/octet-stream	5b88f9554fdfb9735f586ffe7dafad50df46ac56
./tmp/cache/bootsnap/compile-cache-iseq/f5/033c5c5b07bcbc	    6304	       7	application/octet-stream	54b4a7d75619a778fc3a34e45c3446d49c533fe5
./tmp/cache/bootsnap/compile-cache-iseq/f5/0e284f085944d8	    1604	       1	application/octet-stream	85f2c818fce508d82a0970b590161d5c3a5fa612
./tmp/cache/bootsnap/compile-cache-iseq/f5/1aa8a0837df168	     420	       0	application/octet-stream	0e674712e1671364df710babf99408d5c03ff02c
./tmp/cache/bootsnap/compile-cache-iseq/f5/452d55fe584022	    2180	       2	application/octet-stream	c0aec99c437940e3653891eaec24366ff50cbfa4
./tmp/cache/bootsnap/compile-cache-iseq/f5/7d27802298d929	    9620	     147	application/octet-stream	7ff963f9826427773f153fcdb7007fa0c94df7f4
./tmp/cache/bootsnap/compile-cache-iseq/f5/9b78570ce351f7	    1708	       1	application/octet-stream	041af33da20913ac3b82c3a557b9c4dd54db8f82
./tmp/cache/bootsnap/compile-cache-iseq/f5/b5fce1bf604752	    1916	       1	application/octet-stream	c82bbe8c1ae6c51e073a7c2c0ed71ce3c0579bba
./tmp/cache/bootsnap/compile-cache-iseq/f5/c2fcbec287b127	    1332	       1	application/octet-stream	bc473d719732a6a00260487f553048b996859827
./tmp/cache/bootsnap/compile-cache-iseq/f5/fe069b2ca954e5	    2480	       2	application/octet-stream	34bbd1772cf0f3986d7070427cf4586a196cfa04
./tmp/cache/bootsnap/compile-cache-iseq/f6/06b60e54a594d9	    1868	       0	application/octet-stream	f634c2ce6da4c1954f3c27fa871b24f57a5e7c9a
./tmp/cache/bootsnap/compile-cache-iseq/f6/13ca1fb203b9c4	    5508	      12	application/octet-stream	b0494d360fce1878714ee3841db3dea54042bae2
./tmp/cache/bootsnap/compile-cache-iseq/f6/19b8dc1fd4385b	    3168	      22	application/octet-stream	f7ecae8db4b73fcf8be94059f3341474c0a75f0e
./tmp/cache/bootsnap/compile-cache-iseq/f6/1e918d05736304	    1428	       1	application/octet-stream	5c127b9b10609abed4bf3b31b4d9c827aaf9eae2
./tmp/cache/bootsnap/compile-cache-iseq/f6/325cb6f62038b4	    2088	       1	application/octet-stream	9b0eae8f1abbbf0a9145b257698af7c6ac6ecaad
./tmp/cache/bootsnap/compile-cache-iseq/f6/43b4a2f8b15b0d	   15328	     469	application/octet-stream	e785b4c783f7a362480c424d16478bf905922798
./tmp/cache/bootsnap/compile-cache-iseq/f6/595898a3bbe8d7	    4244	      15	application/octet-stream	8ae6728b5053d1e75bee14097a9f0c9329b34f9b
./tmp/cache/bootsnap/compile-cache-iseq/f6/5b0123c061c2a0	    1472	       2	application/octet-stream	722c0d0e31352d8bf9b9a5fb4200a9664aef808c
./tmp/cache/bootsnap/compile-cache-iseq/f6/91d110f34f9e68	     464	       0	application/octet-stream	743630eabeabb63cad9149f66dd02e1442a06416
./tmp/cache/bootsnap/compile-cache-iseq/f6/b048805868e6c9	    3196	      25	application/octet-stream	61e347f01b05e850f0936c17d4f11733c23c173e
./tmp/cache/bootsnap/compile-cache-iseq/f6/cb0604c98b8961	    9672	      33	application/octet-stream	947509fe749fc1a5f521f11e5365b26b8ad93784
./tmp/cache/bootsnap/compile-cache-iseq/f6/cb7ebe8c439492	    1628	       0	application/octet-stream	20138c77388450411e6e8b4790547105ae58ef10
./tmp/cache/bootsnap/compile-cache-iseq/f6/dc946a41dbc108	   11708	     170	application/octet-stream	d56d77fdfc07f4673bd076c905bd3552a22d231e
./tmp/cache/bootsnap/compile-cache-iseq/f7/13bfd162a173c8	    1172	       1	application/octet-stream	94d8597aeb49e50cca6b80b9f10bfff9981caa42
./tmp/cache/bootsnap/compile-cache-iseq/f7/1b00d383177661	    1576	       0	application/octet-stream	25596935bc4e860a0252653be0ce268c5d2b32aa
./tmp/cache/bootsnap/compile-cache-iseq/f7/1bf32d04dbe92c	    1824	       1	application/octet-stream	9b11459a8762999d77553db7097334c1ff80d838
./tmp/cache/bootsnap/compile-cache-iseq/f7/2b496019c3b143	    1100	       0	application/octet-stream	ddd3a3e01326a27a8f32be0fbff18df2de6b0c97
./tmp/cache/bootsnap/compile-cache-iseq/f7/2c0380e2c36a8b	     660	       1	application/octet-stream	c51a4eac2f7dab91fa52a1b61266d773575c489f
./tmp/cache/bootsnap/compile-cache-iseq/f7/4f6b2f3f2d79b8	     704	       0	application/octet-stream	e07fb0aec19c44fd290ec1f45368a83f3cbc8fbd
./tmp/cache/bootsnap/compile-cache-iseq/f7/6b6c0bc6cbc796	    1700	       0	application/octet-stream	4bf6c9b257ec3b21ebf3925b6ac5fec7ea3ff9a6
./tmp/cache/bootsnap/compile-cache-iseq/f7/7df5e387571478	    3576	      29	application/octet-stream	6097322e65a31aa0667a872a9803279c16b58c0e
./tmp/cache/bootsnap/compile-cache-iseq/f7/8eba669b52ef94	     672	       0	application/octet-stream	55ecf3dcbd1f71c20ce38c9ad867a4049c09d6c8
./tmp/cache/bootsnap/compile-cache-iseq/f7/cc10502f5e1f63	     804	       0	application/octet-stream	57e530bb02675899134cda38a14da836d627106d
./tmp/cache/bootsnap/compile-cache-iseq/f7/d2a03eb5014bc0	    2128	       3	application/octet-stream	5f8b370bf093f02480720119ee10e282e33eaa13
./tmp/cache/bootsnap/compile-cache-iseq/f7/d4fbf29a162e30	    3376	      23	application/octet-stream	5d80235872f43ab6ae6250e14d8d13caabc43470
./tmp/cache/bootsnap/compile-cache-iseq/f7/dc382779e2a317	    2992	      22	application/octet-stream	343a7630563bbe2a471b344248c6aab05cc9718d
./tmp/cache/bootsnap/compile-cache-iseq/f8/03c392ec2dc1d2	    9148	      18	application/octet-stream	ec927370c44eb1dcd63e89733e35c99afe3c6def
./tmp/cache/bootsnap/compile-cache-iseq/f8/3dc81afb9dfbec	    1728	       0	application/octet-stream	11a1cc65950864e6cabfa0b9ebe8fd8db950534c
./tmp/cache/bootsnap/compile-cache-iseq/f8/430837c9ed5437	    5304	       8	application/octet-stream	f61d1d1d78b8923b55cf8132053674a6b2ec05f9
./tmp/cache/bootsnap/compile-cache-iseq/f8/58536b5ec10692	    1740	       1	application/octet-stream	4b2c4e766c5ca449c63b7b27714d5e099bf69135
./tmp/cache/bootsnap/compile-cache-iseq/f8/b250e70b835b9e	     640	       1	application/octet-stream	87cb601bb1f60ace1a78562914b615c071f6d04f
./tmp/cache/bootsnap/compile-cache-iseq/f8/d2be7adbd532c4	    3816	      19	application/octet-stream	db2ac48667f9c59f500f027c630375b8774e477e
./tmp/cache/bootsnap/compile-cache-iseq/f8/f414df072cf8c3	    2084	       4	application/octet-stream	a7f7f23a0e1009ddbca508a9afe76ad1879bca12
./tmp/cache/bootsnap/compile-cache-iseq/f9/056f34b0429606	    5524	       8	application/octet-stream	63406dd19d8194134fd95f8a830457c845d173a1
./tmp/cache/bootsnap/compile-cache-iseq/f9/0894f4b8d9e9d3	    3992	       8	application/octet-stream	49f28171669e2504c4a4bd8c47a292ba0bebb9d2
./tmp/cache/bootsnap/compile-cache-iseq/f9/0a464315be7188	    1948	       0	application/octet-stream	f8bb57e93de1643252deb81a403224888ef0d35a
./tmp/cache/bootsnap/compile-cache-iseq/f9/0aef2e5b75c393	    1148	       1	application/octet-stream	ca88a49e61fc0c5a7e51531387dee5088e594e8d
./tmp/cache/bootsnap/compile-cache-iseq/f9/1f6880d700eb89	    1136	       0	application/octet-stream	90384f7b6e3dc71698b09235587345580921c950
./tmp/cache/bootsnap/compile-cache-iseq/f9/20a74a136e7403	    4088	      17	application/octet-stream	b538fd13047ad08874addb9c70e7f9e624572be4
./tmp/cache/bootsnap/compile-cache-iseq/f9/490277e120f742	    1084	       0	application/octet-stream	637a6b1b790ed106bde63d4622fc90342b04bfce
./tmp/cache/bootsnap/compile-cache-iseq/f9/a23d53245c4e69	    2960	      12	application/octet-stream	278845c7aae597ac10a165d821c5b088fba6314c
./tmp/cache/bootsnap/compile-cache-iseq/f9/fa717826f1f123	   17248	     201	application/octet-stream	0400d2532dd3c7d954362e92c6bd8d83646d8ce9
./tmp/cache/bootsnap/compile-cache-iseq/fa/1eb88b2a9b5c94	    1668	       0	application/octet-stream	bfc4d8a65ae480e510f3fe2b633d6dcbc2f5f2da
./tmp/cache/bootsnap/compile-cache-iseq/fa/242a50a7bb2d8f	    3552	      14	application/octet-stream	a6e1283eef1d8ddd9e7d4e0a5f48cf1ba1b2b0d5
./tmp/cache/bootsnap/compile-cache-iseq/fa/3e0008ab1ac7f8	     764	       0	application/octet-stream	f12298f819664a84d70ef1c7666e9e705b4dca8f
./tmp/cache/bootsnap/compile-cache-iseq/fa/44b129c2caec9b	    1256	       1	application/octet-stream	fa12290fabd5e087d301eb7733a7f5014cf10ee6
./tmp/cache/bootsnap/compile-cache-iseq/fa/8a3e72eb6ee3bc	    3312	      24	application/octet-stream	c6d2a3ef7ff65f950621370e161926bc80ff12dd
./tmp/cache/bootsnap/compile-cache-iseq/fa/9eac13a94b2bc3	   15764	     176	application/octet-stream	e2408e2615767b2abd800bde228473b8a58aec98
./tmp/cache/bootsnap/compile-cache-iseq/fa/a7268a5c729ec7	    2468	       1	application/octet-stream	c0f1344f2e8fe9e0fe4c76ab9ffd5739841d6572
./tmp/cache/bootsnap/compile-cache-iseq/fa/a9eca386de88bf	    4436	      20	application/octet-stream	7ad257b657e91165b957347ebf09e81c6fd46a0a
./tmp/cache/bootsnap/compile-cache-iseq/fa/acdbbef3eba23c	    1340	       0	application/octet-stream	fa46594a330d1e65bd1a0b22170bb961847c3794
./tmp/cache/bootsnap/compile-cache-iseq/fa/b27e4df58b346d	    5812	       4	application/octet-stream	b2e3a84aa228207d057a8e7a370971066bc5c164
./tmp/cache/bootsnap/compile-cache-iseq/fa/b6a53b72a1e041	    4380	      19	application/octet-stream	104b19fd8363fd4909c5a19e34f460fd708cbd04
./tmp/cache/bootsnap/compile-cache-iseq/fa/cc35736972a478	    1080	       0	application/octet-stream	b607f047b41befe40404b0cb90ea3915e1c7fb63
./tmp/cache/bootsnap/compile-cache-iseq/fa/ebb3d82357f36f	    1608	       0	application/octet-stream	dbe8ae9ef415a0f19e3c1dddc30e7963b49b8f93
./tmp/cache/bootsnap/compile-cache-iseq/fb/5301a8ea586db9	   21756	     227	application/octet-stream	e975354d2ffb5831084a35b4c0657f3249d1a630
./tmp/cache/bootsnap/compile-cache-iseq/fb/5e00cfd964fc38	    6620	       1	application/octet-stream	b61edbda03529266f80a60cc5949e1c063e9bfb6
./tmp/cache/bootsnap/compile-cache-iseq/fb/9817b58f0b2ccc	    2268	       0	application/octet-stream	57491b2c14175623fb76dd30e1082a63893cb68c
./tmp/cache/bootsnap/compile-cache-iseq/fb/b7f03ea13693be	    2140	       3	application/octet-stream	947e5869be2f51e2bedb6b79db372080819c2b67
./tmp/cache/bootsnap/compile-cache-iseq/fb/bd05a940bccc2b	    5684	       7	application/octet-stream	a4d457d24829e84e82cdb73e39e4a32a0c6a1b7e
./tmp/cache/bootsnap/compile-cache-iseq/fb/e9592be6e9475c	   11520	     170	application/octet-stream	998abf06224bb67d7cab721437ecac4eaf590052
./tmp/cache/bootsnap/compile-cache-iseq/fb/ecf9a020162c5e	    5812	      10	application/octet-stream	620a2dfe50a496290a3881db809e84134ba5851f
./tmp/cache/bootsnap/compile-cache-iseq/fc/12473ec6867fdb	    8520	       7	application/octet-stream	58383b48a65237cfc1cf1385c7fca468190f65f9
./tmp/cache/bootsnap/compile-cache-iseq/fc/1294966450419c	     900	       0	application/octet-stream	1cc6c9687bab0bd9b2d6d70ba44c23953970dade
./tmp/cache/bootsnap/compile-cache-iseq/fc/1df13fac734c0c	    4516	       7	application/octet-stream	9575dddbe245d1828c3fdf4384f783b16c188bc1
./tmp/cache/bootsnap/compile-cache-iseq/fc/39630ada532ad8	    8112	      23	application/octet-stream	eae04dca4802ccbee96230fb148e01ae835d26c6
./tmp/cache/bootsnap/compile-cache-iseq/fc/59232325752c76	    1220	       4	application/octet-stream	b0ee046d85005aac71b6bf6cdc4dc5d820ddcd44
./tmp/cache/bootsnap/compile-cache-iseq/fc/5f6a0391f5d3a7	    1900	       0	application/octet-stream	81841b98d16bea4c5201cc348f80be10fca4f99a
./tmp/cache/bootsnap/compile-cache-iseq/fc/64ae9bdc6bd57f	     752	       0	application/octet-stream	d4e7339fbc3b2214f7698bd6a9921dd9da1b71c0
./tmp/cache/bootsnap/compile-cache-iseq/fc/73475c6f929d43	     540	       1	application/octet-stream	2843db90ac7808a0d306687f3fe0ded2d7a16eda
./tmp/cache/bootsnap/compile-cache-iseq/fc/7ca4b495fb245a	    2948	       7	application/octet-stream	eaf15fbe310cf10e3c9dc166777ea51b1544ccc2
./tmp/cache/bootsnap/compile-cache-iseq/fc/8e3b80ae417857	   28872	     543	application/octet-stream	1d88cd3006a8e469fef1ea2090d74399dfee2cbc
./tmp/cache/bootsnap/compile-cache-iseq/fc/c2e2fa5470f1b0	    3464	      21	application/octet-stream	63454d01f35b2ece87f70983966c82c534c8b5c3
./tmp/cache/bootsnap/compile-cache-iseq/fc/d33403892fc9fe	    5696	       7	application/octet-stream	70d913dd33042293100c0c3a990617da17283274
./tmp/cache/bootsnap/compile-cache-iseq/fd/2a29cba9dc9099	     664	       0	application/octet-stream	fcd9a2cb4dbd2b90a84769ddb9ad35ad90e8aec7
./tmp/cache/bootsnap/compile-cache-iseq/fd/7b03063f46a650	    1420	       1	application/octet-stream	f524fb688cfb675100d43d3a5507b6c44be0ae2d
./tmp/cache/bootsnap/compile-cache-iseq/fd/83482bf83997cb	    1272	       0	application/octet-stream	e1c6220627668cf409463f742850f91783957d36
./tmp/cache/bootsnap/compile-cache-iseq/fd/a9276d212645a7	   11608	      97	application/octet-stream	bd274d17709fa9c84f389836b27f6546f81a2616
./tmp/cache/bootsnap/compile-cache-iseq/fd/d04e71369fea3e	    2084	       0	application/octet-stream	4922a7702f076902f0e54d89318f13fd2451c383
./tmp/cache/bootsnap/compile-cache-iseq/fd/e4cc2c53dca57c	    3420	      15	application/octet-stream	791f138b6cea0b24437fff038a6465e3d7abc4dc
./tmp/cache/bootsnap/compile-cache-iseq/fd/e741a3674eae8e	     876	       0	application/octet-stream	d6c1c5c7ce881fb6871ae6f55791ac75b4db18e1
./tmp/cache/bootsnap/compile-cache-iseq/fd/f05a588a066c02	    3644	      23	application/octet-stream	96dc49d3a21e2db7316b0990c0c5a7657ce76fc1
./tmp/cache/bootsnap/compile-cache-iseq/fd/f4522f40ffafb9	    3980	      15	application/octet-stream	c50da9a78bea9aa69434897d44965d7163b4886c
./tmp/cache/bootsnap/compile-cache-iseq/fe/78d76e8deb55c0	    8240	      62	application/octet-stream	fdff6072ac071c9786eabba31278c09ecc9b4342
./tmp/cache/bootsnap/compile-cache-iseq/fe/b278191f494ba2	    6904	      13	application/octet-stream	3362404b7c5cb8d8cbc65b16e78d58266331bf43
./tmp/cache/bootsnap/compile-cache-iseq/fe/b790adb2e27f7a	   12092	     196	application/octet-stream	87a027f569e929471b1df1501c33e68389d26f27
./tmp/cache/bootsnap/compile-cache-iseq/fe/c466c5513c3218	     704	       0	application/octet-stream	ee9d3faa2a20739a92f1533991debec03e821ae9
./tmp/cache/bootsnap/compile-cache-iseq/fe/ccc1307e2339d9	     680	       1	application/octet-stream	9b6ecd62989cace1e73f7a57813cef30fd399d9d
./tmp/cache/bootsnap/compile-cache-iseq/fe/deb0c32d43765c	    5868	       3	application/octet-stream	fa34596e999a9d804857b6516375e2d57ec0b784
./tmp/cache/bootsnap/compile-cache-iseq/fe/eb97377e949fd6	     696	       1	application/octet-stream	8237a21a7173e5a3497811aa5cb8a91673329a8f
./tmp/cache/bootsnap/compile-cache-iseq/ff/1885f37b7803f4	     696	       1	application/octet-stream	08aa5db056b09965bad3a2240868c194e25c229d
./tmp/cache/bootsnap/compile-cache-iseq/ff/2c08479bfffce9	    1704	       0	application/octet-stream	939d505128c0078b343d540eeb8b7cac10392e74
./tmp/cache/bootsnap/compile-cache-iseq/ff/4d41c4e9faafeb	     908	       0	application/octet-stream	ddb8b97d412c1cca6bb8ca9bd34387f7eb81acaa
./tmp/cache/bootsnap/compile-cache-iseq/ff/5b269b538866c6	    1076	       0	application/octet-stream	6d945a809a6d055d5c311f58880dc7ef79687a05
./tmp/cache/bootsnap/compile-cache-iseq/ff/642d15d73b89e3	     776	       1	application/octet-stream	9aa114ef933b0bc5db2caa5512df30c26b6aae82
./tmp/cache/bootsnap/compile-cache-iseq/ff/6f8de66db6773f	    9372	      22	application/octet-stream	16dbbc01085787a4825127acee65de8e1157c866
./tmp/cache/bootsnap/compile-cache-iseq/ff/706296555c3938	    8280	      58	application/octet-stream	802420d62dca14851775900b8a5607ac78c1a02a
./tmp/cache/bootsnap/compile-cache-iseq/ff/7bf09d261fd334	    1316	       0	application/octet-stream	20da95b5b4f634722cea9d89ee9b29850d6da4d7
./tmp/cache/bootsnap/compile-cache-iseq/ff/e61a323d10cd8b	    2272	       0	application/octet-stream	3afc2550836c8b2078a6783f3b4b03be3555de31
./tmp/cache/bootsnap/compile-cache-yaml/0d/4c72da0c4b3f04	     991	       0	application/octet-stream	88526bd531785abe51ea12af7e79e3276ce68ecd
./tmp/cache/bootsnap/compile-cache-yaml/26/699d9c6c7d98f6	    1247	       0	application/octet-stream	a024766846ba2eb7d691869647e652c5dcb4d205
./tmp/cache/bootsnap/compile-cache-yaml/3a/f307305fe062e6	     104	       0	application/octet-stream	62d0433a501f5b9521346ac113aff26e75d2fb96
./tmp/cache/bootsnap/compile-cache-yaml/4b/8f78b7d2afbb0d	     234	       0	application/octet-stream	6545d8db69808783eb60f81730077e5d2d89f2da
./tmp/cache/bootsnap/compile-cache-yaml/4c/8cec26070b23b1	     360	       0	application/octet-stream	4fd481163c7afa4cf1d5357ccda223382bad9725
./tmp/cache/bootsnap/compile-cache-yaml/6e/a712433c8c0660	     373	       0	application/octet-stream	c6bb7a9a858342b255989bb5933cce1862a0b435
./tmp/cache/bootsnap/compile-cache-yaml/85/9836e5e729a477	      70	       0	application/octet-stream	b5309d3b291bf798fdfee40193771e252d2975dc
./tmp/cache/bootsnap/compile-cache-yaml/a7/24a204ed68d227	     202	       0	application/octet-stream	fc781190930b0cc60a701a13665d2a350a0c1702
./tmp/cache/bootsnap/compile-cache-yaml/cf/d279e0e0b0f19a	    1140	       0	application/octet-stream	67898d43bd679ec9d7fd26194b28fb48e47aa93d
./tmp/cache/bootsnap/compile-cache-yaml/d7/7e8c2697abd0a4	     593	       8	application/octet-stream	2d9884725a827dded72add514f1f22ea81c74dd8
./tmp/cache/bootsnap/load-path-cache	  261848	       0	application/octet-stream	c2a8adfd003e07ba7231d2e83372cb05681a81cf
./tmp/local_secret.txt	     128	       0	text/plain	20c9589c923511e57c67b60aef6ce481c72c601c
./tmp/pids/.keep	       0	       0	inode/x-empty	da39a3ee5e6b4b0d3255bfef95601890afd80709
./tmp/pids/server.pid	       5	       0	text/plain	234374502bb397f1453fe5f575f558ed309f511e
./tmp/restart.txt	       0	       0	inode/x-empty	da39a3ee5e6b4b0d3255bfef95601890afd80709
./tmp/screenshots/failures_test_empty_list_keeps_a_dragover-catching_area_so_drops_remain_possible.png	    7758	       7	image/png	a08bb811fde23745d39fd7d148988035d2858c7a
./tmp/screenshots/failures_test_enter_blank_on_existing_row_reverts-_enter_or_escape_blank_on_new_rows_deletes.png	    9826	      14	image/png	d03749b1eab3dd6b740f8462cb59b1a1e910ef6e
./tmp/screenshots/failures_test_settings_content_window_opens_from_app_toggle.png	    7562	       4	image/png	f5057b86a6f11e94c93142b6ce6c2b54daaf56b1
./tmp/storage/.keep	       0	       0	inode/x-empty	da39a3ee5e6b4b0d3255bfef95601890afd80709
./vendor/.keep	       0	       0	inode/x-empty	da39a3ee5e6b4b0d3255bfef95601890afd80709
./vendor/javascript/.keep	       0	       0	inode/x-empty	da39a3ee5e6b4b0d3255bfef95601890afd80709
